{
    "articles": {
        "count": 47,
        "page": 1,
        "pages": 1,
        "results": [
            {
                "body": "The dollar took a breather, with the yen attempting a rebound, as traders looked ahead to this week's U.S. jobs report and other events that could disrupt the greenback's surge. Asian index futures were mixed.\n\nBoth the yen and the euro climbed at least 0.1 percent versus the dollar in early Monday ...",
                "date": "2016-11-27",
                "id": "13446557",
                "isDuplicate": false,
                "lang": "eng",
                "sim": 0,
                "source": {
                    "id": "1749",
                    "title": "Bloomberg Business",
                    "uri": "www.bloomberg.com"
                },
                "time": "23:39:00",
                "title": "Dollar Pulls Back Amid Yen Gains as Asian Index Futures Diverge",
                "uri": "555002546",
                "url": "https://www.bloomberg.com/news/articles/2016-11-27/dollar-pulls-back-amid-yen-gains-as-asian-index-futures-diverge",
                "wgt": 1
            },
            {
                "body": "Chen Qin says air travel is linked to big city property prices\n\nAs China shifts away from the old smokestack industries that powered its economic rise, the new pillars of consumers and services are more important than ever.\n\nThey're also trickier to measure than the straightforward old drivers like ...",
                "date": "2016-11-27",
                "id": "13445689",
                "isDuplicate": false,
                "lang": "eng",
                "sim": 0,
                "source": {
                    "id": "1749",
                    "title": "Bloomberg Business",
                    "uri": "www.bloomberg.com"
                },
                "time": "23:32:00",
                "title": "China 'Data King' Tracks New Economy With Index",
                "uri": "555000712",
                "url": "http://www.bloomberg.com/news/articles/2016-11-27/china-data-king-tracks-new-economy-with-index-premier-li-likes",
                "wgt": 1
            },
            {
                "body": "09:50 - Bloomberg Surveillance hosted by Tom Keene and Francine Lacqua. Guests include Rupert Harrison, chief macro strategist at BlackRock Multi-Asset Strategies, U.K. Treasury Select Committee Member Stephen Hammond, Howard Ward, chief investment officer of growth at Gabelli Funds, and Harm ...",
                "date": "2016-11-27",
                "id": "13442826",
                "isDuplicate": false,
                "lang": "eng",
                "sim": 0,
                "source": {
                    "id": "1749",
                    "title": "Bloomberg Business",
                    "uri": "www.bloomberg.com"
                },
                "time": "23:10:00",
                "title": "Turkish Lira Resumes Declines After Rate Cut",
                "uri": "554993438",
                "url": "http://www.bloomberg.com/news/videos/2016-11-27/turkish-lira-resumes-declines-after-rate-cut",
                "wgt": 1
            },
            {
                "body": "Hong Kong investors will be able to trade on the Shenzhen Stock Exchange from next week, ending a wait of more than two years for China to open a second equity trading link between the mainland and the city.\n\nThe next step in China's efforts to open up its market starts on Dec. 5, with the ...",
                "date": "2016-11-27",
                "id": "13439838",
                "isDuplicate": false,
                "lang": "eng",
                "sim": 0.8274509906768799,
                "source": {
                    "id": "1749",
                    "title": "Bloomberg Business",
                    "uri": "www.bloomberg.com"
                },
                "time": "22:45:00",
                "title": "Hong Kong Investors' Two-Year Wait to Trade in Shenzhen Is Over",
                "uri": "554985717",
                "url": "https://www.bloomberg.com/news/articles/2016-11-27/hong-kong-investors-two-year-wait-to-trade-in-shenzhen-is-over",
                "wgt": 1
            },
            {
                "body": "China's zombie companies can rest easy. It's a shame the same can't be said for investors in the nation's banks.\n\nThe big five lenders, starting with Agricultural Bank of China Ltd., plan to set up bad banks that will convert soured debt to equity.\n\nAgricultural Bank, Industrial & Commercial Bank of ...",
                "date": "2016-11-27",
                "id": "13439831",
                "isDuplicate": false,
                "lang": "eng",
                "sim": 0,
                "source": {
                    "id": "1749",
                    "title": "Bloomberg Business",
                    "uri": "www.bloomberg.com"
                },
                "time": "22:45:00",
                "title": "China's Bad Banks Are Good for Zombies, Not Investors",
                "uri": "554985713",
                "url": "https://www.bloomberg.com/gadfly/articles/2016-11-27/china-s-bad-banks-serve-zombies-not-investors",
                "wgt": 1
            },
            {
                "body": "Wood Mackenzie sees 600 fields needing decommissioning in Asia\n\nLow crude prices that have been hammering oilfield service companies for the past two years might be ready to give a little back.\n\nSinopec Oilfield Service Corp., Keppel Corp. Ltd. and others will have a chance to fight for $1 billion a ...",
                "date": "2016-11-27",
                "id": "13438662",
                "isDuplicate": false,
                "lang": "eng",
                "sim": 0,
                "source": {
                    "id": "1749",
                    "title": "Bloomberg Business",
                    "uri": "www.bloomberg.com"
                },
                "time": "22:34:00",
                "title": "Low Oil Prices Create a $1 Billion Business Killing Aging Fields",
                "uri": "554982619",
                "url": "https://www.bloomberg.com/news/articles/2016-11-27/low-oil-prices-create-a-1-billion-business-killing-aging-fields",
                "wgt": 1
            },
            {
                "body": "Jiayuguan was once the tangible edge of Chinese civilization -- where the Great Wall ends and the desolation of the Gobi Desert begins.\n\nNow, four hours beyond those limits in a locked-down location along the Ruoshui River, China has built a gateway to the new final frontier.\n\nJiuquan Satellite ...",
                "date": "2016-11-27",
                "id": "13437516",
                "isDuplicate": false,
                "lang": "eng",
                "sim": 0,
                "source": {
                    "id": "1749",
                    "title": "Bloomberg Business",
                    "uri": "www.bloomberg.com"
                },
                "time": "22:22:00",
                "title": "This remote military base is where China blasts humans into space",
                "uri": "554979068",
                "url": "https://www.bloomberg.com/graphics/2016-asia-space-race/chinasidebar.html",
                "wgt": 1
            },
            {
                "body": "Patience frays as currency queues stretch into a fourth week\n\nThe most ardent supporters of Prime Minister Narendra Modi's surprise currency withdrawal are those you'd least expect: India's rural poor, who are suffering the most with the prolonged cash shortages.\n\nBut the backing of many from ...",
                "date": "2016-11-27",
                "id": "13436279",
                "isDuplicate": false,
                "lang": "eng",
                "sim": 0.9843137264251709,
                "source": {
                    "id": "1749",
                    "title": "Bloomberg Business",
                    "uri": "www.bloomberg.com"
                },
                "time": "22:12:00",
                "title": "Modi's Rural Supporters May Not Hang On Much Longer",
                "uri": "554976129",
                "url": "http://www.bloomberg.com/news/articles/2016-11-27/india-s-poor-endure-more-cash-pain-as-modi-risks-voter-backlash",
                "wgt": 1
            },
            {
                "body": "Travel between Asian airports dominated world rankings of the busiest international flight routes last year, led by Hong Kong-Taipei with 5.1 million passengers, according to the International Air Transport Association. An increase in budget carriers and economic growth in Asia have made air travel ...",
                "date": "2016-11-27",
                "id": "13435228",
                "isDuplicate": false,
                "lang": "eng",
                "sim": 0,
                "source": {
                    "id": "1749",
                    "title": "Bloomberg Business",
                    "uri": "www.bloomberg.com"
                },
                "time": "22:05:00",
                "title": "Hong Kong, Singapore Lead Global Routes for Air Travel: Chart",
                "uri": "554973549",
                "url": "http://www.bloomberg.com/news/articles/2016-11-27/hong-kong-singapore-lead-global-routes-for-air-travel-chart",
                "wgt": 1
            },
            {
                "body": "Nagisa Hirai was an active child who loved playing soccer with the boys. But that early happiness dissipated on her first day at elementary school when she became frightened after being unable to find her classroom.\n\nOver time, she became a \"hikikomori,\" a Japanese term used to describe the more ...",
                "date": "2016-11-27",
                "id": "13434154",
                "isDuplicate": false,
                "lang": "eng",
                "sim": 0,
                "source": {
                    "id": "1749",
                    "title": "Bloomberg Business",
                    "uri": "www.bloomberg.com"
                },
                "time": "21:55:00",
                "title": "Why Half a Million Young Japanese Can't Face School or Work",
                "uri": "554970612",
                "url": "https://www.bloomberg.com/news/articles/2016-11-27/why-half-a-million-young-japanese-can-t-face-school-or-work",
                "wgt": 1
            },
            {
                "body": "GIC Pte has hired a big data expert as it expands computer-driven investments through a quantitative group started earlier this year.\n\nThe Singapore sovereign wealth fund appointed Michael Recce in the newly created role of chief data scientist last month to work in the GIC Data and Analytics ...",
                "date": "2016-11-27",
                "id": "13433829",
                "isDuplicate": false,
                "lang": "eng",
                "sim": 0.7921568751335144,
                "source": {
                    "id": "1749",
                    "title": "Bloomberg Business",
                    "uri": "www.bloomberg.com"
                },
                "time": "21:53:00",
                "title": "Singapore's GIC Hires Big Data Expert",
                "uri": "554969707",
                "url": "https://www.bloomberg.com/news/articles/2016-11-27/singapore-s-gic-hires-big-data-expert-in-quant-strategy-push",
                "wgt": 1
            },
            {
                "body": "President-elect Donald Trump said that he won the popular vote in the Nov. 8 election if people who voted illegally are excluded from the totals.\n\n\"In addition to winning the Electoral College in a landslide, I won the popular vote if you deduct the millions of people who voted illegally,\" Trump ...",
                "date": "2016-11-27",
                "id": "13433824",
                "isDuplicate": false,
                "lang": "eng",
                "sim": 0.4274509847164154,
                "source": {
                    "id": "1749",
                    "title": "Bloomberg Business",
                    "uri": "www.bloomberg.com"
                },
                "time": "21:53:00",
                "title": "Trump, Suggesting Voter Fraud, Says He Won the Popular Vote",
                "uri": "554969710",
                "url": "http://www.bloomberg.com/news/articles/2016-11-27/trump-suggesting-voter-fraud-says-he-won-the-popular-vote",
                "wgt": 1
            },
            {
                "body": "Francois Fillon won the presidential nomination of France's Republicans, as voters on the right opted for a candidate promising tougher economic reforms and unabashedly embracing traditional values to lead the party back to power in 2017.\n\nWith about half the vote counted and Fillon holding almost ...",
                "date": "2016-11-27",
                "id": "13430044",
                "isDuplicate": false,
                "lang": "eng",
                "sim": 0.6352941393852234,
                "source": {
                    "id": "1749",
                    "title": "Bloomberg Business",
                    "uri": "www.bloomberg.com"
                },
                "time": "21:20:00",
                "title": "Francois Fillon Wins French Republican Presidential Nomination",
                "uri": "554959341",
                "url": "http://www.bloomberg.com/news/articles/2016-11-27/francois-fillon-wins-french-republican-presidential-nomination",
                "wgt": 1
            },
            {
                "body": "President-elect has stepped back from some campaign pledges\n\nA top aide to President-elect Donald Trump said Mitt Romney, a potential choice for the job of secretary of state, faces a groundswell of opposition as some of Trump's loyalists become more explicit with their criticism of the former ...",
                "date": "2016-11-27",
                "id": "13404289",
                "isDuplicate": false,
                "lang": "eng",
                "sim": 0.7215686440467834,
                "source": {
                    "id": "1749",
                    "title": "Bloomberg Business",
                    "uri": "www.bloomberg.com"
                },
                "time": "17:59:00",
                "title": "Trump Aide Conway Says Opposition to Mitt Romney 'Breathtaking'",
                "uri": "554886781",
                "url": "http://www.bloomberg.com/politics/articles/2016-11-27/trump-aide-conway-says-opposition-to-mitt-romney-breathtaking",
                "wgt": 1
            },
            {
                "body": "Move is latest sign of selective tightening to temper leverage\n\nWithout a policy announcement, China's central bank has effectively tightened monetary conditions in recent weeks, an analysis of its transactions shows.\n\nThe People's Bank of China has cut back on seven-day open-market operations and ...",
                "date": "2016-11-27",
                "id": "13398229",
                "isDuplicate": false,
                "lang": "eng",
                "sim": 0,
                "source": {
                    "id": "1749",
                    "title": "Bloomberg Business",
                    "uri": "www.bloomberg.com"
                },
                "time": "17:14:00",
                "title": "China Has Quietly Hiked Borrowing Costs Through PBOC Operations",
                "uri": "554871715",
                "url": "https://www.bloomberg.com/news/articles/2016-11-27/china-has-quietly-hiked-borrowing-costs-through-pboc-operations",
                "wgt": 1
            },
            {
                "body": "Investors rush to buy Shenzhen IPOs after they start trading\n\nTo have a shot at the global stock market's closest thing to a guaranteed windfall, you're going to need a really accurate clock.\n\nBecause with this trade, success has nothing to do with corporate fundamentals or technical patterns. It's ...",
                "date": "2016-11-27",
                "id": "13393639",
                "isDuplicate": false,
                "lang": "eng",
                "sim": 0.5215686559677124,
                "source": {
                    "id": "1749",
                    "title": "Bloomberg Business",
                    "uri": "www.bloomberg.com"
                },
                "time": "16:43:00",
                "title": "World's Most Reliable Stock Trade Sparks Race for 360% Returns",
                "uri": "554859996",
                "url": "https://www.bloomberg.com/news/articles/2016-11-27/world-s-most-reliable-stock-trade-sparks-race-for-360-returns",
                "wgt": 1
            },
            {
                "body": "Scouring web allows firms to assess flaky official statistics\n\nWu Haishan was at Princeton University studying how schools of fish swim together when the crowd behavior of a much bigger group grabbed his attention: 1.35 billion fellow Chinese.\n\nIt was Lunar New Year back home in 2014, and Baidu ...",
                "date": "2016-11-27",
                "id": "13393626",
                "isDuplicate": false,
                "lang": "eng",
                "sim": 0,
                "source": {
                    "id": "1749",
                    "title": "Bloomberg Business",
                    "uri": "www.bloomberg.com"
                },
                "time": "16:43:00",
                "title": "Six Billion Web Searches Bring China's Economy Into Focus",
                "uri": "554860003",
                "url": "https://www.bloomberg.com/news/articles/2016-11-27/china-big-data-gurus-crunch-6-billion-searches-to-predict-future",
                "wgt": 1
            },
            {
                "body": "In China, money flow is tightly controlled and capital markets are relatively underdeveloped, meaning the economy works like squeezing a balloon.\n\nYou press it in one place, and it bulges in another. Policy-maker moves to cool one expansion only serve to inflate another.\n\nNow that \"gyration of ...",
                "date": "2016-11-27",
                "id": "13393643",
                "isDuplicate": false,
                "lang": "eng",
                "sim": 0,
                "source": {
                    "id": "1749",
                    "title": "Bloomberg Business",
                    "uri": "www.bloomberg.com"
                },
                "time": "16:43:00",
                "title": "China's Ball of Money Is Rolling Back to Commodities",
                "uri": "554860007",
                "url": "https://www.bloomberg.com/news/articles/2016-11-27/these-charts-show-how-china-s-ball-of-money-is-rolling-back-to-commodities",
                "wgt": 1
            },
            {
                "body": "CEO nuturing R&D projects rather than just buying businesses\n\nRoyal Philips NV plans to roll out software designed to help doctors improve the diagnoses of diseases such as cancer as it challenges General Electric Co. and Siemens AG for a bigger share of the lucrative health-care solutions ...",
                "date": "2016-11-27",
                "id": "13393144",
                "isDuplicate": false,
                "lang": "eng",
                "sim": 0.615686297416687,
                "source": {
                    "id": "1749",
                    "title": "Bloomberg Business",
                    "uri": "www.bloomberg.com"
                },
                "time": "16:40:00",
                "title": "Philips to Start Selling Smart Software for Doctors to Rival GE",
                "uri": "554858821",
                "url": "https://www.bloomberg.com/news/articles/2016-11-27/philips-to-start-selling-smart-software-for-doctors-to-rival-ge",
                "wgt": 1
            },
            {
                "body": "Johannesburg (AP) -- A new vaccine against HIV, to be tested in a trial to be launched in South Africa Wednesday, could be \"the final nail in the coffin\" for the disease if it is successful, scientists say.\n\nThe study, called HVTN 702, aims to enroll 5,400 sexually active men and women aged between ...",
                "date": "2016-11-27",
                "id": "13393120",
                "isDuplicate": true,
                "lang": "eng",
                "sim": 0,
                "source": {
                    "id": "1749",
                    "title": "Bloomberg Business",
                    "uri": "www.bloomberg.com"
                },
                "time": "16:39:00",
                "title": "New HIV Vaccine Trial to Start in South Africa",
                "uri": "554858817",
                "url": "http://www.bloomberg.com/news/articles/2016-11-27/new-hiv-vaccine-trial-to-start-in-south-africa",
                "wgt": 1
            },
            {
                "body": "One of the world's most conservative investors has found an unlikely new ally in one of its most flamboyant politicians: Donald Trump.\n\nThe unconventional president-elect's victory is helping Japan's giant pension fund in two important ways. First, it's sending stock markets surging, both at home ...",
                "date": "2016-11-27",
                "id": "13389455",
                "isDuplicate": false,
                "lang": "eng",
                "sim": 0.9372549057006836,
                "source": {
                    "id": "1749",
                    "title": "Bloomberg Business",
                    "uri": "www.bloomberg.com"
                },
                "time": "16:14:00",
                "title": "World's Biggest Pension Fund Finds a New Best Friend",
                "uri": "554850048",
                "url": "http://www.bloomberg.com/news/articles/2016-11-27/world-s-biggest-pension-fund-finds-a-new-best-friend-in-trump",
                "wgt": 1
            },
            {
                "body": "OPEC is embarking on a last-ditch diplomatic push to reach an agreement for an oil production cut, with the oil ministers of Algeria and Venezuela heading to Russia to get the group's biggest rival on board.\n\nThe Organization of Petroleum Exporting Countries will meet on Nov. 30 in Vienna to ...",
                "date": "2016-11-27",
                "id": "13387968",
                "isDuplicate": false,
                "lang": "eng",
                "sim": 0.6117647290229797,
                "source": {
                    "id": "1749",
                    "title": "Bloomberg Business",
                    "uri": "www.bloomberg.com"
                },
                "time": "15:49:00",
                "title": "OPEC Push for Deal Sends Algeria, Venezuela Ministers to Moscow",
                "uri": "554846814",
                "url": "https://www.bloomberg.com/news/articles/2016-11-27/opec-push-for-deal-sends-algeria-venezuela-ministers-to-moscow",
                "wgt": 1
            },
            {
                "body": "History will absolve me, said Fidel Castro in 1953, shortly before he took the world stage. He was wrong. In power for nearly a half-century, he brought the U.S. and Soviet Union to the brink of nuclear war, exported revolution and repression, and turned his island into a penurious police state. His ...",
                "date": "2016-11-27",
                "id": "13382825",
                "isDuplicate": false,
                "lang": "eng",
                "sim": 0.4392156898975372,
                "source": {
                    "id": "1749",
                    "title": "Bloomberg Business",
                    "uri": "www.bloomberg.com"
                },
                "time": "15:27:00",
                "title": "Cuba After Castro",
                "uri": "554833360",
                "url": "https://www.bloomberg.com/view/articles/2016-11-27/cuba-after-castro",
                "wgt": 1
            },
            {
                "body": "Noah Feldman is a Bloomberg View columnist. He is a professor of constitutional and international law at Harvard University and was a clerk to U.S. Supreme Court Justice David Souter. His books include \"Cool War: The Future of Global Competition\" and \"Divided by God: America's Church-State Problem ...",
                "date": "2016-11-27",
                "id": "13408260",
                "isDuplicate": false,
                "lang": "eng",
                "sim": 0,
                "source": {
                    "id": "1749",
                    "title": "Bloomberg Business",
                    "uri": "www.bloomberg.com"
                },
                "time": "15:16:00",
                "title": "The Presidency Can Bend to Fit Trump's Personality",
                "uri": "554897334",
                "url": "https://www.bloomberg.com/view/articles/2016-11-27/the-presidency-can-bend-to-fit-trump-s-personality",
                "wgt": 1
            },
            {
                "body": "Russian President Vladimir Putin was almost right when he said on Saturday that the memory of Fidel Castro, Cuba's revolutionary leader who died on Friday night, would \"always remain in the hearts of Russian citizens.\" Thanks to my Soviet childhood and young adulthood, I'll never forget Fidel, but ...",
                "date": "2016-11-27",
                "id": "13381172",
                "isDuplicate": false,
                "lang": "eng",
                "sim": 0,
                "source": {
                    "id": "1749",
                    "title": "Bloomberg Business",
                    "uri": "www.bloomberg.com"
                },
                "time": "15:15:00",
                "title": "The Songs We Sang About Fidel Castro",
                "uri": "554829329",
                "url": "https://www.bloomberg.com/view/articles/2016-11-26/the-songs-we-sang-about-fidel-castro",
                "wgt": 1
            },
            {
                "body": "Jakarta, Indonesia (AP) -- Indonesia's anti-terror squad has arrested two militants who allegedly planned to attack prominent places in the country's capital, including the Myanmar Embassy.\n\nNational police spokesman Boy Rafli Amar said Sunday that an interrogation of suspected bomb maker Rio ...",
                "date": "2016-11-27",
                "id": "13376224",
                "isDuplicate": true,
                "lang": "eng",
                "sim": 0,
                "source": {
                    "id": "1749",
                    "title": "Bloomberg Business",
                    "uri": "www.bloomberg.com"
                },
                "time": "14:40:00",
                "title": "Indonesia Arrests Militants in Myanmar Embassy Plot",
                "uri": "554816818",
                "url": "http://www.bloomberg.com/news/articles/2016-11-27/indonesia-arrests-militants-in-myanmar-embassy-plot",
                "wgt": 1
            },
            {
                "body": "Talks with Asian companies for loan to produce more methanol\n\nIran's Persian Gulf Petrochemical Industries Co. is in talks with Asian companies to raise as much as 1 billion euros ($1.1 billion) for an expansion including a methanol project intended to serve China and other Asian customers.\n\nAn ...",
                "date": "2016-11-27",
                "id": "13368352",
                "isDuplicate": false,
                "lang": "eng",
                "sim": 0,
                "source": {
                    "id": "1749",
                    "title": "Bloomberg Business",
                    "uri": "www.bloomberg.com"
                },
                "time": "13:40:00",
                "title": "Iran's Persian Gulf Petrochemical in Talks to Raise $1.1 Billion",
                "uri": "554795416",
                "url": "http://www.bloomberg.com/news/articles/2016-11-27/iran-s-persian-gulf-petrochemical-in-talks-to-raise-1-1-billion",
                "wgt": 1
            },
            {
                "body": "President accused of pressuring KT Corp. to hire friend's firm\n\nSouth Korean President Park Geun-hye was named in a prosecutors' indictment of a music-video director who allegedly pressured KT Corp. into hiring an advertisement company owned by Choi Soon-sil, the president's longtime friend and a ...",
                "date": "2016-11-27",
                "id": "13364830",
                "isDuplicate": false,
                "lang": "eng",
                "sim": 0.6117647290229797,
                "source": {
                    "id": "1749",
                    "title": "Bloomberg Business",
                    "uri": "www.bloomberg.com"
                },
                "time": "13:15:00",
                "title": "Korean Video Director Indicted in Park Influence-Peddling Case",
                "uri": "554785331",
                "url": "https://www.bloomberg.com/news/articles/2016-11-27/korean-video-director-indicted-in-park-influence-peddling-case",
                "wgt": 1
            },
            {
                "body": "Denmark's minority government is set to expand into a three-party coalition as Prime Minister Lars Lokke Rasmussen seeks a broader base from which to create policy.\n\nThe Liberal Alliance is planning to join a coalition led by Rasmussen's Liberal Party, spokeswoman Inger Schroll-Fleischer said by ...",
                "date": "2016-11-27",
                "id": "13364818",
                "isDuplicate": false,
                "lang": "eng",
                "sim": 0.6705882549285889,
                "source": {
                    "id": "1749",
                    "title": "Bloomberg Business",
                    "uri": "www.bloomberg.com"
                },
                "time": "13:15:00",
                "title": "Danish Government Set to Expand Into Coalition of Three Parties",
                "uri": "554785323",
                "url": "http://www.bloomberg.com/news/articles/2016-11-27/danish-government-set-to-expand-into-coalition-of-three-parties",
                "wgt": 1
            },
            {
                "body": "Donald Trump may have frightened off global bond investors, but the world's largest mortgage-backed covered-bond market is shrugging off the specter of a real estate mogul with big spending plans running the U.S.\n\nYields on short-term bonds in Denmark's $430 billion mortgage bond market fell close ...",
                "date": "2016-11-27",
                "id": "13360758",
                "isDuplicate": false,
                "lang": "eng",
                "sim": 0,
                "source": {
                    "id": "1749",
                    "title": "Bloomberg Business",
                    "uri": "www.bloomberg.com"
                },
                "time": "12:43:00",
                "title": "A $430 Billion Mortgage-Bond Market Shrugs Off the Trump Effect",
                "uri": "554773886",
                "url": "http://www.bloomberg.com/news/articles/2016-11-27/a-430-billion-mortgage-bond-market-shrugs-off-the-trump-effect",
                "wgt": 1
            },
            {
                "body": "Oil club seeking 'Goldilocks' price zone to keep U.S. in check U.S. oil producers slash average break-even price by a third\n\nThree days from a crucial meeting, OPEC's deal to curb oil production and end years of global oversupply hangs in the balance. But even if ministers hash out a meaningful ...",
                "date": "2016-11-27",
                "id": "13359524",
                "isDuplicate": false,
                "lang": "eng",
                "sim": 0,
                "source": {
                    "id": "1749",
                    "title": "Bloomberg Business",
                    "uri": "www.bloomberg.com"
                },
                "time": "12:34:00",
                "title": "Even If OPEC Gets a Deal, It Risks Reviving Battered Oil Rivals",
                "uri": "554757673",
                "url": "http://www.bloomberg.com/news/articles/2016-11-27/even-if-opec-gets-a-deal-it-risks-reviving-battered-oil-rivals",
                "wgt": 1
            },
            {
                "body": "The chairman of the biggest Nordic bank says Donald Trump's election win is good news for the U.S. economy, thanks to the real estate mogul's pledge to deliver tax cuts and deregulation.\n\n\"Based on the expectation that the American President and Congress are likely to act on taxes, and perhaps on ...",
                "date": "2016-11-27",
                "id": "13355249",
                "isDuplicate": false,
                "lang": "eng",
                "sim": 0,
                "source": {
                    "id": "1749",
                    "title": "Bloomberg Business",
                    "uri": "www.bloomberg.com"
                },
                "time": "12:01:00",
                "title": "Trump Has Chairman of Top Nordic Bank Predicting Better Times",
                "uri": "554759568",
                "url": "http://www.bloomberg.com/news/articles/2016-11-27/trump-has-chairman-of-top-nordic-bank-predicting-better-times",
                "wgt": 1
            },
            {
                "body": "Chateau Figeac, a large Saint-Emilion wine estate that has been owned by the Manoncourt family for more than a century, says prospects for its 2016 wines are looking good after cold, wet spring weather threatened to undermine the vintage.\n\n\"We are very happy,\" Figeac Director Frederic Faye told ...",
                "date": "2016-11-27",
                "id": "13354835",
                "isDuplicate": false,
                "lang": "eng",
                "sim": 0,
                "source": {
                    "id": "1749",
                    "title": "Bloomberg Business",
                    "uri": "www.bloomberg.com"
                },
                "time": "11:56:00",
                "title": "Figeac's Faye Is 'Very Happy' With 2016 Vintage After Wet June",
                "uri": "554758249",
                "url": "http://www.bloomberg.com/news/articles/2016-11-27/figeac-s-faye-is-very-happy-with-2016-vintage-after-wet-june",
                "wgt": 1
            },
            {
                "body": "Champagne Bollinger direct from cellars was among highlights\n\nTwelve bottles of Chambertin 1966 Domaine Armand Rousseau Burgundy from the grand cru vineyard in the Cote de Nuits sold to a U.S. private buyer for $58,800 at a Sotheby's wine auction in New York this month, beating estimates for a sale ...",
                "date": "2016-11-27",
                "id": "13349922",
                "isDuplicate": false,
                "lang": "eng",
                "sim": 0,
                "source": {
                    "id": "1749",
                    "title": "Bloomberg Business",
                    "uri": "www.bloomberg.com"
                },
                "time": "11:16:00",
                "title": "Chambertin 1966 Rousseau Burgundy Fetches $58,800 at Sotheby's",
                "uri": "554745532",
                "url": "https://www.bloomberg.com/news/articles/2016-11-27/chambertin-1966-rousseau-burgundy-fetches-58-800-at-sotheby-s",
                "wgt": 1
            },
            {
                "body": "Prime minister warns against using the poor to recycle money\n\nIndian Prime Minister Narendra Modi used a radio address Sunday to assure the country that the cash crisis caused by his plan to remove large-denomination bills from circulation will ease within his proposed 50-day period.\n\nModi said in ...",
                "date": "2016-11-27",
                "id": "13349702",
                "isDuplicate": false,
                "lang": "eng",
                "sim": 0,
                "source": {
                    "id": "1749",
                    "title": "Bloomberg Business",
                    "uri": "www.bloomberg.com"
                },
                "time": "11:15:00",
                "title": "India's Modi Holds to 50-Day Pledge as Cash Chaos Intensifies",
                "uri": "554744968",
                "url": "http://www.bloomberg.com/news/articles/2016-11-27/india-s-modi-holds-to-50-day-pledge-as-cash-chaos-intensifies",
                "wgt": 1
            },
            {
                "body": "Carney said to hold meetings with executives to gain support\n\nBank of England Governor Mark Carney is proposing that British companies be allowed to remain in the single market for at least two years after the country leaves the European Union, now scheduled for early 2019, according to the Sunday ...",
                "date": "2016-11-27",
                "id": "13348364",
                "isDuplicate": false,
                "lang": "eng",
                "sim": 0.7411764860153198,
                "source": {
                    "id": "1749",
                    "title": "Bloomberg Business",
                    "uri": "www.bloomberg.com"
                },
                "time": "11:03:00",
                "title": "Carney Seeks Brexit 'Buffer' for Single Market, Times Reports",
                "uri": "554741624",
                "url": "http://www.bloomberg.com/news/articles/2016-11-27/carney-seeks-brexit-buffer-of-two-more-years-in-single-market",
                "wgt": 1
            },
            {
                "body": "The majority of Kuwait's outgoing parliament has been voted out of office after citizens used Saturday's election to voice displeasure with austerity measures imposed to prop up state finances in an era of cheap oil.\n\nWith turnout at a strong 70 percent, only 19 of the previous parliament's members ...",
                "date": "2016-11-27",
                "id": "13349064",
                "isDuplicate": false,
                "lang": "eng",
                "sim": 0.5058823823928833,
                "source": {
                    "id": "1749",
                    "title": "Bloomberg Business",
                    "uri": "www.bloomberg.com"
                },
                "time": "10:55:00",
                "title": "Kuwait Elects New Parliament Amid Unpopular Austerity Measures",
                "uri": "554743495",
                "url": "http://www.bloomberg.com/news/articles/2016-11-27/kuwait-elects-new-parliament-amid-unpopular-austerity-measures",
                "wgt": 1
            },
            {
                "body": "French Prime Minister Manuel Valls says he may run in the Socialist Party's primary elections because he wants to prevent defeat in the presidential election next year and calls on supporters to participate in the vote, le Journal du Dimanche reports on Sunday, citing comments made in an ...",
                "date": "2016-11-27",
                "id": "13342686",
                "isDuplicate": false,
                "lang": "eng",
                "sim": 0.5176470875740051,
                "source": {
                    "id": "1749",
                    "title": "Bloomberg Business",
                    "uri": "www.bloomberg.com"
                },
                "time": "10:13:00",
                "title": "Valls Says He May Run in French Socialist Primary Election: JDD",
                "uri": "554725463",
                "url": "https://www.bloomberg.com/news/articles/2016-11-27/valls-says-he-may-run-in-french-socialist-primary-election-jdd",
                "wgt": 1
            },
            {
                "body": "Saudi Arabia's Tadawul index poised for fourth day of gains Oil producers meet Wednesday in a bid to agree output cut\n\nMost Gulf stocks rose as investors weighed the prospect of a deal between oil producers to cut supply, potentially shoring up prices of the region's biggest export.\n\nAbu Dhabi's ADX ...",
                "date": "2016-11-27",
                "id": "13334298",
                "isDuplicate": false,
                "lang": "eng",
                "sim": 0,
                "source": {
                    "id": "1749",
                    "title": "Bloomberg Business",
                    "uri": "www.bloomberg.com"
                },
                "time": "09:05:00",
                "title": "Gulf Stocks Advance as Investors Await Outcome of OPEC Gathering",
                "uri": "554699755",
                "url": "https://www.bloomberg.com/news/articles/2016-11-27/gulf-stocks-advance-as-investors-await-outcome-of-opec-gathering",
                "wgt": 1
            },
            {
                "body": "Julian Lee is an oil strategist for Bloomberg First Word. Previously he worked as a senior analyst at the Centre for Global Energy Studies.\n\nOPEC oil ministers will meet on Nov 30 to agree their first output cut since the 2008 financial crisis. The deal will be \"a total success,\" according to ...",
                "date": "2016-11-27",
                "id": "13332640",
                "isDuplicate": false,
                "lang": "eng",
                "sim": 0.6000000238418579,
                "source": {
                    "id": "1749",
                    "title": "Bloomberg Business",
                    "uri": "www.bloomberg.com"
                },
                "time": "08:50:00",
                "title": "OPEC's Oil Deal Is No Sure Thing",
                "uri": "554693578",
                "url": "https://www.bloomberg.com/gadfly/articles/2016-11-27/opec-oil-deal-is-no-sure-thing",
                "wgt": 1
            },
            {
                "body": "Loans to help pay for first stage of Israeli gas project Leviathan gas field's partners plan to start output in 2019\n\nIsrael-based Delek Group Ltd., controlled by billionaire Yitzchak Teshuva, secured as much as $1.75 billion in loans to help finance development of the country's biggest natural gas ...",
                "date": "2016-11-27",
                "id": "13330955",
                "isDuplicate": false,
                "lang": "eng",
                "sim": 0.7960784435272217,
                "source": {
                    "id": "1749",
                    "title": "Bloomberg Business",
                    "uri": "www.bloomberg.com"
                },
                "time": "08:33:00",
                "title": "Delek Taps JPMorgan, HSBC for $1.75 Billion to Finance Leviathan",
                "uri": "554686641",
                "url": "http://www.bloomberg.com/news/articles/2016-11-27/delek-taps-jpmorgan-hsbc-for-1-75-billion-to-finance-leviathan",
                "wgt": 1
            },
            {
                "body": "Government, IMF still apart on country's labor market reforms\n\nThe time has come for the International Monetary Fund to make up its mind on Greece, according to the country's economy minister.\n\nThe path to recovery runs sequentially through completion of Greece's bailout review, debt relief and then ...",
                "date": "2016-11-27",
                "id": "13315230",
                "isDuplicate": false,
                "lang": "eng",
                "sim": 0.95686274766922,
                "source": {
                    "id": "1749",
                    "title": "Bloomberg Business",
                    "uri": "www.bloomberg.com"
                },
                "time": "05:55:00",
                "title": "IMF Indecision on Bailout Criticized by Greek Economy Minister",
                "uri": "554638069",
                "url": "http://www.bloomberg.com/news/articles/2016-11-27/imf-indecision-on-bailout-criticized-by-greek-economy-minister",
                "wgt": 1
            },
            {
                "body": "Germany agreed to provide Iran with a 1.2 billion euro ($1.27 billion) credit line to help finance a rail project , according to an official at the Central Bank of Iran.\n\nThe facility -- through state-run lender KfW IPEX -- will help fund the development of the Tehran to Mashhad railway, the ...",
                "date": "2016-11-27",
                "id": "13314967",
                "isDuplicate": false,
                "lang": "eng",
                "sim": 0.8627451062202454,
                "source": {
                    "id": "1749",
                    "title": "Bloomberg Business",
                    "uri": "www.bloomberg.com"
                },
                "time": "05:51:00",
                "title": "Germany's KfW Agrees on 1.2 Billion-Euro Iran Rail Loan",
                "uri": "554636633",
                "url": "http://www.bloomberg.com/news/articles/2016-11-27/germany-s-kfw-said-to-agree-on-1-2-billion-euro-iran-rail-loan",
                "wgt": 1
            },
            {
                "body": "Primary victory hinges on who turns out for second-round vote\n\nOne week after Francois Fillon romped to victory in the first round of the French Republicans' presidential primary process, Alain Juppe is looking to voters Sunday to propel him to a comeback.\n\nThe two former prime ministers advanced ...",
                "date": "2016-11-27",
                "id": "13313558",
                "isDuplicate": false,
                "lang": "eng",
                "sim": 0.7137255072593689,
                "source": {
                    "id": "1749",
                    "title": "Bloomberg Business",
                    "uri": "www.bloomberg.com"
                },
                "time": "05:34:00",
                "title": "Juppe Attempts Comeback as French Republicans Chose Candidate",
                "uri": "554631123",
                "url": "http://www.bloomberg.com/news/articles/2016-11-27/juppe-attempts-comeback-as-french-republicans-chose-candidate",
                "wgt": 1
            },
            {
                "body": "Tyler Cowen is a Bloomberg View columnist. He is a professor of economics at George Mason University and writes for the blog Marginal Revolution. His books include \"Average Is Over: Powering America Beyond the Age of the Great Stagnation.\"\n\nRead More.@tylercowen\n\nFor all of my adult life I have been ...",
                "date": "2016-11-27",
                "id": "13305319",
                "isDuplicate": false,
                "lang": "eng",
                "sim": 0.9803921580314636,
                "source": {
                    "id": "1749",
                    "title": "Bloomberg Business",
                    "uri": "www.bloomberg.com"
                },
                "time": "04:06:00",
                "title": "Cuba's Glum Economic Forecast",
                "uri": "554606881",
                "url": "https://www.bloomberg.com/view/articles/2016-11-26/cuba-s-glum-economic-forecast",
                "wgt": 1
            },
            {
                "body": "Profit at industrial companies in China accelerated last month as prices recovered.\n\nIndustrial profits rose 9.8 percent in October from a year earlier to 616.1 billion yuan ($89 billion), the National Bureau of Statistics said Sunday. That was faster than the 7.7 percent increase in September. ...",
                "date": "2016-11-27",
                "id": "13301743",
                "isDuplicate": false,
                "lang": "eng",
                "sim": 0.7450980544090271,
                "source": {
                    "id": "1749",
                    "title": "Bloomberg Business",
                    "uri": "www.bloomberg.com"
                },
                "time": "03:17:00",
                "title": "China Industrial Profits Accelerate as Factory Prices Increase",
                "uri": "554592788",
                "url": "http://www.bloomberg.com/news/articles/2016-11-27/china-industrial-profits-accelerate-as-factory-prices-increase",
                "wgt": 1
            },
            {
                "body": "Zimbabwe will release dollar-backed bond notes with a daily withdrawal limit of $50 on Nov. 28, the central bank said, as the Southern African nation grapples with a shortage of currency.\n\n\"The bond notes will be released into the market through normal banking channels in small denominations of $2 ...",
                "date": "2016-11-27",
                "id": "13287087",
                "isDuplicate": false,
                "lang": "eng",
                "sim": 0.7019608020782471,
                "source": {
                    "id": "1749",
                    "title": "Bloomberg Business",
                    "uri": "www.bloomberg.com"
                },
                "time": "00:06:00",
                "title": "Zimbabwe to Introduce Bond Notes to Help Ease Currency Crunch",
                "uri": "554533485",
                "url": "https://www.bloomberg.com/news/articles/2016-11-26/zimbabwe-to-introduce-bond-notes-to-help-ease-currency-crunch",
                "wgt": 1
            }
        ],
        "totalResults": 47
    }
}