{
    "articles": {
        "count": 33,
        "page": 1,
        "pages": 1,
        "results": [
            {
                "body": "French Prime Minister Manuel Valls said he was prepared to represent the Socialist Party in the country's presidential race next year amid doubts about Francois Hollande's re-election bid.\n\n\"I'm ready to lead the fight for 2017,\" Valls said in an interview Saturday with French TV channel BFM. \"I ...",
                "date": "2016-11-19",
                "id": "11739954",
                "isDuplicate": false,
                "lang": "eng",
                "sim": 0,
                "source": {
                    "id": "1749",
                    "title": "Bloomberg Business",
                    "uri": "www.bloomberg.com"
                },
                "time": "21:37:00",
                "title": "French Premier 'Ready to Lead Fight' in 2017 Presidential Race",
                "uri": "550426480",
                "url": "http://www.bloomberg.com/news/articles/2016-11-19/french-premier-ready-to-lead-fight-in-2017-presidential-race",
                "wgt": 1
            },
            {
                "body": "Prospects for education secretary among those on the agenda\n\nMitt Romney and Steve Mnuchin lead a parade of visitors to Donald Trump's golf resort in New Jersey as the president-elect continues to assemble his administration.\n\nThe 2012 Republican presidential nominee, a fierce critic of Trump for ...",
                "date": "2016-11-19",
                "id": "11730782",
                "isDuplicate": false,
                "lang": "eng",
                "sim": 0,
                "source": {
                    "id": "1749",
                    "title": "Bloomberg Business",
                    "uri": "www.bloomberg.com"
                },
                "time": "20:05:00",
                "title": "Romney Leads Parade of Hopefuls, Advisers Dropping in on Trump",
                "uri": "550395614",
                "url": "http://www.bloomberg.com/politics/articles/2016-11-19/romney-leads-parade-of-hopefuls-advisers-dropping-in-on-trump",
                "wgt": 1
            },
            {
                "body": "Globalization generates more benefits than harm: Pena Nieto\n\nMexico is willing to hold talks with U.S. President-elect Donald Trump to modernize the North American Free Trade Agreement, President Enrique Pena Nieto said.\n\nMexico will seek dialogue with the U.S. on its trade relationship following ...",
                "date": "2016-11-19",
                "id": "11729580",
                "isDuplicate": false,
                "lang": "eng",
                "sim": 0.6313725709915161,
                "source": {
                    "id": "1749",
                    "title": "Bloomberg Business",
                    "uri": "www.bloomberg.com"
                },
                "time": "19:33:00",
                "title": "Mexico Seeks Trump Talks to Modernize Nafta, Pena Nieto Says",
                "uri": "550392341",
                "url": "http://www.bloomberg.com/news/articles/2016-11-19/mexico-seeks-trump-talks-to-modernize-nafta-pena-nieto-says",
                "wgt": 1
            },
            {
                "body": "The rout in the fixed-income universe deepened into the worst in 15 years as traders sounded the alarm on inflation amid speculation Donald Trump's spending pledges will boost economic growth.\n\nYields on benchmark 10-year Treasuries posted their steepest back-to-back weekly increase since 2001, and ...",
                "date": "2016-11-19",
                "id": "11711276",
                "isDuplicate": false,
                "lang": "eng",
                "sim": 0.6784313917160034,
                "source": {
                    "id": "1749",
                    "title": "Bloomberg Business",
                    "uri": "www.bloomberg.com"
                },
                "time": "17:15:00",
                "title": "Bond Traders Sound Inflation Alarm Amid Worst Rout Since 2001",
                "uri": "550341622",
                "url": "http://www.bloomberg.com/news/articles/2016-11-19/bond-traders-sound-inflation-alarm-amid-worst-rout-since-2001",
                "wgt": 1
            },
            {
                "body": "China will give greater access to foreign investors, Xi says Xi calls on APEC members to reject attempts at exclusion\n\nChina pledges to boost global trade and cooperation by opening up further and giving greater access to foreign investors, President Xi Jinping said on Saturday.\n\nChina wants to ...",
                "date": "2016-11-19",
                "id": "11711070",
                "isDuplicate": false,
                "lang": "eng",
                "sim": 0.5333333611488342,
                "source": {
                    "id": "1749",
                    "title": "Bloomberg Business",
                    "uri": "www.bloomberg.com"
                },
                "time": "17:13:00",
                "title": "China's Xi Pledges Open Trade Despite Trump Protectionism",
                "uri": "550341057",
                "url": "http://www.bloomberg.com/news/articles/2016-11-19/china-s-xi-pledges-open-trade-despite-trump-protectionism",
                "wgt": 1
            },
            {
                "body": "Trump also addressed decision to avoid university fraud trial\n\nPresident-elect Donald Trump demanded an apology from the cast of \"Hamilton\" after his second-in-command, Mike Pence, was singled out following a performance of the Broadway hit.\n\n\"Our wonderful future V.P. Mike Pence was harassed last ...",
                "date": "2016-11-19",
                "id": "11708694",
                "isDuplicate": false,
                "lang": "eng",
                "sim": 0.7098039388656616,
                "source": {
                    "id": "1749",
                    "title": "Bloomberg Business",
                    "uri": "www.bloomberg.com"
                },
                "time": "16:55:00",
                "title": "Trump Takes on Broadway After Pence's 'Hamilton' Dressing Down",
                "uri": "550334701",
                "url": "http://www.bloomberg.com/news/articles/2016-11-19/trump-takes-on-broadway-after-pence-s-hamilton-dressing-down",
                "wgt": 1
            },
            {
                "body": "Walt Disney Co., the world's largest theme-park operator, announced a summer 2017 opening for a new themed land tied to the hit film \"Avatar.\"\n\nDisney Parks & Resorts Chairman Bob Chapek gave a construction update on Saturday while speaking at a fan event in Orlando, Florida.\n\nThe attraction, under ...",
                "date": "2016-11-19",
                "id": "11708679",
                "isDuplicate": false,
                "lang": "eng",
                "sim": 0.501960813999176,
                "source": {
                    "id": "1749",
                    "title": "Bloomberg Business",
                    "uri": "www.bloomberg.com"
                },
                "time": "16:55:00",
                "title": "Disney Says 'Avatar' Land Will Open in Orlando in Summer of 2017",
                "uri": "550334702",
                "url": "http://www.bloomberg.com/news/articles/2016-11-19/disney-says-avatar-land-will-open-in-orlando-in-summer-of-2017",
                "wgt": 1
            },
            {
                "body": "Mark Gilbert is a Bloomberg View columnist and writes editorials on economics, finance and politics. He was London bureau chief for Bloomberg News and is the author of \"Complicit: How Greed and Collusion Made the Credit Crisis Unstoppable.\"\n\nRead More.@ScouseView\n\nThe Bank of England is advertising ...",
                "date": "2016-11-19",
                "id": "11703075",
                "isDuplicate": false,
                "lang": "eng",
                "sim": 0,
                "source": {
                    "id": "1749",
                    "title": "Bloomberg Business",
                    "uri": "www.bloomberg.com"
                },
                "time": "16:11:00",
                "title": "This Bank Needs a Female, Northern Brexiteer",
                "uri": "550319746",
                "url": "https://www.bloomberg.com/view/articles/2016-11-19/wanted-a-female-northern-brexiteering-entrepreneur-at-the-boe",
                "wgt": 1
            },
            {
                "body": "New York (AP) -- Vice President-elect Mike Pence on Friday was the latest high-profile person to attend the Broadway hit \"Hamilton,\" but he became the first to get a sharp message from a cast member from the stage.\n\nActor Brandon Victor Dixon, who plays Aaron Burr, the nation's third vice president, ...",
                "date": "2016-11-19",
                "id": "11687225",
                "isDuplicate": false,
                "lang": "eng",
                "sim": 0.7176470756530762,
                "source": {
                    "id": "1749",
                    "title": "Bloomberg Business",
                    "uri": "www.bloomberg.com"
                },
                "time": "14:03:00",
                "title": "Mike Pence Sees 'Hamilton' and He Gets an Earful",
                "uri": "550275096",
                "url": "http://www.bloomberg.com/news/articles/2016-11-19/pence-sees-hamilton-cast-member-says-nation-is-anxious",
                "wgt": 1
            },
            {
                "body": "Demonstration may not post immediate threat to Najib: analyst\n\nThousands of Malaysians gathered in the country's capital demanding the resignation of Prime Minister Najib Razak as his critics sought to maintain pressure on the premier over a funding scandal.\n\nProtesters in yellow shirts marched ...",
                "date": "2016-11-19",
                "id": "11687229",
                "isDuplicate": false,
                "lang": "eng",
                "sim": 0.6117647290229797,
                "source": {
                    "id": "1749",
                    "title": "Bloomberg Business",
                    "uri": "www.bloomberg.com"
                },
                "time": "14:03:00",
                "title": "Malaysians Rally at Anti-Najib Protest as He Vows to Stay On",
                "uri": "550275097",
                "url": "http://www.bloomberg.com/news/articles/2016-11-19/malaysians-rally-against-najib-as-premier-vows-to-stay-on",
                "wgt": 1
            },
            {
                "body": "The dollar posted its biggest two-week rally against the yen since 1988 amid bets that Donald Trump's administration will pursue fiscal stimulus, boosting the U.S. economy and triggering monetary tightening.\n\nThe greenback touched the strongest level against the yen since May and appreciated the ...",
                "date": "2016-11-19",
                "id": "11687233",
                "isDuplicate": false,
                "lang": "eng",
                "sim": 0.5372549295425415,
                "source": {
                    "id": "1749",
                    "title": "Bloomberg Business",
                    "uri": "www.bloomberg.com"
                },
                "time": "14:03:00",
                "title": "Dollar Logs Biggest Rally Versus Yen Since 1988 on Trump Plans",
                "uri": "550275098",
                "url": "http://www.bloomberg.com/news/articles/2016-11-19/dollar-logs-biggest-rally-versus-yen-since-1988-on-trump-plans",
                "wgt": 1
            },
            {
                "body": "Pound traders will finally get a glimpse into Britain's economic future -- and the direction of sterling -- next week.\n\nSterling fell for a fifth day versus the dollar Friday, bringing a halt to a two-week rally. Chancellor of the Exchequer Philip Hammond will deliver his first budget update on Nov. ...",
                "date": "2016-11-19",
                "id": "11687246",
                "isDuplicate": false,
                "lang": "eng",
                "sim": 0,
                "source": {
                    "id": "1749",
                    "title": "Bloomberg Business",
                    "uri": "www.bloomberg.com"
                },
                "time": "14:03:00",
                "title": "Pound Traders Await Direction From Hammond's First Budget Update",
                "uri": "550275095",
                "url": "http://www.bloomberg.com/news/articles/2016-11-19/pound-traders-await-direction-from-hammond-s-first-budget-update",
                "wgt": 1
            },
            {
                "body": "Iranian Oil Minister Bijan Namdar Zanganeh said he's optimistic that OPEC members will agree to proposed production cuts at a meeting in Vienna later this month.\n\nZanganeh met the group's secretary-general, Mohammed Barkindo, in Tehran on Saturday to discuss an accord that seeks to reduce output by ...",
                "date": "2016-11-19",
                "id": "11681387",
                "isDuplicate": false,
                "lang": "eng",
                "sim": 0.5411764979362488,
                "source": {
                    "id": "1749",
                    "title": "Bloomberg Business",
                    "uri": "www.bloomberg.com"
                },
                "time": "13:16:00",
                "title": "Iran Optimistic on OPEC Production Cuts After Barkindo Visit",
                "uri": "550260248",
                "url": "http://www.bloomberg.com/news/articles/2016-11-19/iran-optimistic-on-opec-production-cuts-after-barkindo-visit",
                "wgt": 1
            },
            {
                "body": "Cairo (AP) -- Egypt's President Abdel-Fattah el-Sissi has praised U.S. President-elect Donald J. Trump, saying that his inflammatory statements from the campaign trail do not necessarily reflect the actions he will take as president.\n\nEl-Sissi, in an interview with Portuguese news agency LUSA ...",
                "date": "2016-11-19",
                "id": "11678774",
                "isDuplicate": true,
                "lang": "eng",
                "sim": 0,
                "source": {
                    "id": "1749",
                    "title": "Bloomberg Business",
                    "uri": "www.bloomberg.com"
                },
                "time": "12:54:00",
                "title": "El-Sissi Praises Trump and Says Don't 'Jump to Conclusions'",
                "uri": "550253057",
                "url": "http://www.bloomberg.com/news/articles/2016-11-19/el-sissi-says-don-t-jump-to-conclusions-on-trump",
                "wgt": 1
            },
            {
                "body": "After two weeks of being whipsawed by politics and the outlook for monetary policy, European bonds may be about to get a breather.\n\nThere's barely any major economic data from the euro zone next week, and traders are instead focused on Italy's Dec. 4 referendum on constitutional reform and the ...",
                "date": "2016-11-19",
                "id": "11666235",
                "isDuplicate": false,
                "lang": "eng",
                "sim": 0,
                "source": {
                    "id": "1749",
                    "title": "Bloomberg Business",
                    "uri": "www.bloomberg.com"
                },
                "time": "11:04:00",
                "title": "Europe's Bond Traders Await the Calm Before Next Looming Storm",
                "uri": "550218133",
                "url": "http://www.bloomberg.com/news/articles/2016-11-19/europe-s-bond-traders-await-the-calm-before-next-looming-storm",
                "wgt": 1
            },
            {
                "body": "Cairo (AP) -- The Saudi-led military coalition declared a 48-hour ceasefire in Yemen on Saturday, on the condition that Shiite rebels abide by it and allow humanitarian assistance into besieged cities, namely Taiz.\n\nThe Saudi news agency SPA carried a statement from the coalition that said the truce ...",
                "date": "2016-11-19",
                "id": "11664420",
                "isDuplicate": false,
                "lang": "eng",
                "sim": 0.7686274647712708,
                "source": {
                    "id": "1749",
                    "title": "Bloomberg Business",
                    "uri": "www.bloomberg.com"
                },
                "time": "10:49:00",
                "title": "Saudi-led Coalition Declares 48-hour-ceasefire in Yemen",
                "uri": "550213262",
                "url": "http://www.bloomberg.com/news/articles/2016-11-19/saudi-led-coalition-declares-48-hour-ceasefire-in-yemen",
                "wgt": 1
            },
            {
                "body": "Permian Basin adds 11 rigs to total 229, D-J/Niobrara adds 2 Future gains hinge on oil price, Dakota Access pipeline\n\nGrowing confidence that crude prices will rise in coming months is sustaining the expansion of oil drilling in the shale patch.\n\nRigs targeting crude rose 19 to 471 this week, the ...",
                "date": "2016-11-19",
                "id": "11655700",
                "isDuplicate": false,
                "lang": "eng",
                "sim": 0.6078431606292725,
                "source": {
                    "id": "1749",
                    "title": "Bloomberg Business",
                    "uri": "www.bloomberg.com"
                },
                "time": "09:33:00",
                "title": "Oil Drillers Add Most Rigs in 16 Months Amid Market Optimism",
                "uri": "550189934",
                "url": "http://www.bloomberg.com/news/articles/2016-11-18/u-s-oil-shale-drillers-add-rigs-on-rising-market-optimism",
                "wgt": 1
            },
            {
                "body": "Exploring labeling stories that have been reported as false\n\nFacebook Inc. is taking steps to address its role in spreading fake news, such as enlisting the help of third-party fact checkers and posting warnings on dubious stories.\n\nChief Executive Officer Mark Zuckerberg on Friday responded to ...",
                "date": "2016-11-19",
                "id": "11650648",
                "isDuplicate": false,
                "lang": "eng",
                "sim": 0.6941176652908325,
                "source": {
                    "id": "1749",
                    "title": "Bloomberg Business",
                    "uri": "www.bloomberg.com"
                },
                "time": "08:48:00",
                "title": "Zuckerberg Says He'll Take Steps to Solve Facebook Fake News",
                "uri": "550175245",
                "url": "https://www.bloomberg.com/news/articles/2016-11-19/zuckerberg-says-he-ll-take-steps-to-solve-facebook-fake-news",
                "wgt": 1
            },
            {
                "body": "China, Saudi Arabia among previous resisters now vowing action\n\nMore than 190 nations including the U.S., China and Saudi Arabia vowed to step up their efforts to fight global warming despite concerns that U.S. President-elect Donald Trump will pull the richest polluter out of the process when he ...",
                "date": "2016-11-19",
                "id": "11651290",
                "isDuplicate": false,
                "lang": "eng",
                "sim": 0.5764706134796143,
                "source": {
                    "id": "1749",
                    "title": "Bloomberg Business",
                    "uri": "www.bloomberg.com"
                },
                "time": "08:37:00",
                "title": "Fight Against Global Warming Advances Despite Trump's Skepticism",
                "uri": "550176935",
                "url": "http://www.bloomberg.com/news/articles/2016-11-19/fight-against-global-warming-advances-despite-trump-s-skepticism",
                "wgt": 1
            },
            {
                "body": "Social media giant will repurchase up to $6 Billion in stock Company joins other big U.S. tech companies returning cash\n\nFacebook Inc. said it will buy back as much as $6 billion in shares, its first repurchase program, in a bid to appease shareholders awaiting the results of big investments in ...",
                "date": "2016-11-19",
                "id": "11641564",
                "isDuplicate": false,
                "lang": "eng",
                "sim": 0.8627451062202454,
                "source": {
                    "id": "1749",
                    "title": "Bloomberg Business",
                    "uri": "www.bloomberg.com"
                },
                "time": "07:06:00",
                "title": "Facebook to Buy Back Shares for the First Time",
                "uri": "550146079",
                "url": "https://www.bloomberg.com/news/articles/2016-11-18/facebook-to-buy-back-up-to-6-billion-in-shares-starting-2017",
                "wgt": 1
            },
            {
                "body": "President-elect Donald Trump agreed to pay $25 million to settle claims that his defunct Trump University cheated more than 6,000 students with false promises of teaching them his real estate secrets.\n\nThe accord, announced Friday minutes before the start of a court hearing in San Diego, resolves ...",
                "date": "2016-11-19",
                "id": "11632721",
                "isDuplicate": false,
                "lang": "eng",
                "sim": 0.729411780834198,
                "source": {
                    "id": "1749",
                    "title": "Bloomberg Business",
                    "uri": "www.bloomberg.com"
                },
                "time": "05:39:00",
                "title": "Trump University $25 Million Deal Heads Off Fraud Trial",
                "uri": "550113878",
                "url": "http://www.bloomberg.com/politics/articles/2016-11-18/trump-university-settles-fraud-claims-for-25-million",
                "wgt": 1
            },
            {
                "body": "Stephen L. Carter is a Bloomberg View columnist. He is a professor of law at Yale University and was a clerk to U.S. Supreme Court Justice Thurgood Marshall. His novels include \"The Emperor of Ocean Park\" and \"Back Channel,\" and his nonfiction includes \"Civility\" and \"Integrity.\"\n\nRead ...",
                "date": "2016-11-19",
                "id": "11627624",
                "isDuplicate": false,
                "lang": "eng",
                "sim": 0.43529412150383,
                "source": {
                    "id": "1749",
                    "title": "Bloomberg Business",
                    "uri": "www.bloomberg.com"
                },
                "time": "04:47:00",
                "title": "Judge Jeff Sessions by What He Does Next",
                "uri": "550100250",
                "url": "https://www.bloomberg.com/view/articles/2016-11-18/judge-jeff-sessions-by-how-he-serves-trump-administration",
                "wgt": 1
            },
            {
                "body": "Amazon wants to unseat Netflix, the reigning champ of streaming video. And it's taking Prime Video global to do so. The two TV and movie services have been duking it out over customers and original content for years, but Amazon's new expansion raises the stakes. Earlier this year, Netflix expanded ...",
                "date": "2016-11-19",
                "id": "11625099",
                "isDuplicate": false,
                "lang": "eng",
                "sim": 0.5176470875740051,
                "source": {
                    "id": "1749",
                    "title": "Bloomberg Business",
                    "uri": "www.bloomberg.com"
                },
                "time": "04:27:00",
                "title": "Amazon Vs. Netflix: The Movie",
                "uri": "550093408",
                "url": "https://www.bloomberg.com/gadfly/articles/2016-11-18/amazon-picks-a-big-fight-with-netflix",
                "wgt": 1
            },
            {
                "body": "Former president and dictator buried on Friday amid protests\n\nPhilippine President Rodrigo Duterte asked Filipinos to accept the burial of late dictator Ferdinand Marcos at the heroes grave on Friday amid protests.\n\n\"President Marcos was a president for so long and he was a soldier,\" Duterte said, ...",
                "date": "2016-11-19",
                "id": "11615491",
                "isDuplicate": false,
                "lang": "eng",
                "sim": 0.5607843399047852,
                "source": {
                    "id": "1749",
                    "title": "Bloomberg Business",
                    "uri": "www.bloomberg.com"
                },
                "time": "02:31:00",
                "title": "Duterte Asks Filipinos to Accept Marcos Burial at Heroes Grave",
                "uri": "550064861",
                "url": "http://www.bloomberg.com/news/articles/2016-11-19/duterte-asks-filipinos-to-accept-marcos-burial-at-heroes-grave",
                "wgt": 1
            },
            {
                "body": "Twenty-six states states led by Texas were joined by the Obama administration and immigrant-rights groups in seeking to freeze a challenge to the outgoing president's immigration reforms until President-elect Donald Trump takes office.\n\nTrump made opposing illegal immigration a cornerstone of his ...",
                "date": "2016-11-19",
                "id": "11606789",
                "isDuplicate": false,
                "lang": "eng",
                "sim": 0,
                "source": {
                    "id": "1749",
                    "title": "Bloomberg Business",
                    "uri": "www.bloomberg.com"
                },
                "time": "00:57:00",
                "title": "Texas, U.S. Seek Immigration Suit Delay Until Trump Sworn In",
                "uri": "550040300",
                "url": "http://www.bloomberg.com/politics/articles/2016-11-18/texas-u-s-ask-to-pause-immigration-suit-until-trump-sworn-in",
                "wgt": 1
            },
            {
                "body": "Local-currency bond rally to slow, the bank said in report Chile peso, South Africa rand poised to rally: Goldman Sachs\n\nInvesting in emerging markets will be trickier in 2017, says Goldman Sachs Group Inc.\n\nThe New York-based bank laid out its expectations for developing nations in a report Friday. ...",
                "date": "2016-11-19",
                "id": "11606668",
                "isDuplicate": false,
                "lang": "eng",
                "sim": 0,
                "source": {
                    "id": "1749",
                    "title": "Bloomberg Business",
                    "uri": "www.bloomberg.com"
                },
                "time": "00:55:00",
                "title": "Goldman Sachs Sees Downside Risks for Emerging Markets in 2017",
                "uri": "550039868",
                "url": "http://www.bloomberg.com/news/articles/2016-11-19/goldman-sachs-sees-downside-risks-for-emerging-markets-in-2017",
                "wgt": 1
            },
            {
                "body": "Shipping magnate Wilmer Ruperti financed their defense in NY\n\nTwo nephews of Venezuelan President Nicolas Maduro were found guilty of conspiring to traffic 800 kilograms of cocaine into the U.S., in a politically fraught case that links the country's ruling family to the corruption plaguing its ...",
                "date": "2016-11-19",
                "id": "11606471",
                "isDuplicate": false,
                "lang": "eng",
                "sim": 0.572549045085907,
                "source": {
                    "id": "1749",
                    "title": "Bloomberg Business",
                    "uri": "www.bloomberg.com"
                },
                "time": "00:53:00",
                "title": "Venezuelan President's Nephews Found Guilty in Cocaine Case",
                "uri": "550039294",
                "url": "http://www.bloomberg.com/news/articles/2016-11-18/venezuelan-president-s-nephews-found-guilty-in-cocaine-case",
                "wgt": 1
            },
            {
                "body": "Foot Locker says new sneaker got off to a slow start Athletic brand counting on footwear to help fuel growth\n\nUnder Armour Inc. shares fell more than 5 percent over concerns that the company's latest Stephen Curry basketball sneaker, part of an ambitious push into footwear, isn't selling well.\n\nFoot ...",
                "date": "2016-11-19",
                "id": "11603584",
                "isDuplicate": false,
                "lang": "eng",
                "sim": 0.529411792755127,
                "source": {
                    "id": "1749",
                    "title": "Bloomberg Business",
                    "uri": "www.bloomberg.com"
                },
                "time": "00:31:00",
                "title": "Under Armour Declines Over Fears That Steph Curry Shoe Is a Flop",
                "uri": "550031967",
                "url": "http://www.bloomberg.com/news/articles/2016-11-18/under-armour-declines-over-fears-that-steph-curry-shoe-is-a-flop",
                "wgt": 1
            },
            {
                "body": "Democrats pushed for tough review of banks accused of crimes\n\nThe U.S. Labor Department granted temporary permission to five banks to continue managing certain U.S. pension funds after convictions of the banks or their units, potentially allowing the banks to move beyond their legal troubles over ...",
                "date": "2016-11-19",
                "id": "11603565",
                "isDuplicate": false,
                "lang": "eng",
                "sim": 0,
                "source": {
                    "id": "1749",
                    "title": "Bloomberg Business",
                    "uri": "www.bloomberg.com"
                },
                "time": "00:31:00",
                "title": "U.S. Proposes Pension-Fund Clearance for Citi, UBS, Others",
                "uri": "550031966",
                "url": "http://www.bloomberg.com/news/articles/2016-11-18/labor-department-proposes-pension-manager-clearance-for-5-banks",
                "wgt": 1
            },
            {
                "body": "Most U.S. stocks slipped after a post-election rally took benchmark gauges to record levels on speculation that interest rates will rise amid expectations for brisker economic growth.\n\nThe S&P 500 Index fell 0.2 percent to 2,182 at 4 p.m. in New York, after climbing within two points of its Aug. 15 ...",
                "date": "2016-11-19",
                "id": "11603549",
                "isDuplicate": false,
                "lang": "eng",
                "sim": 0.6313725709915161,
                "source": {
                    "id": "1749",
                    "title": "Bloomberg Business",
                    "uri": "www.bloomberg.com"
                },
                "time": "00:31:00",
                "title": "U.S. Stocks Slip From Near Records Amid Bets on Trump Stimulus",
                "uri": "550031964",
                "url": "http://www.bloomberg.com/news/articles/2016-11-18/u-s-stock-index-futures-decline-with-s-p-500-near-all-time-high",
                "wgt": 1
            },
            {
                "body": "Financial shares extend rally as health care, industrials fade\n\nU.S. stocks added to the rally sparked by Donald Trump's surprise election, rising for a second week on speculation the president-elect will introduce policies that will spark brisker economic growth.\n\nThe biggest beneficiary has been ...",
                "date": "2016-11-19",
                "id": "11603547",
                "isDuplicate": false,
                "lang": "eng",
                "sim": 0,
                "source": {
                    "id": "1749",
                    "title": "Bloomberg Business",
                    "uri": "www.bloomberg.com"
                },
                "time": "00:31:00",
                "title": "U.S. Stocks Rise in Week as Trump Rally Slows Amid Dollar Surge",
                "uri": "550031965",
                "url": "http://www.bloomberg.com/news/articles/2016-11-18/u-s-stocks-rise-in-week-as-trump-rally-slows-amid-dollar-surge",
                "wgt": 1
            },
            {
                "body": "Chairman can get cash awards over five years if targets met He was named to succeed Roger Altman at New York-based bank\n\nEvercore Partners Inc.'s executive chairman, John S. Weinberg, could receive as much as $35 million in cash awards over five years starting in 2019 as well as about $59 million of ...",
                "date": "2016-11-19",
                "id": "11603541",
                "isDuplicate": false,
                "lang": "eng",
                "sim": 0.7764706015586853,
                "source": {
                    "id": "1749",
                    "title": "Bloomberg Business",
                    "uri": "www.bloomberg.com"
                },
                "time": "00:31:00",
                "title": "Evercore's John Weinberg Set for $94 Million in Cash, Stock",
                "uri": "550031963",
                "url": "http://www.bloomberg.com/news/articles/2016-11-18/evercore-s-weinberg-set-for-35-million-in-awards-through-2023",
                "wgt": 1
            },
            {
                "body": "Brazil's real rose to a one-week high as intervention from the central bank helped insulate it from a broad emerging-market selloff, while stocks advanced amid higher commodity prices.\n\nThe currency strengthened 1.2 percent to 3.3818 per dollar Friday in Sao Paulo, posting the biggest advance among ...",
                "date": "2016-11-19",
                "id": "11603174",
                "isDuplicate": false,
                "lang": "eng",
                "sim": 0,
                "source": {
                    "id": "1749",
                    "title": "Bloomberg Business",
                    "uri": "www.bloomberg.com"
                },
                "time": "00:28:00",
                "title": "Brazil's Real Gains on Central Bank Support While Stocks Advance",
                "uri": "550030876",
                "url": "http://www.bloomberg.com/news/articles/2016-11-18/brazil-real-gains-as-central-bank-shields-currency-from-slide",
                "wgt": 1
            }
        ],
        "totalResults": 33
    }
}