{
    "articles": {
        "count": 60,
        "page": 1,
        "pages": 1,
        "results": [
            {
                "body": "Chat with us in Facebook Messenger. Find out what's happening in the world as it unfolds.\n\nStory highlightsThe Dead Sea is shrinking, and humans are largely to blameIsrael and Jordan signed a $900 million deal to stabilize the popular salt lake\n\n(CNN)Something's happening at the lowest point on our ...",
                "date": "2016-11-20",
                "id": "11895882",
                "isDuplicate": false,
                "lang": "eng",
                "sim": 0.8705882430076599,
                "source": {
                    "id": "1256",
                    "title": "CNN International",
                    "uri": "edition.cnn.com"
                },
                "time": "23:39:00",
                "title": "The Dead Sea is drying out",
                "uri": "550871716",
                "url": "http://www.cnn.com/2016/11/20/travel/cnnphotos-dead-sea-dying/index.html",
                "wgt": 1
            },
            {
                "body": "Chat with us in Facebook Messenger. Find out what's happening in the world as it unfolds.\n\nStory highlightsMilan 2-2 Inter\n\n(CNN)Once arguably the greatest local derby in Europe has recently become nothing more than a lackluster mid-table clash between two fallen giants.\n\nAs recently as 2010, Inter ...",
                "date": "2016-11-20",
                "id": "11895239",
                "isDuplicate": false,
                "lang": "eng",
                "sim": 0,
                "source": {
                    "id": "1256",
                    "title": "CNN International",
                    "uri": "edition.cnn.com"
                },
                "time": "23:32:00",
                "title": "Milan Derby: Late Ivan Perisic strike salvages a point for Inter",
                "uri": "550872421",
                "url": "http://edition.cnn.com/2016/11/20/football/inter-milan-ac-milan-derby-suso/index.html",
                "wgt": 1
            },
            {
                "body": "Chat with us in Facebook Messenger. Find out what's happening in the world as it unfolds.\n\nStory highlightsMilan 2-2 Inter\n\n(CNN)Once arguably the greatest local derby in Europe has recently become nothing more than a lackluster mid-table clash between two fallen giants.\n\nAs recently as 2010, Inter ...",
                "date": "2016-11-20",
                "id": "11893409",
                "isDuplicate": false,
                "lang": "eng",
                "sim": 0,
                "source": {
                    "id": "1256",
                    "title": "CNN International",
                    "uri": "edition.cnn.com"
                },
                "time": "23:18:00",
                "title": "Milan Derby: Late Ivan Perisic strike salvages a point for Inter",
                "uri": "550843553",
                "url": "http://edition.cnn.com/2016/11/20/football/inter-milan-ac-milan-derby-suso/index.html",
                "wgt": 1
            },
            {
                "body": "Story highlightsJuliette Kayyem: If the transition challenges are any indication, the Trump administration may not be prepared for a crisisGiven that, those outside government must prepare to respond with a steady hand and commitment to unity, writes Kayyem\n\nJuliette Kayyem is the author of the ...",
                "date": "2016-11-20",
                "id": "11891118",
                "isDuplicate": false,
                "lang": "eng",
                "sim": 0,
                "source": {
                    "id": "1256",
                    "title": "CNN International",
                    "uri": "edition.cnn.com"
                },
                "time": "22:59:00",
                "title": "How to prepare for the Day After",
                "uri": "550853049",
                "url": "http://www.cnn.com/2016/11/20/opinions/the-day-after-kayyem/index.html",
                "wgt": 1
            },
            {
                "body": "Washington (CNN)Donald Trump isn't letting slights go -- even after the ego-boosting accomplishment of winning the presidency.\n\nAs the Republican President-elect greeted candidates for Cabinet position at his Bedminster, New Jersey, golf course Sunday, he couldn't resist another shot at the cast of ...",
                "date": "2016-11-20",
                "id": "11891053",
                "isDuplicate": false,
                "lang": "eng",
                "sim": 0,
                "source": {
                    "id": "1256",
                    "title": "CNN International",
                    "uri": "edition.cnn.com"
                },
                "time": "22:59:00",
                "title": "'Hamilton': The latest feud Trump won't let go",
                "uri": "550850162",
                "url": "http://www.cnn.com/2016/11/20/politics/donald-trump-hamilton-feud/index.html",
                "wgt": 1
            },
            {
                "body": "Washington (CNN)President-elect Donald Trump told reporters he will live in the White House after he takes the oath of office, but that his wife Melania and 10-year-old son Barron will be living in New York temporarily to allow their son to finish out the year at the same school.\n\nDuring a photo op ...",
                "date": "2016-11-20",
                "id": "11891041",
                "isDuplicate": false,
                "lang": "eng",
                "sim": 0,
                "source": {
                    "id": "1256",
                    "title": "CNN International",
                    "uri": "edition.cnn.com"
                },
                "time": "22:58:00",
                "title": "Donald Trump: Melania and Barron will not move to the White House initially",
                "uri": "550852958",
                "url": "http://www.cnn.com/2016/11/20/politics/melania-trump-barron-white-house/index.html",
                "wgt": 1
            },
            {
                "body": "Story highlightsJudith Donath: Posting fake news stories is a modern form of identity politics, proclaiming an affinity for a particular communityTo remove the appeal of fake news, people need to value debate and discussion with those who hold opposing views\n\nJudith Donath is a Harvard Berkman ...",
                "date": "2016-11-20",
                "id": "11889013",
                "isDuplicate": false,
                "lang": "eng",
                "sim": 0,
                "source": {
                    "id": "1256",
                    "title": "CNN International",
                    "uri": "edition.cnn.com"
                },
                "time": "22:38:00",
                "title": "Why fake news stories thrive online",
                "uri": "550843502",
                "url": "http://www.cnn.com/2016/11/20/opinions/fake-news-stories-thrive-donath/index.html",
                "wgt": 1
            },
            {
                "body": "Chat with us in Facebook Messenger. Find out what's happening in the world as it unfolds.\n\nStory highlightsAngela Merkel says, \"The coming election will be difficult\" Chancellor notes pressure as a result of refugee crisis, Brexit vote\n\n(CNN)One of the world's most powerful leaders has announced her ...",
                "date": "2016-11-20",
                "id": "11887858",
                "isDuplicate": false,
                "lang": "eng",
                "sim": 0,
                "source": {
                    "id": "1256",
                    "title": "CNN International",
                    "uri": "edition.cnn.com"
                },
                "time": "22:27:00",
                "title": "German Chancellor Angela Merkel announces run for fourth term ",
                "uri": "550843061",
                "url": "http://www.cnn.com/2016/11/20/europe/germany-merkel-announces-run/index.html",
                "wgt": 1
            },
            {
                "body": "Story highlightsJulian Zelizer: If Democrats cut deals with a Trump presidency, they will be sending a dangerous message to their constituentsSince Trump's campaign was premised on hate, Democrats must keep a safe distance\n\nJulian Zelizer is a professor of history and public affairs at Princeton ...",
                "date": "2016-11-20",
                "id": "11887868",
                "isDuplicate": false,
                "lang": "eng",
                "sim": 0.7254902124404907,
                "source": {
                    "id": "1256",
                    "title": "CNN International",
                    "uri": "edition.cnn.com"
                },
                "time": "22:27:00",
                "title": "Should Democrats cooperate with Trump?",
                "uri": "550843499",
                "url": "http://www.cnn.com/2016/11/20/opinions/democrats-cooperate-trump-zelizer/index.html",
                "wgt": 1
            },
            {
                "body": "Chat with us in Facebook Messenger. Find out what's happening in the world as it unfolds.\n\nWashington (CNN)President-elect Donald Trump told reporters he will live in the White House after he takes the oath of office, but that his wife Melania and 10-year-old son Barron will be living in New York ...",
                "date": "2016-11-20",
                "id": "11886765",
                "isDuplicate": false,
                "lang": "eng",
                "sim": 0,
                "source": {
                    "id": "1256",
                    "title": "CNN International",
                    "uri": "edition.cnn.com"
                },
                "time": "22:16:00",
                "title": "Donald Trump: Melania and Barron will not move to the White House initially",
                "uri": "550843522",
                "url": "http://www.cnn.com/2016/11/20/politics/melania-trump-barron-white-house/index.html",
                "wgt": 1
            },
            {
                "body": "Chat with us in Facebook Messenger. Find out what's happening in the world as it unfolds.\n\nStory highlights\"I'm not going to sit here and tell you that I know,\" Flynn said. The Obama administration, the Arab League, NATO, and many western governments have pointed to Syrian President Bashar ...",
                "date": "2016-11-20",
                "id": "11884332",
                "isDuplicate": false,
                "lang": "eng",
                "sim": 0,
                "source": {
                    "id": "1256",
                    "title": "CNN International",
                    "uri": "edition.cnn.com"
                },
                "time": "21:53:00",
                "title": "Michael Flynn, on trip to Russia, said 'who knows' whether Syria gas attack was a 'false flag'",
                "uri": "550839645",
                "url": "http://www.cnn.com/2016/11/20/politics/kfile-michael-flynn-rt-syria/index.html",
                "wgt": 1
            },
            {
                "body": "Washington (CNN)President-elect Donald Trump told reporters he will live in the White House after he takes the oath of office, but that his wife Melania and 10-year-old son Barron will be living in New York temporarily to allow their son to finish out the year at the same school.\n\nDuring a photo op ...",
                "date": "2016-11-20",
                "id": "12024348",
                "isDuplicate": false,
                "lang": "eng",
                "sim": 0.7058823704719543,
                "source": {
                    "id": "1256",
                    "title": "CNN International",
                    "uri": "edition.cnn.com"
                },
                "time": "21:51:00",
                "title": "Donald Trump: Melania and Barron will not move to the White House initially",
                "uri": "551232722",
                "url": "http://www.cnn.com/2016/11/20/politics/melania-trump-barron-white-house/index.html",
                "wgt": 1
            },
            {
                "body": "Chat with us in Facebook Messenger. Find out what's happening in the world as it unfolds.\n\nStory highlights\"I'm not going to sit here and tell you that I know,\" Flynn said. The Obama administration, the Arab League, NATO, and many western governments have pointed to Syrian President Bashar ...",
                "date": "2016-11-20",
                "id": "11951224",
                "isDuplicate": false,
                "lang": "eng",
                "sim": 0,
                "source": {
                    "id": "1256",
                    "title": "CNN International",
                    "uri": "edition.cnn.com"
                },
                "time": "21:40:00",
                "title": "Michael Flynn, on trip to Russia, said 'who knows' whether Syria gas attack was a 'false flag'",
                "uri": "550856263",
                "url": "http://www.cnn.com/2016/11/20/politics/kfile-michael-flynn-rt-syria/index.html",
                "wgt": 1
            },
            {
                "body": "Chat with us in Facebook Messenger. Find out what's happening in the world as it unfolds.\n\nStory highlightsThis page includes the show TranscriptUse the Transcript to help students with reading comprehension and vocabulary\n\nNovember 21, 2016\n\nHow to avoid \"fake news,\" how a farmer rescued his cows ...",
                "date": "2016-11-20",
                "id": "11883161",
                "isDuplicate": false,
                "lang": "eng",
                "sim": 0,
                "source": {
                    "id": "1256",
                    "title": "CNN International",
                    "uri": "edition.cnn.com"
                },
                "time": "21:40:00",
                "title": "CNN Student News - November 21, 2016",
                "uri": "550839647",
                "url": "http://www.cnn.com/2016/11/20/studentnews/sn-content-mon/index.html",
                "wgt": 1
            },
            {
                "body": "In biblical lands of Iraq, Christianity in peril after ISIS\n\nBy Moni Basu, CNN\n\nUpdated 2109 GMT (0509 HKT) November 20, 2016\n\nChat with us in Facebook Messenger. Find out what's happening in the world as it unfolds.\n\nBartella, Iraq (CNN)Behnam Lalo crunches over jagged glass and tiptoes around a ...",
                "date": "2016-11-20",
                "id": "11881962",
                "isDuplicate": false,
                "lang": "eng",
                "sim": 0,
                "source": {
                    "id": "1256",
                    "title": "CNN International",
                    "uri": "edition.cnn.com"
                },
                "time": "21:30:00",
                "title": "Was ISIS final blow to Christianity in Iraq?",
                "uri": "550831531",
                "url": "http://www.cnn.com/2016/11/20/middleeast/iraq-christianity-peril/index.html",
                "wgt": 1
            },
            {
                "body": "Chat with us in Facebook Messenger. Find out what's happening in the world as it unfolds.\n\nStory highlightsAngela Merkel says, \"The coming election will be difficult\" Chancellor notes pressure as a result of refugee crisis, Brexit vote\n\n(CNN)One of the world's most powerful leaders has announced her ...",
                "date": "2016-11-20",
                "id": "11881924",
                "isDuplicate": false,
                "lang": "eng",
                "sim": 0,
                "source": {
                    "id": "1256",
                    "title": "CNN International",
                    "uri": "edition.cnn.com"
                },
                "time": "21:30:00",
                "title": "German Chancellor Angela Merkel announces run for fourth term ",
                "uri": "550824288",
                "url": "http://www.cnn.com/2016/11/20/europe/germany-merkel-announces-run/index.html",
                "wgt": 1
            },
            {
                "body": "Chat with us in Facebook Messenger. Find out what's happening in the world as it unfolds.\n\nStory highlightsAndy Murray beats Novak Djokovic (6-3 6-4) to win ATP FinalsVictory here sees Brit named year-end world No. 1 for the first time\n\nLondon (CNN)It was the match they'd all been waiting for. A ...",
                "date": "2016-11-20",
                "id": "11880937",
                "isDuplicate": false,
                "lang": "eng",
                "sim": 0,
                "source": {
                    "id": "1256",
                    "title": "CNN International",
                    "uri": "edition.cnn.com"
                },
                "time": "21:21:00",
                "title": "ATP Finals: Majestic Murray ends Djokovic reign",
                "uri": "550833236",
                "url": "http://edition.cnn.com/2016/11/20/tennis/murray-djokovic-atp-finals-world-no-1/index.html",
                "wgt": 1
            },
            {
                "body": "Chat with us in Facebook Messenger. Find out what's happening in the world as it unfolds.\n\nStory highlightsWest took aim at Facebook, Google and the mediaAsked Jay-Z to call him to talk \"like a man\"He only performed two songs for Sacramento crowd\n\nNew York (CNN)Kanye West left thousands of his ...",
                "date": "2016-11-20",
                "id": "11878677",
                "isDuplicate": false,
                "lang": "eng",
                "sim": 0.5254902243614197,
                "source": {
                    "id": "1256",
                    "title": "CNN International",
                    "uri": "edition.cnn.com"
                },
                "time": "21:03:00",
                "title": "Kanye rants on politics and Beyonce, cuts show short  ",
                "uri": "550810879",
                "url": "http://www.cnn.com/2016/11/20/us/kanye-ends-sacramento-show-early/index.html",
                "wgt": 1
            },
            {
                "body": "Chat with us in Facebook Messenger. Find out what's happening in the world as it unfolds.\n\nStory highlightsAndy Murray beats Novak Djokovic (6-3 6-4) to win ATP FinalsVictory here sees Brit named year-end world No. 1 for the first time\n\nLondon (CNN)It was the match they'd all been waiting for. A ...",
                "date": "2016-11-20",
                "id": "11876578",
                "isDuplicate": false,
                "lang": "eng",
                "sim": 0,
                "source": {
                    "id": "1256",
                    "title": "CNN International",
                    "uri": "edition.cnn.com"
                },
                "time": "20:41:00",
                "title": "ATP Finals: Majestic Murray ends Djokovic reign",
                "uri": "550809635",
                "url": "http://edition.cnn.com/2016/11/20/tennis/murray-djokovic-atp-finals-world-no-1/index.html",
                "wgt": 1
            },
            {
                "body": "Chat with us in Facebook Messenger. Find out what's happening in the world as it unfolds.\n\n(CNN)It's an almost unimaginable scenario: a victim of rape being forced to face her attacker over custody rights for a child conceived during an assault.\n\n\"Almost\" is the key word, because it's a situation ...",
                "date": "2016-11-20",
                "id": "11874749",
                "isDuplicate": false,
                "lang": "eng",
                "sim": 0,
                "source": {
                    "id": "1256",
                    "title": "CNN International",
                    "uri": "edition.cnn.com"
                },
                "time": "20:23:00",
                "title": "Where rapists can gain parental rights",
                "uri": "549174342",
                "url": "http://www.cnn.com/2016/11/17/health/parental-rights-rapists-explainer/index.html",
                "wgt": 1
            },
            {
                "body": "Story highlightsPolice chief says this was a targeted killing\"This is everyone's worst nightmare,\" chief says\n\n(CNN)A San Antonio police officer was shot to death during a traffic stop Sunday in what the department's chief described as a targeted killing similar to recent police shootings in Dallas, ...",
                "date": "2016-11-20",
                "id": "11876293",
                "isDuplicate": false,
                "lang": "eng",
                "sim": 0.7686274647712708,
                "source": {
                    "id": "1256",
                    "title": "CNN International",
                    "uri": "edition.cnn.com"
                },
                "time": "19:52:00",
                "title": "San Antonio officer killed in traffic stop",
                "uri": "550795565",
                "url": "http://www.cnn.com/2016/11/20/us/san-antonio-police-officer-killed/index.html",
                "wgt": 1
            },
            {
                "body": "Chat with us in Facebook Messenger. Find out what's happening in the world as it unfolds.\n\nStory highlightsMiddlesbrough 0-1 ChelseaChelsea returns to Premier League summit\n\n(CNN)On his way to winning three consecutive Serie A titles with Juventus, the bedrock of Antonio Conte's success was a ...",
                "date": "2016-11-20",
                "id": "11869109",
                "isDuplicate": false,
                "lang": "eng",
                "sim": 0,
                "source": {
                    "id": "1256",
                    "title": "CNN International",
                    "uri": "edition.cnn.com"
                },
                "time": "19:30:00",
                "title": "Chelsea returns to top of Premier League after narrow win over Middlesbrough",
                "uri": "550768897",
                "url": "http://edition.cnn.com/2016/11/20/football/chelsea-middlesbrough-premier-league-diego-costa/index.html",
                "wgt": 1
            },
            {
                "body": "Chat with us in Facebook Messenger. Find out what's happening in the world as it unfolds.\n\n(CNN)Ben Ainslie skippered Land Rover BAR to victory in the America's Cup World Series after a tense final day's racing in Japan.\n\nLeading by two points after day one of the Fukuoka regatta, the four-time ...",
                "date": "2016-11-20",
                "id": "11868625",
                "isDuplicate": false,
                "lang": "eng",
                "sim": 0,
                "source": {
                    "id": "1256",
                    "title": "CNN International",
                    "uri": "edition.cnn.com"
                },
                "time": "19:27:00",
                "title": "America's Cup: Land Rover BAR wins World Series ",
                "uri": "550760114",
                "url": "http://edition.cnn.com/2016/11/20/sport/americas-cup-land-rover-bar-ben-ainslie-japan-fukuoka/index.html",
                "wgt": 1
            },
            {
                "body": "Chat with us in Facebook Messenger. Find out what's happening in the world as it unfolds.\n\nStory highlightsJoe Biden's name floated as a possible Democratic National Committee chairHow long will GOP lawmakers' \"Kumbaya\" moment last with Donald Trump?\n\n(CNN)From VP to DNC? Vice President Joe Biden's ...",
                "date": "2016-11-20",
                "id": "11867822",
                "isDuplicate": false,
                "lang": "eng",
                "sim": 0,
                "source": {
                    "id": "1256",
                    "title": "CNN International",
                    "uri": "edition.cnn.com"
                },
                "time": "19:19:00",
                "title": "Joe Biden's possible plans, post-White House ",
                "uri": "550771768",
                "url": "http://www.cnn.com/2016/11/20/politics/ip-forecast-joe-biden-possible-dnc-chair/index.html",
                "wgt": 1
            },
            {
                "body": "Story highlightsIncoming chief of staff: \"We will have every 'i' dotted and every 't' crossed\"Reports suggest Donald Trump hasn't completely cut ties with his business\n\nWashington (CNN)Donald Trump's soon-to-be chief of staff, Reince Priebus, said Sunday that the incoming White House counsel will be ...",
                "date": "2016-11-20",
                "id": "11866200",
                "isDuplicate": false,
                "lang": "eng",
                "sim": 0.6784313917160034,
                "source": {
                    "id": "1256",
                    "title": "CNN International",
                    "uri": "edition.cnn.com"
                },
                "time": "19:05:00",
                "title": "Priebus: Trump's White House counsel will ensure no conflicts of interest",
                "uri": "550786269",
                "url": "http://www.cnn.com/2016/11/20/politics/trump-business-conflicts-reince-priebus/index.html",
                "wgt": 1
            },
            {
                "body": "Chat with us in Facebook Messenger. Find out what's happening in the world as it unfolds.\n\nStory highlightsThe team apologized in a letter, calling their members' actions \"extremely wrong\"The wrestling program was put on hold earlier this week\n\nNew York (CNN)Columbia University has suspended members ...",
                "date": "2016-11-20",
                "id": "11865083",
                "isDuplicate": false,
                "lang": "eng",
                "sim": 0,
                "source": {
                    "id": "1256",
                    "title": "CNN International",
                    "uri": "edition.cnn.com"
                },
                "time": "18:53:00",
                "title": "Columbia suspends wrestlers over lewd texts",
                "uri": "550763941",
                "url": "http://edition.cnn.com/2016/11/20/sport/new-york-columbia-wrestling-suspensions/index.html",
                "wgt": 1
            },
            {
                "body": "Story highlightsIncoming chief of staff: \"We will have every 'i' dotted and every 't' crossed\"Reports suggest Donald Trump hasn't completely cut ties with his business\n\nWashington (CNN)Donald Trump's soon-to-be chief of staff, Reince Priebus, said Sunday that the incoming White House counsel will be ...",
                "date": "2016-11-20",
                "id": "11900099",
                "isDuplicate": false,
                "lang": "eng",
                "sim": 0.6196078658103943,
                "source": {
                    "id": "1256",
                    "title": "CNN International",
                    "uri": "edition.cnn.com"
                },
                "time": "18:44:00",
                "title": "Priebus: Trump's White House counsel will ensure no conflicts of interest",
                "uri": "550885945",
                "url": "http://www.cnn.com/2016/11/20/politics/trump-business-conflicts-reince-priebus/index.html",
                "wgt": 1
            },
            {
                "body": "Story highlightsMany Democrats are already disturbed about racially insensitive comments Sessions may have madeBut Sessions' political ties to Trump and Senate Republican leaders could help him\n\nWashington (CNN)Republican Sen. Jeff Sessions is preparing to face fresh scrutiny for a decades' old ...",
                "date": "2016-11-20",
                "id": "11860405",
                "isDuplicate": true,
                "lang": "eng",
                "sim": 0,
                "source": {
                    "id": "1256",
                    "title": "CNN International",
                    "uri": "edition.cnn.com"
                },
                "time": "18:15:00",
                "title": "Battle over race returns to Capitol with Sessions' bid to become AG",
                "uri": "550772781",
                "url": "http://www.cnn.com/2016/11/18/politics/jeff-sessions-attorney-general-race/index.html",
                "wgt": 1
            },
            {
                "body": "Story highlights Two juveniles have been arrested in connection to the killingJovan Wilson, 15, was shot in the head at his residence on Friday\n\nWashington (CNN)Two juveniles have been arrested in connection with the fatal shooting of the grandson of U.S. Rep. Danny Davis of Chicago, Chicago police ...",
                "date": "2016-11-20",
                "id": "11866620",
                "isDuplicate": false,
                "lang": "eng",
                "sim": 0,
                "source": {
                    "id": "1256",
                    "title": "CNN International",
                    "uri": "edition.cnn.com"
                },
                "time": "16:57:00",
                "title": "2 held in shooting death of congressman's grandson",
                "uri": "550749282",
                "url": "http://www.cnn.com/2016/11/20/politics/danny-davis-grandson-killed/index.html",
                "wgt": 1
            },
            {
                "body": "Chat with us in Facebook Messenger. Find out what's happening in the world as it unfolds.\n\nStory highlightsThe team apologized in a letter, calling their members' actions \"extremely wrong\"The wrestling program was put on hold earlier this week\n\nNew York (CNN)Columbia University has suspended members ...",
                "date": "2016-11-20",
                "id": "11847607",
                "isDuplicate": false,
                "lang": "eng",
                "sim": 0,
                "source": {
                    "id": "1256",
                    "title": "CNN International",
                    "uri": "edition.cnn.com"
                },
                "time": "16:35:00",
                "title": "Columbia suspends wrestlers over lewd texts",
                "uri": "550739409",
                "url": "http://edition.cnn.com/2016/11/19/sport/new-york-columbia-wrestling-suspensions/index.html",
                "wgt": 1
            },
            {
                "body": "Chat with us in Facebook Messenger. Find out what's happening in the world as it unfolds.\n\nStory highlightsListeria monocytogenes were found in a plant but not in tested products, the FDA saysThe products were distributed in the United States and Canada\n\n(CNN)Sabra Dipping Co. is voluntarily ...",
                "date": "2016-11-20",
                "id": "11847624",
                "isDuplicate": false,
                "lang": "eng",
                "sim": 0,
                "source": {
                    "id": "1256",
                    "title": "CNN International",
                    "uri": "edition.cnn.com"
                },
                "time": "16:35:00",
                "title": "Sabra recalls hummus products",
                "uri": "550739428",
                "url": "http://www.cnn.com/2016/11/19/health/hummus-sabra-recalled/index.html",
                "wgt": 1
            },
            {
                "body": "Chat with us in Facebook Messenger. Find out what's happening in the world as it unfolds.\n\nStory highlightsColumbia University has opened an investigation into its wrestling team over alleged lewd group messages and textsThe university said the team will not compete until it has a \"full ...",
                "date": "2016-11-20",
                "id": "11847631",
                "isDuplicate": true,
                "lang": "eng",
                "sim": 0,
                "source": {
                    "id": "1256",
                    "title": "CNN International",
                    "uri": "edition.cnn.com"
                },
                "time": "16:35:00",
                "title": "Columbia halts wrestling program amid investigation into lewd texts",
                "uri": "550739414",
                "url": "http://edition.cnn.com/2016/11/15/sport/columbia-wrestling-season-on-hold-amid-investigation/index.html",
                "wgt": 1
            },
            {
                "body": "New satellite will vastly improve your weather forecast\n\nBy Derek Van Dam, Michael Guy and Judson Jones, CNN\n\nUpdated 0208 GMT (1008 HKT) November 20, 2016\n\nChat with us in Facebook Messenger. Find out what's happening in the world as it unfolds.\n\n(CNN)It doesn't matter where you get your weather ...",
                "date": "2016-11-20",
                "id": "11847634",
                "isDuplicate": false,
                "lang": "eng",
                "sim": 0,
                "source": {
                    "id": "1256",
                    "title": "CNN International",
                    "uri": "edition.cnn.com"
                },
                "time": "16:35:00",
                "title": "Improving weather forecast with one satellite",
                "uri": "550739426",
                "url": "http://www.cnn.com/2016/11/18/us/weather-goes-r-satellite/index.html",
                "wgt": 1
            },
            {
                "body": "Story highlights Protesters are outside Trump Tower in New YorkThe Washington event drew hundreds of protesters holding anti-fascist signs\n\nWashington (CNN)A member of a white nationalist group was bloodied Saturday while confronting a large group of protesters outside the site of a Washington ...",
                "date": "2016-11-20",
                "id": "11847638",
                "isDuplicate": false,
                "lang": "eng",
                "sim": 0,
                "source": {
                    "id": "1256",
                    "title": "CNN International",
                    "uri": "edition.cnn.com"
                },
                "time": "16:35:00",
                "title": "White nationalist bloodied during DC protest",
                "uri": "550614852",
                "url": "http://www.cnn.com/2016/11/19/politics/donald-trump-protest/index.html",
                "wgt": 1
            },
            {
                "body": "(CNN)Alec Baldwin returned to \"Saturday Night Live\" to portray President-elect Donald Trump for the first time since the election.\n\nBaldwin opened this weekend's episode of the longtime NBC variety show as Trump, who was busy taking meetings with a range of people, including 'SNL' alum Jason ...",
                "date": "2016-11-20",
                "id": "11847651",
                "isDuplicate": false,
                "lang": "eng",
                "sim": 0.6823529601097107,
                "source": {
                    "id": "1256",
                    "title": "CNN International",
                    "uri": "edition.cnn.com"
                },
                "time": "16:35:00",
                "title": "Alec Baldwin returns as Trump on 'SNL' ",
                "uri": "550549373",
                "url": "http://www.cnn.com/2016/11/20/entertainment/saturday-night-live-alec-baldwin-trump-election/index.html",
                "wgt": 1
            },
            {
                "body": "Story highlightsDonald Trump has demanded that \"Hamilton\" cast apologize to Mike PenceBroadway musical cast member addressed Pence from stage over anxiety after election\n\nWashington (CNN)Vice President-elect Mike Pence said the boos he faced at the Broadway production of \"Hamilton\" were \"what ...",
                "date": "2016-11-20",
                "id": "11847274",
                "isDuplicate": false,
                "lang": "eng",
                "sim": 0.8039215803146362,
                "source": {
                    "id": "1256",
                    "title": "CNN International",
                    "uri": "edition.cnn.com"
                },
                "time": "16:32:00",
                "title": "Pence: 'I wasn't offended' by message of 'Hamilton' cast",
                "uri": "550738409",
                "url": "http://www.cnn.com/2016/11/20/politics/mike-pence-hamilton-message-trump/index.html",
                "wgt": 1
            },
            {
                "body": "Chat with us in Facebook Messenger. Find out what's happening in the world as it unfolds.\n\nStory highlightsRep. Tim Ryan said Democrats should have driven a \"deeply economic\" messageRyan is challenging Nancy Pelosi to lead Democrats in the House\n\nWashington (CNN)Rep. Tim Ryan, the Ohio Democrat ...",
                "date": "2016-11-20",
                "id": "11843508",
                "isDuplicate": false,
                "lang": "eng",
                "sim": 0,
                "source": {
                    "id": "1256",
                    "title": "CNN International",
                    "uri": "edition.cnn.com"
                },
                "time": "16:04:00",
                "title": "Pelosi challenger: Democrats lost economic focus",
                "uri": "550724615",
                "url": "http://www.cnn.com/2016/11/20/politics/tim-ryan-house-democrats-pelosi-trump/index.html",
                "wgt": 1
            },
            {
                "body": "Story highlightsIncoming chief of staff defends the $25 million Trump University lawsuit settlementReince Priebus says Donald Trump wanted to take office \"without distraction\"\n\nWashington (CNN)Donald Trump's incoming chief of staff defended his new boss' decision to pay $25 million to settle Trump ...",
                "date": "2016-11-20",
                "id": "11843431",
                "isDuplicate": false,
                "lang": "eng",
                "sim": 0,
                "source": {
                    "id": "1256",
                    "title": "CNN International",
                    "uri": "edition.cnn.com"
                },
                "time": "16:03:00",
                "title": "Priebus on $25 million settlement: Trump wanted to take office 'without distraction'",
                "uri": "550714935",
                "url": "http://www.cnn.com/2016/11/20/politics/reince-priebus-trump-university/index.html",
                "wgt": 1
            },
            {
                "body": "Washington (CNN)Under the Obama administration, Attorneys General Eric Holder and Loretta Lynch dedicated Justice Department resources to areas such as civil liberties, voting rights, same-sex marriage, environmental and consumer protection.\n\nElections have consequences, however, and President-elect ...",
                "date": "2016-11-20",
                "id": "11826704",
                "isDuplicate": false,
                "lang": "eng",
                "sim": 0,
                "source": {
                    "id": "1256",
                    "title": "CNN International",
                    "uri": "edition.cnn.com"
                },
                "time": "13:41:00",
                "title": "How Jeff Sessions could change the Justice Department",
                "uri": "550431262",
                "url": "http://www.cnn.com/2016/11/18/politics/jeff-sessions-justice-department/index.html",
                "wgt": 1
            },
            {
                "body": "Chat with us in Facebook Messenger. Find out what's happening in the world as it unfolds.\n\nStory highlightsAccident occurred on Savannah's River StreetFirefighter died of apparent medical condition\n\n(CNN)A Savannah firefighter died on Saturday in a rescue mission after a dock collapsed in the ...",
                "date": "2016-11-20",
                "id": "11824556",
                "isDuplicate": false,
                "lang": "eng",
                "sim": 0,
                "source": {
                    "id": "1256",
                    "title": "CNN International",
                    "uri": "edition.cnn.com"
                },
                "time": "13:24:00",
                "title": "Dock collapses in GA tourist city; 1 dead",
                "uri": "550611243",
                "url": "http://www.cnn.com/2016/11/20/us/georgia-dock-collapse-on-savannah-river/index.html",
                "wgt": 1
            },
            {
                "body": "Chat with us in Facebook Messenger. Find out what's happening in the world as it unfolds.\n\nStory highlightsShia-led Popular Mobilization Units making advance on Tal Afar in battle to retake MosulSunni leaders say only Iraqi army is supposed to enter certain towns in ISIS fight\n\n(CNN)Iraqi ...",
                "date": "2016-11-20",
                "id": "11824191",
                "isDuplicate": false,
                "lang": "eng",
                "sim": 0,
                "source": {
                    "id": "1256",
                    "title": "CNN International",
                    "uri": "edition.cnn.com"
                },
                "time": "13:21:00",
                "title": "Iraqi battle for Mosul prompts fears of more sectarian violence",
                "uri": "550421736",
                "url": "http://www.cnn.com/2016/11/19/middleeast/battle-for-mosul-tal-afar/index.html",
                "wgt": 1
            },
            {
                "body": "Chat with us in Facebook Messenger. Find out what's happening in the world as it unfolds.\n\nStory highlightsThe men conspired to smuggle nearly a ton of cocaine into the United StatesSentencing is set for March\n\n(CNN)Two nephews of Venezuela's first lady, Cilia Flores, have been convicted in US ...",
                "date": "2016-11-20",
                "id": "11824170",
                "isDuplicate": false,
                "lang": "eng",
                "sim": 0,
                "source": {
                    "id": "1256",
                    "title": "CNN International",
                    "uri": "edition.cnn.com"
                },
                "time": "13:21:00",
                "title": "Venezuelan first lady's nephews convicted",
                "uri": "550662436",
                "url": "http://www.cnn.com/2016/11/19/us/venezuela-president-family-convicted-drugs/index.html",
                "wgt": 1
            },
            {
                "body": "Story highlightsMichael D'Antonio: Trump has long vexed those who would work with him, compete against him or even seek to understand himWorld leaders everywhere are now faced with the question: How do you deal with Donald Trump?\n\nMichael D'Antonio, the author of \"The Truth About Trump,\" is writing ...",
                "date": "2016-11-20",
                "id": "11824165",
                "isDuplicate": false,
                "lang": "eng",
                "sim": 0,
                "source": {
                    "id": "1256",
                    "title": "CNN International",
                    "uri": "edition.cnn.com"
                },
                "time": "13:21:00",
                "title": "The question 7 billion people want answered -- how do you deal with Donald Trump?",
                "uri": "550662443",
                "url": "http://www.cnn.com/2016/11/18/opinions/how-do-you-deal-with-donald-trump-dantonio/index.html",
                "wgt": 1
            },
            {
                "body": "Chat with us in Facebook Messenger. Find out what's happening in the world as it unfolds.\n\nStory highlightsPresident Park will be the first sitting South Korean leader to be investigatedA confidante and two former aides of Park's face corruption charges\n\n(CNN)South Korean President Park Geun-hye ...",
                "date": "2016-11-20",
                "id": "11824153",
                "isDuplicate": false,
                "lang": "eng",
                "sim": 0.6117647290229797,
                "source": {
                    "id": "1256",
                    "title": "CNN International",
                    "uri": "edition.cnn.com"
                },
                "time": "13:21:00",
                "title": "South Korea: 3 charged in corruption scandal",
                "uri": "550541393",
                "url": "http://www.cnn.com/2016/11/20/asia/south-korea-indictment/index.html",
                "wgt": 1
            },
            {
                "body": "Story highlightsOfficial: Fourteen cars in a 23-car train derailed near Kanpur, IndiaCause of crash is under investigation\n\n(CNN)At least 116 people were killed early Sunday when a Patna-Indore Express train derailed near India's northern city of Kanpur, according to a police official in ...",
                "date": "2016-11-20",
                "id": "11824144",
                "isDuplicate": false,
                "lang": "eng",
                "sim": 0.5882353186607361,
                "source": {
                    "id": "1256",
                    "title": "CNN International",
                    "uri": "edition.cnn.com"
                },
                "time": "13:21:00",
                "title": "Scores killed in India train derailment ",
                "uri": "550662428",
                "url": "http://www.cnn.com/2016/11/19/asia/indian-train-derailment-kills-dozens/index.html",
                "wgt": 1
            },
            {
                "body": "Story highlights Activist group: A barrel bomb with chlorine gas was dropped from a helicopter\"Inside the city of Aleppo is a Holocaust,\" a resident says\n\n(CNN)A family of six was killed in a suspected chlorine gas attack in war-ravaged eastern Aleppo on Sunday, as the death toll in a six-day blitz ...",
                "date": "2016-11-20",
                "id": "11824140",
                "isDuplicate": false,
                "lang": "eng",
                "sim": 0.6117647290229797,
                "source": {
                    "id": "1256",
                    "title": "CNN International",
                    "uri": "edition.cnn.com"
                },
                "time": "13:21:00",
                "title": "Syria: Aleppo family of 6 killed in 'chemical attack'",
                "uri": "550618848",
                "url": "http://www.cnn.com/2016/11/20/middleeast/syria-aleppo-airstrikes/index.html",
                "wgt": 1
            },
            {
                "body": "Story highlightsArjun Sethi: NSEERS program bred fear and upheaval for thousands living in the USTrump advisers may be considering it but it never resulted in a single terror conviction, he writes\n\nArjun Singh Sethi is a civil rights writer, lawyer, and teacher based in Washington, D.C. He is ...",
                "date": "2016-11-20",
                "id": "11824176",
                "isDuplicate": false,
                "lang": "eng",
                "sim": 0,
                "source": {
                    "id": "1256",
                    "title": "CNN International",
                    "uri": "edition.cnn.com"
                },
                "time": "13:21:00",
                "title": "How Trump camp is wrong on immigrant registry",
                "uri": "550662452",
                "url": "http://www.cnn.com/2016/11/18/opinions/trump-kobach-wrong-nseers-sethi-opinion/index.html",
                "wgt": 1
            },
            {
                "body": "President-elect Trump will have about 4,000 government positions to fill, including some of the most important posts in the US government. His team has been at work coming up with possible candidates for the top jobs, but there is a smaller universe of Republicans who were close to his campaign. ...",
                "date": "2016-11-20",
                "id": "11803310",
                "isDuplicate": false,
                "lang": "eng",
                "sim": 0,
                "source": {
                    "id": "1256",
                    "title": "CNN International",
                    "uri": "edition.cnn.com"
                },
                "time": "10:10:00",
                "title": "Who could be in Trump's Cabinet?",
                "uri": "548247012",
                "url": "http://www.cnn.com/interactive/2016/11/politics/new-cabinet/",
                "wgt": 1
            },
            {
                "body": "Story highlightsPence has been in New York with President-elect Donald TrumpWord spread on social media that Pence was in the house for the hit Broadway show\n\nWashington (CNN)President-elect Donald Trump accused the \"Hamilton\" cast Saturday of harassing Vice President-elect Mike Pence at a ...",
                "date": "2016-11-20",
                "id": "11780183",
                "isDuplicate": false,
                "lang": "eng",
                "sim": 0.8117647171020508,
                "source": {
                    "id": "1256",
                    "title": "CNN International",
                    "uri": "edition.cnn.com"
                },
                "time": "06:03:00",
                "title": "Trump: Pence 'harassed' by 'Hamilton' cast",
                "uri": "550544470",
                "url": "http://www.cnn.com/2016/11/18/politics/mike-pence-hamilton-musical/index.html",
                "wgt": 1
            },
            {
                "body": "Chat with us in Facebook Messenger. Find out what's happening in the world as it unfolds.\n\n(CNN)Alec Baldwin returned to \"Saturday Night Live\" to portray President-elect Donald Trump for the first time since the election.\n\nBaldwin opened this weekend's episode of the longtime NBC variety show as ...",
                "date": "2016-11-20",
                "id": "11780182",
                "isDuplicate": false,
                "lang": "eng",
                "sim": 0,
                "source": {
                    "id": "1256",
                    "title": "CNN International",
                    "uri": "edition.cnn.com"
                },
                "time": "06:03:00",
                "title": "Alec Baldwin returns as Trump on 'SNL' ",
                "uri": "550541857",
                "url": "http://www.cnn.com/2016/11/20/entertainment/saturday-night-live-alec-baldwin-trump-election/index.html",
                "wgt": 1
            },
            {
                "body": "Chat with us in Facebook Messenger. Find out what's happening in the world as it unfolds.\n\n(CNN)At least 63 people were killed early Sunday when a Patna-Indore Express train derailed near India's northern city of Kanpur, according to Zaki Ahmed, Inspector General with the Kanpur police, speaking to ...",
                "date": "2016-11-20",
                "id": "11775071",
                "isDuplicate": false,
                "lang": "eng",
                "sim": 0.5803921818733215,
                "source": {
                    "id": "1256",
                    "title": "CNN International",
                    "uri": "edition.cnn.com"
                },
                "time": "04:58:00",
                "title": "India train derailment kills at least 63",
                "uri": "550513734",
                "url": "http://www.cnn.com/2016/11/19/asia/indian-train-derailment-kills-dozens/index.html",
                "wgt": 1
            },
            {
                "body": "Chat with us in Facebook Messenger. Find out what's happening in the world as it unfolds.\n\nStory highlightsPresident Obama's top counterterrorism adviser tells Peter Bergen ISIS is on the runLisa Monaco warns of possibility of terrorist attack in early days of Trump presidency\n\nPeter Bergen is CNN's ...",
                "date": "2016-11-20",
                "id": "11772472",
                "isDuplicate": true,
                "lang": "eng",
                "sim": 0,
                "source": {
                    "id": "1256",
                    "title": "CNN International",
                    "uri": "edition.cnn.com"
                },
                "time": "04:28:00",
                "title": "Obama's counterterrorism adviser on threats facing Trump administration",
                "uri": "550523036",
                "url": "http://www.cnn.com/2016/11/19/politics/obama-terrorism-adviser-trump-transition-bergen/index.html",
                "wgt": 1
            },
            {
                "body": "Chat with us in Facebook Messenger. Find out what's happening in the world as it unfolds.\n\nStory highlightsThe men conspired to smuggle nearly a ton of cocaine into the United StatesSentencing is set for March\n\n(CNN)Two nephews of Venezuela's first lady, Cilia Flores, have been convicted in US ...",
                "date": "2016-11-20",
                "id": "11762887",
                "isDuplicate": false,
                "lang": "eng",
                "sim": 0,
                "source": {
                    "id": "1256",
                    "title": "CNN International",
                    "uri": "edition.cnn.com"
                },
                "time": "02:10:00",
                "title": "Venezuelan first lady's nephews convicted",
                "uri": "550488271",
                "url": "http://www.cnn.com/2016/11/19/us/venezuela-president-family-convicted-drugs/index.html",
                "wgt": 1
            },
            {
                "body": "Story highlightsThe two men met for a little over an hour in Bedminster, New Jersey\"All I can say is he is the real deal. He is the real deal,\" Trump said\n\nBedminster, New Jersey (CNN)President-elect Donald Trump is very interested in the idea of having retired Marine Gen. James Mattis serve in his ...",
                "date": "2016-11-20",
                "id": "11762886",
                "isDuplicate": false,
                "lang": "eng",
                "sim": 0,
                "source": {
                    "id": "1256",
                    "title": "CNN International",
                    "uri": "edition.cnn.com"
                },
                "time": "02:10:00",
                "title": "Mattis leading candidate for defense secretary, source says",
                "uri": "550478383",
                "url": "http://www.cnn.com/2016/11/19/politics/donald-trump-james-mattis-defense-secretary/index.html",
                "wgt": 1
            },
            {
                "body": "New satellite will vastly improve your weather forecast\n\nBy Derek Van Dam, Michael Guy and Judson Jones, CNN\n\nUpdated 0208 GMT (1008 HKT) November 20, 2016\n\nChat with us in Facebook Messenger. Find out what's happening in the world as it unfolds.\n\n(CNN)It doesn't matter where you get your weather ...",
                "date": "2016-11-20",
                "id": "11769778",
                "isDuplicate": false,
                "lang": "eng",
                "sim": 0,
                "source": {
                    "id": "1256",
                    "title": "CNN International",
                    "uri": "edition.cnn.com"
                },
                "time": "02:08:00",
                "title": "Improving weather forecast with one satellite",
                "uri": "549908825",
                "url": "http://www.cnn.com/2016/11/18/us/weather-goes-r-satellite/index.html",
                "wgt": 1
            },
            {
                "body": "Chat with us in Facebook Messenger. Find out what's happening in the world as it unfolds.\n\nStory highlightsAtletico Madrid 0-3 Real MadridCristiano Ronaldo hits hat-trickLast Madrid Derby to be played at Vicente Calderon\n\n(CNN)Cristiano Ronaldo scored his 39th Real Madrid hat-trick to give Zinedine ...",
                "date": "2016-11-20",
                "id": "11758756",
                "isDuplicate": true,
                "lang": "eng",
                "sim": 0,
                "source": {
                    "id": "1256",
                    "title": "CNN International",
                    "uri": "edition.cnn.com"
                },
                "time": "01:06:00",
                "title": "Ronaldo hits hat-trick as Real beats Atletico in Madrid Derby",
                "uri": "550480494",
                "url": "http://edition.cnn.com/2016/11/19/football/cristiano-ronaldo-real-madrid-atletico-madrid-la-liga/index.html",
                "wgt": 1
            },
            {
                "body": "Story highlightsObama said \"modifications\" to existing trade agreements are possible\"Democracy is more than just elections,\" Obama said\n\nLima, Peru (CNN)President Barack Obama predicted in Peru Saturday that a Trump presidency won't result in \"major changes in policy\" for the US-Latin America ...",
                "date": "2016-11-20",
                "id": "11757951",
                "isDuplicate": false,
                "lang": "eng",
                "sim": 0,
                "source": {
                    "id": "1256",
                    "title": "CNN International",
                    "uri": "edition.cnn.com"
                },
                "time": "00:52:00",
                "title": "In Peru, Obama predicts rising tensions on trade",
                "uri": "550448427",
                "url": "http://www.cnn.com/2016/11/19/politics/obama-peru-trade-donald-trump/index.html",
                "wgt": 1
            },
            {
                "body": "Chat with us in Facebook Messenger. Find out what's happening in the world as it unfolds.\n\nStory highlightsAtletico Madrid 0-3 Real MadridCristiano Ronaldo hits hat-trickLast Madrid Derby to be played at Vicente Calderon\n\n(CNN)Cristiano Ronaldo scored his 39th Real Madrid hat-trick to give Zinedine ...",
                "date": "2016-11-20",
                "id": "11756034",
                "isDuplicate": false,
                "lang": "eng",
                "sim": 0.6941176652908325,
                "source": {
                    "id": "1256",
                    "title": "CNN International",
                    "uri": "edition.cnn.com"
                },
                "time": "00:29:00",
                "title": "Ronaldo hits hat-trick as Real beats Atletico in Madrid Derby",
                "uri": "550468334",
                "url": "http://edition.cnn.com/2016/11/19/football/cristiano-ronaldo-real-madrid-atletico-madrid-la-liga/index.html",
                "wgt": 1
            },
            {
                "body": "Chat with us in Facebook Messenger. Find out what's happening in the world as it unfolds.\n\nStory highlightsListeria monocytogenes were found in a plant but not in tested products, the FDA saysThe products were distributed in the United States and Canada\n\n(CNN)Sabra Dipping Co. is recalling some ...",
                "date": "2016-11-20",
                "id": "11754919",
                "isDuplicate": false,
                "lang": "eng",
                "sim": 0.9215686321258545,
                "source": {
                    "id": "1256",
                    "title": "CNN International",
                    "uri": "edition.cnn.com"
                },
                "time": "00:17:00",
                "title": "Sabra recalls hummus products",
                "uri": "550468337",
                "url": "http://www.cnn.com/2016/11/19/health/hummus-sabra-recalled/index.html",
                "wgt": 1
            },
            {
                "body": "Chat with us in Facebook Messenger. Find out what's happening in the world as it unfolds.\n\nStory highlightsListeria monocytogenes were found in a plant but not in tested products, the FDA saysThe products were distributed in the United States and Canada\n\n(CNN)Sabra Dipping Co. is voluntarily ...",
                "date": "2016-11-20",
                "id": "11780631",
                "isDuplicate": false,
                "lang": "eng",
                "sim": 0,
                "source": {
                    "id": "1256",
                    "title": "CNN International",
                    "uri": "edition.cnn.com"
                },
                "time": "00:02:00",
                "title": "Sabra recalls hummus products",
                "uri": "550481102",
                "url": "http://www.cnn.com/2016/11/19/health/hummus-sabra-recalled/index.html",
                "wgt": 1
            }
        ],
        "totalResults": 60
    }
}