{
    "articles": {
        "count": 23,
        "page": 1,
        "pages": 1,
        "results": [
            {
                "body": "Janitors, baggage handlers, cabin cleaners and wheelchair attendants, who are not unionized but are working with the Service Employees International Union, are seeking a wage of $15 an hour. Some are paid minimum wage, which is $8.25 in Illinois.\n\n\"It is not their intent to disrupt operations, but ...",
                "date": "2016-11-19",
                "id": "11741656",
                "isDuplicate": true,
                "lang": "eng",
                "sim": 0,
                "source": {
                    "id": "50",
                    "title": "CNN Money",
                    "uri": "money.cnn.com"
                },
                "time": "21:54:00",
                "title": "O'Hare airport strike planned for Thanksgiving",
                "uri": "550431359",
                "url": "http://money.cnn.com/2016/11/18/news/ohare-airport-thanksgiving-strike/index.html",
                "wgt": 1
            },
            {
                "body": "Mark Zuckerberg has outlined a series of measures that should help prevent fake news from being shared on Facebook.\n\nThe planned controls, which were announced in a late night Facebook post, follow accusations that a flood of fake news stories influenced the U.S. presidential election.\n\n\"The bottom ...",
                "date": "2016-11-19",
                "id": "11741651",
                "isDuplicate": true,
                "lang": "eng",
                "sim": 0,
                "source": {
                    "id": "50",
                    "title": "CNN Money",
                    "uri": "money.cnn.com"
                },
                "time": "21:54:00",
                "title": "Zuckerberg: Facebook will develop tools to fight fake news",
                "uri": "550431358",
                "url": "http://money.cnn.com/2016/11/19/technology/mark-zuckerberg-facebook-fake-news-election/index.html",
                "wgt": 1
            },
            {
                "body": "So the fast food giant is rolling out self-order kiosks, mobile pay options, an updated interior design, even table service.\n\nThe changes are already starting to show up at locations in Florida, New York and Southern California, where 500 restaurants have been updated. Restaurants in San Francisco, ...",
                "date": "2016-11-19",
                "id": "11741527",
                "isDuplicate": false,
                "lang": "eng",
                "sim": 0,
                "source": {
                    "id": "50",
                    "title": "CNN Money",
                    "uri": "money.cnn.com"
                },
                "time": "21:54:00",
                "title": "McDonald's: More touch screens and table service just the beginning of change",
                "uri": "549869653",
                "url": "http://money.cnn.com/2016/11/17/news/mcdonalds-steve-easterbrook/index.html",
                "wgt": 1
            },
            {
                "body": "It's easy to sell audiences on Harry Potter, but selling them on Newt Scamander may be another story.\n\nThat's the challenge for Warner Bros. this weekend as it introduces \"Fantastic Beasts and Where to Find Them.\" The film, starring Eddie Redmayne as magical zoologist Scamander, is a spinoff of the ...",
                "date": "2016-11-19",
                "id": "11713664",
                "isDuplicate": false,
                "lang": "eng",
                "sim": 0,
                "source": {
                    "id": "50",
                    "title": "CNN Money",
                    "uri": "money.cnn.com"
                },
                "time": "17:32:00",
                "title": "'Fantastic Beasts' hopes to find 'Harry Potter' fans this weekend",
                "uri": "550340873",
                "url": "http://money.cnn.com/2016/11/18/media/fantastic-beasts-box-office-projection-harry-potter/index.html",
                "wgt": 1
            },
            {
                "body": "Video and images of President-elect Donald Trump's meeting with Japanese Prime Minister Shinzo Abe on Thursday will not be seen on most major U.S. news outlets.\n\nThe reason? Trump and Abe did not give the press access to the meeting. Instead, the Japanese government provided a video of the meeting, ...",
                "date": "2016-11-19",
                "id": "11713656",
                "isDuplicate": true,
                "lang": "eng",
                "sim": 0,
                "source": {
                    "id": "50",
                    "title": "CNN Money",
                    "uri": "money.cnn.com"
                },
                "time": "17:32:00",
                "title": "Why press won't run video of Trump and Japanese prime minister",
                "uri": "550347423",
                "url": "http://money.cnn.com/2016/11/18/media/donald-trump-shinzo-abe-video/index.html",
                "wgt": 1
            },
            {
                "body": "\"The only BAD thing about winning the presidency\" is he doesn't have time to sit for a trial he says he would have won, he tweeted. \"Too bad!\"\n\nTrump also said the $25 million settlement was much less than his potential financial exposure in the cases, which alleged Trump defrauded people who ...",
                "date": "2016-11-19",
                "id": "11711511",
                "isDuplicate": false,
                "lang": "eng",
                "sim": 0,
                "source": {
                    "id": "50",
                    "title": "CNN Money",
                    "uri": "money.cnn.com"
                },
                "time": "17:17:00",
                "title": "President-elect tweets he could have won Trump University trial",
                "uri": "550328439",
                "url": "http://money.cnn.com/2016/11/19/news/trump-university-settlement-tweets/index.html",
                "wgt": 1
            },
            {
                "body": "Video and images of President-elect Donald Trump's meeting with Japanese Prime Minister Shinzo Abe on Thursday will not be seen on most major U.S. news outlets.\n\nThe reason? Trump and Abe did not give the press access to the meeting. Instead, the Japanese government provided a video of the meeting, ...",
                "date": "2016-11-19",
                "id": "11710995",
                "isDuplicate": false,
                "lang": "eng",
                "sim": 0,
                "source": {
                    "id": "50",
                    "title": "CNN Money",
                    "uri": "money.cnn.com"
                },
                "time": "17:13:00",
                "title": "Why press won't run video of Trump and Japanese prime minister",
                "uri": "549951359",
                "url": "http://money.cnn.com/2016/11/18/media/donald-trump-shinzo-abe-video/index.html",
                "wgt": 1
            },
            {
                "body": "\"The only BAD thing about winning the presidency\" is he doesn't have time to sit for a trial he says he would have won, he tweeted. \"Too bad!\"\n\nTrump also said the $25 million settlement was much less than his potential financial exposure in the cases, which alleged Trump defrauded people who ...",
                "date": "2016-11-19",
                "id": "11704449",
                "isDuplicate": false,
                "lang": "eng",
                "sim": 0,
                "source": {
                    "id": "50",
                    "title": "CNN Money",
                    "uri": "money.cnn.com"
                },
                "time": "16:23:00",
                "title": "President-elect tweets he could have won Trump University trial",
                "uri": "550308573",
                "url": "http://money.cnn.com/2016/11/19/news/trump-university-settlement-tweets/index.html",
                "wgt": 1
            },
            {
                "body": "Some of America's largest cities say they are going to remain so-called sanctuary cities even though they risk being cut off financially by the federal government once Donald Trump takes office.\n\nAs part of his immigration plan, President-elect Trump has pledged to block federal funding to these ...",
                "date": "2016-11-19",
                "id": "11697446",
                "isDuplicate": false,
                "lang": "eng",
                "sim": 0,
                "source": {
                    "id": "50",
                    "title": "CNN Money",
                    "uri": "money.cnn.com"
                },
                "time": "15:23:00",
                "title": "Sanctuary cities risk billions in federal funding in defiance of Trump",
                "uri": "550291460",
                "url": "http://money.cnn.com/2016/11/19/news/economy/sanctuary-cities-trump-funding/index.html",
                "wgt": 1
            },
            {
                "body": "\"The only BAD thing about winning the presidency\" is he doesn't have time to sit for a trial he says he would have won, he tweeted. \"Too bad!\"\n\nTrump also said the $25 million settlement was much less than his potential financial exposure in the cases, which alleged Trump defrauded people who ...",
                "date": "2016-11-19",
                "id": "11697255",
                "isDuplicate": false,
                "lang": "eng",
                "sim": 0,
                "source": {
                    "id": "50",
                    "title": "CNN Money",
                    "uri": "money.cnn.com"
                },
                "time": "15:22:00",
                "title": "President-elect tweets he could have won Trump University trial",
                "uri": "550303792",
                "url": "http://money.cnn.com/2016/11/19/news/trump-university-settlement-tweets/index.html",
                "wgt": 1
            },
            {
                "body": "The distinction is significant. It means that neither fighters nor cheerleaders get the guaranteed pay and benefits that employees are entitled to under the law.\n\nUFC fighters sign individual contracts with the company that only cover certain fights. Those deals vary in terms of how much individuals ...",
                "date": "2016-11-19",
                "id": "11694509",
                "isDuplicate": true,
                "lang": "eng",
                "sim": 0,
                "source": {
                    "id": "50",
                    "title": "CNN Money",
                    "uri": "money.cnn.com"
                },
                "time": "15:01:00",
                "title": "UFC fighters get in the ring, but they're not employees",
                "uri": "550294767",
                "url": "http://money.cnn.com/2016/11/19/news/ufc-fighters-employees/index.html",
                "wgt": 1
            },
            {
                "body": "The distinction is significant. It means that neither fighters nor cheerleaders get the guaranteed pay and benefits that employees are entitled to under the law.\n\nUFC fighters sign individual contracts with the company that only cover certain fights. Those deals vary in terms of how much individuals ...",
                "date": "2016-11-19",
                "id": "11693347",
                "isDuplicate": false,
                "lang": "eng",
                "sim": 0,
                "source": {
                    "id": "50",
                    "title": "CNN Money",
                    "uri": "money.cnn.com"
                },
                "time": "14:51:00",
                "title": "UFC fighters get in the ring, but they're not employees",
                "uri": "550287535",
                "url": "http://money.cnn.com/2016/11/19/news/ufc-fighters-employees/index.html",
                "wgt": 1
            },
            {
                "body": "Some of America's largest cities say they are going to remain so-called sanctuary cities even though they risk being cut off financially by the federal government once Donald Trump takes office.\n\nAs part of his immigration plan, President-elect Trump has pledged to block federal funding to these ...",
                "date": "2016-11-19",
                "id": "11691767",
                "isDuplicate": false,
                "lang": "eng",
                "sim": 0,
                "source": {
                    "id": "50",
                    "title": "CNN Money",
                    "uri": "money.cnn.com"
                },
                "time": "14:39:00",
                "title": "Sanctuary cities risk billions in federal funding in defiance of Trump",
                "uri": "550286299",
                "url": "http://money.cnn.com/2016/11/19/news/economy/sanctuary-cities-trump-funding/index.html",
                "wgt": 1
            },
            {
                "body": "Some of America's largest cities say they are going to remain so-called sanctuary cities even though they risk being cut off financially by the federal government once Donald Trump takes office.\n\nAs part of his immigration plan, President-elect Trump has pledged to block federal funding to these ...",
                "date": "2016-11-19",
                "id": "11719693",
                "isDuplicate": false,
                "lang": "eng",
                "sim": 0,
                "source": {
                    "id": "50",
                    "title": "CNN Money",
                    "uri": "money.cnn.com"
                },
                "time": "14:28:00",
                "title": "Sanctuary cities risk billions in federal funding in defiance of Trump",
                "uri": "550328438",
                "url": "http://money.cnn.com/2016/11/19/news/economy/sanctuary-cities-trump-funding/index.html",
                "wgt": 1
            },
            {
                "body": "Mark Zuckerberg has outlined a series of measures that should help prevent fake news from being shared on Facebook.\n\nThe planned controls, which were announced in a late night Facebook post, follow accusations that a flood of fake news stories influenced the U.S. presidential election.\n\n\"The bottom ...",
                "date": "2016-11-19",
                "id": "11678222",
                "isDuplicate": false,
                "lang": "eng",
                "sim": 0,
                "source": {
                    "id": "50",
                    "title": "CNN Money",
                    "uri": "money.cnn.com"
                },
                "time": "12:48:00",
                "title": "Zuckerberg: Facebook will develop tools to fight fake news",
                "uri": "550237231",
                "url": "http://money.cnn.com/2016/11/19/technology/mark-zuckerberg-facebook-fake-news-election/index.html",
                "wgt": 1
            },
            {
                "body": "Mark Zuckerberg has outlined a series of measures that should help prevent fake news from being shared on Facebook.\n\nThe planned controls, which were announced in a late night Facebook post, follow accusations that a flood of fake news stories influenced the U.S. presidential election.\n\n\"The bottom ...",
                "date": "2016-11-19",
                "id": "11665843",
                "isDuplicate": false,
                "lang": "eng",
                "sim": 0,
                "source": {
                    "id": "50",
                    "title": "CNN Money",
                    "uri": "money.cnn.com"
                },
                "time": "11:03:00",
                "title": "Zuckerberg: Facebook will develop tools to fight fake news",
                "uri": "550205822",
                "url": "http://money.cnn.com/2016/11/19/technology/mark-zuckerberg-facebook-fake-news-election/index.html",
                "wgt": 1
            },
            {
                "body": "Most stock quote data provided by BATS. Market indices are shown in real time, except for the DJIA, which is delayed by two minutes. All times are ET. Disclaimer. Morningstar: \u00a9 2016 Morningstar, Inc. All Rights Reserved. Factset: FactSet Research Systems Inc. 2016. All rights reserved. Chicago ...",
                "date": "2016-11-19",
                "id": "11665823",
                "isDuplicate": true,
                "lang": "eng",
                "sim": 0,
                "source": {
                    "id": "50",
                    "title": "CNN Money",
                    "uri": "money.cnn.com"
                },
                "time": "11:03:00",
                "title": "Can technology bring fans back to stadiums?",
                "uri": "550217482",
                "url": "http://money.cnn.com/gallery/technology/2016/09/28/technology-stadiums-nfl-nba-mlb/",
                "wgt": 1
            },
            {
                "body": "Seph Lawless tells the story of America through images of its forgotten places.\n\nThe urban explorer has photographed ruined factories, collapsed apartment buildings, abandoned amusement parks and, especially, \"dead malls\" that have fallen into ruin. There is no shortage of them in the region he ...",
                "date": "2016-11-19",
                "id": "11665878",
                "isDuplicate": false,
                "lang": "eng",
                "sim": 0,
                "source": {
                    "id": "50",
                    "title": "CNN Money",
                    "uri": "money.cnn.com"
                },
                "time": "11:02:00",
                "title": "Abandoned mall photos tell an eerie American story",
                "uri": "548698511",
                "url": "http://money.cnn.com/2016/11/16/news/dead-mall-photos-seph-lawless/index.html",
                "wgt": 1
            },
            {
                "body": "As an undocumented immigrant, Marco Saavedra's future in America is even more uncertain now that Donald Trump has been elected President. But that isn't going to stop the young activist from fighting for his right to remain in the country.\n\nSaavedra, who was brought to the U.S. from Mexico when he ...",
                "date": "2016-11-19",
                "id": "11665830",
                "isDuplicate": false,
                "lang": "eng",
                "sim": 0,
                "source": {
                    "id": "50",
                    "title": "CNN Money",
                    "uri": "money.cnn.com"
                },
                "time": "11:02:00",
                "title": "Undocumented immigrant on Trump's proposals: 'We've invested in this community'",
                "uri": "549284334",
                "url": "http://money.cnn.com/2016/11/17/news/economy/undocumented-immigration-trump/index.html",
                "wgt": 1
            },
            {
                "body": "Mercy Hospital wants to provide better care for its patients -- by making sure they don't come to the hospital.\n\nInstead, 330 staffers at Mercy's Virtual Care Center, located just outside of St. Louis, place video calls to patients using highly sensitive two-way cameras -- and monitor their vital ...",
                "date": "2016-11-19",
                "id": "11665882",
                "isDuplicate": false,
                "lang": "eng",
                "sim": 0,
                "source": {
                    "id": "50",
                    "title": "CNN Money",
                    "uri": "money.cnn.com"
                },
                "time": "11:01:00",
                "title": "Mercy Hospital is a $54 million hospital without any beds",
                "uri": "550217119",
                "url": "http://money.cnn.com/2016/09/12/technology/mercy-hospital-virtual-care/index.html",
                "wgt": 1
            },
            {
                "body": "Mark Zuckerberg has outlined a series of measures that should help prevent fake news from being shared on Facebook.\n\nThe planned controls, which were announced in a late night Facebook post, follow accusations that a flood of fake news stories influenced the U.S. presidential election.\n\n\"The bottom ...",
                "date": "2016-11-19",
                "id": "11660004",
                "isDuplicate": false,
                "lang": "eng",
                "sim": 0.7058823704719543,
                "source": {
                    "id": "50",
                    "title": "CNN Money",
                    "uri": "money.cnn.com"
                },
                "time": "10:11:00",
                "title": "Zuckerberg: Facebook will develop tools to fight fake news",
                "uri": "550199968",
                "url": "http://money.cnn.com/2016/11/19/technology/mark-zuckerberg-facebook-fake-news-election/index.html",
                "wgt": 1
            },
            {
                "body": "It's easy to sell audiences on Harry Potter, but selling them on Newt Scamander may be another story.\n\nThat's the challenge for Warner Bros. this weekend as it introduces \"Fantastic Beasts and Where to Find Them.\" The film, starring Eddie Redmayne as magical zoologist Scamander, is a spinoff of the ...",
                "date": "2016-11-19",
                "id": "11632013",
                "isDuplicate": false,
                "lang": "eng",
                "sim": 0,
                "source": {
                    "id": "50",
                    "title": "CNN Money",
                    "uri": "money.cnn.com"
                },
                "time": "05:31:00",
                "title": "'Fantastic Beasts' hopes to find 'Harry Potter' fans this weekend",
                "uri": "549930679",
                "url": "http://money.cnn.com/2016/11/18/media/fantastic-beasts-box-office-projection-harry-potter/index.html",
                "wgt": 1
            },
            {
                "body": "The social network's board has approved a plan to buyback as much as $6 billion of its stock starting in the first quarter of next year, according to a filing with the Securities and Exchange Commission on Friday.\n\n\"The timing and actual number of shares repurchased will depend on a variety of ...",
                "date": "2016-11-19",
                "id": "11608493",
                "isDuplicate": false,
                "lang": "eng",
                "sim": 0,
                "source": {
                    "id": "50",
                    "title": "CNN Money",
                    "uri": "money.cnn.com"
                },
                "time": "01:14:00",
                "title": "Facebook plans to buy back up to $6 billion of stock",
                "uri": "550006801",
                "url": "http://money.cnn.com/2016/11/18/technology/facebook-share-buyback/index.html",
                "wgt": 1
            }
        ],
        "totalResults": 23
    }
}