{
    "articles": {
        "count": 13,
        "page": 1,
        "pages": 1,
        "results": [
            {
                "body": "Saturday's jackpot was the 12th largest in U.S. history. In January, a monster $1.6 billion Powerball prize was split three ways.\n\nRelated: Biggest lottery jackpots in U.S. history\n\nLafayette is a town of about 5,000 people in Macon County, northeast of Nashville. The winner, who has yet to be ...",
                "date": "2016-11-27",
                "id": "13446367",
                "isDuplicate": false,
                "lang": "eng",
                "sim": 0,
                "source": {
                    "id": "50",
                    "title": "CNN Money",
                    "uri": "money.cnn.com"
                },
                "time": "23:38:00",
                "title": "Winning $421 million Powerball ticket sold in Tennessee",
                "uri": "554986746",
                "url": "http://money.cnn.com/2016/11/27/news/winning-powerball-ticket-tennessee/index.html",
                "wgt": 1
            },
            {
                "body": "While more bargain hunters opened their wallets for Black Friday weekend this year, on average they spent a little less than in 2015.\n\nMore than 154 million consumers shopped in stores and online, which was about 3 million more than last year, according to a National Retail Federation survey ...",
                "date": "2016-11-27",
                "id": "13442980",
                "isDuplicate": false,
                "lang": "eng",
                "sim": 0,
                "source": {
                    "id": "50",
                    "title": "CNN Money",
                    "uri": "money.cnn.com"
                },
                "time": "23:11:00",
                "title": "Black Friday 2016: More shoppers, less spending",
                "uri": "554980680",
                "url": "http://money.cnn.com/2016/11/27/news/companies/black-friday-national-retail-federation/index.html",
                "wgt": 1
            },
            {
                "body": "Saturday's jackpot was the 12th largest in U.S. history. In January, a monster $1.6 billion Powerball prize was split three ways.\n\nRelated: Biggest lottery jackpots in U.S. history\n\nLafayette is a town of about 5,000 people in Macon County, northeast of Nashville. The winner, who has yet to be ...",
                "date": "2016-11-27",
                "id": "13437648",
                "isDuplicate": false,
                "lang": "eng",
                "sim": 0,
                "source": {
                    "id": "50",
                    "title": "CNN Money",
                    "uri": "money.cnn.com"
                },
                "time": "22:23:00",
                "title": "Winning $421 million Powerball ticket sold in Tennessee",
                "uri": "554976264",
                "url": "http://money.cnn.com/2016/11/27/news/winning-powerball-ticket-tennessee/index.html",
                "wgt": 1
            },
            {
                "body": "While more bargain hunters opened their wallets for Black Friday weekend this year, on average they spent a little less than in 2015.\n\nMore than 154 million consumers shopped in stores and online, which was about 3 million more than last year, according to a National Retail Federation survey ...",
                "date": "2016-11-27",
                "id": "13432834",
                "isDuplicate": false,
                "lang": "eng",
                "sim": 0.8392156958580017,
                "source": {
                    "id": "50",
                    "title": "CNN Money",
                    "uri": "money.cnn.com"
                },
                "time": "21:44:00",
                "title": "Black Friday 2016: More shoppers, less spending",
                "uri": "554963999",
                "url": "http://money.cnn.com/2016/11/27/news/companies/black-friday-national-retail-federation/index.html",
                "wgt": 1
            },
            {
                "body": "Cuba-watchers long-expected it would take the death of Fidel Castro for the U.S. to open travel links to Cuba, but many of those restrictions were already lifted last year.\n\nIn July 2015, President Obama reestablished formal diplomatic relations with Cuba after a decades-long split between the ...",
                "date": "2016-11-27",
                "id": "13432673",
                "isDuplicate": false,
                "lang": "eng",
                "sim": 0,
                "source": {
                    "id": "50",
                    "title": "CNN Money",
                    "uri": "money.cnn.com"
                },
                "time": "21:43:00",
                "title": "Flying to Cuba: What you need to know",
                "uri": "554953449",
                "url": "http://money.cnn.com/2016/11/26/news/companies/delta-cuba-flights/index.html",
                "wgt": 1
            },
            {
                "body": "Scotland's national dish -- a savory pudding made from sheep's heart, liver and lungs, mixed with oatmeal and spices and encased in sheep's intestines -- has been banned in the United States for almost half a century.\n\nBut the Scottish government has said the law on haggis may be scrapped as early ...",
                "date": "2016-11-27",
                "id": "13432681",
                "isDuplicate": false,
                "lang": "eng",
                "sim": 0.8823529481887817,
                "source": {
                    "id": "50",
                    "title": "CNN Money",
                    "uri": "money.cnn.com"
                },
                "time": "21:43:00",
                "title": "Watch out USA -- Scottish haggis could be on its way",
                "uri": "554953454",
                "url": "http://money.cnn.com/2016/11/23/news/companies/haggis-ban-exports/index.html",
                "wgt": 1
            },
            {
                "body": "The declines stand in sharp contrast to the rest of the market, which has enjoyed a Trump rally, led by financial and healthcare stocks, construction companies and retailers.\n\nSo why are real estate investment trusts, or REITs as they are commonly known, struggling?\n\nREITs pay big dividends. And ...",
                "date": "2016-11-27",
                "id": "13432690",
                "isDuplicate": false,
                "lang": "eng",
                "sim": 0,
                "source": {
                    "id": "50",
                    "title": "CNN Money",
                    "uri": "money.cnn.com"
                },
                "time": "21:43:00",
                "title": "Will Landlord-in-Chief Trump be good for real estate?",
                "uri": "554953460",
                "url": "http://money.cnn.com/2016/11/23/investing/real-estate-reits-donald-trump/index.html",
                "wgt": 1
            },
            {
                "body": "1. Black Friday biopsy: How much did Americans splurge on shopping's biggest weekend? Decent, but not if you're a brick-and-mortar location.\n\nBuoyed by strong online traffic, sales surpassed $3 billion for the first time with roughly $1 billion of it coming from mobile devices. But data shows that ...",
                "date": "2016-11-27",
                "id": "13418316",
                "isDuplicate": false,
                "lang": "eng",
                "sim": 0,
                "source": {
                    "id": "50",
                    "title": "CNN Money",
                    "uri": "money.cnn.com"
                },
                "time": "19:45:00",
                "title": "Stocks week ahead: Sizing up Black Friday biopsy; O'Hare strike; U.S. jobs",
                "uri": "554866946",
                "url": "http://money.cnn.com/2016/11/27/investing/stocks-week-ahead/index.html",
                "wgt": 1
            },
            {
                "body": "1. Black Friday biopsy: How much did Americans splurge on shopping's biggest weekend? Decent, but not if you're a brick-and-mortar location.\n\nBuoyed by strong online traffic, sales surpassed $3 billion for the first time with roughly $1 billion of it coming from mobile devices. But data shows that ...",
                "date": "2016-11-27",
                "id": "13380896",
                "isDuplicate": false,
                "lang": "eng",
                "sim": 0.8117647171020508,
                "source": {
                    "id": "50",
                    "title": "CNN Money",
                    "uri": "money.cnn.com"
                },
                "time": "15:13:00",
                "title": "Stocks week ahead: Sizing up Black Friday biopsy; O'Hare strike; U.S. jobs",
                "uri": "554827248",
                "url": "http://money.cnn.com/2016/11/27/investing/stocks-week-ahead/index.html",
                "wgt": 1
            },
            {
                "body": "The English Premier League is awash with money, with its current TV deal reportedly worth nearly $11 billion. But which Premier League players are delivering the best bang for the buck for their clubs? Player ROI, or return on investment, compares players' game performance to their transfer cost and ...",
                "date": "2016-11-27",
                "id": "13379958",
                "isDuplicate": false,
                "lang": "eng",
                "sim": 0,
                "source": {
                    "id": "50",
                    "title": "CNN Money",
                    "uri": "money.cnn.com"
                },
                "time": "15:07:00",
                "title": "Player ROI - CNNMoney",
                "uri": "554826075",
                "url": "http://money.cnn.com/news/player-roi/premier-league-football/index.html",
                "wgt": 1
            },
            {
                "body": "The focus has been on the white working class, with the narrative of a forgotten America where rural whites once held steady factory jobs with decent wages. The economic anxiety facing black and brown workers, while arguably more profound, has been largely left out of the conversation.\n\nIn fact, in ...",
                "date": "2016-11-27",
                "id": "13366384",
                "isDuplicate": false,
                "lang": "eng",
                "sim": 0,
                "source": {
                    "id": "50",
                    "title": "CNN Money",
                    "uri": "money.cnn.com"
                },
                "time": "13:26:00",
                "title": "What about the black working class?",
                "uri": "552620847",
                "url": "http://money.cnn.com/2016/11/23/news/economy/black-working-class-trump/index.html",
                "wgt": 1
            },
            {
                "body": "The government banned old 500 rupee and 1,000 rupee notes on Nov 8, and then gave Indians until Dec. 30 to swap them for new 500 and 2,000 rupee notes.\n\nLate Thursday, the government changed the rules: now people can no longer exchange the old notes for new at banks. They'll have to deposit the ...",
                "date": "2016-11-27",
                "id": "13310349",
                "isDuplicate": false,
                "lang": "eng",
                "sim": 0,
                "source": {
                    "id": "50",
                    "title": "CNN Money",
                    "uri": "money.cnn.com"
                },
                "time": "05:02:00",
                "title": "India just made it even harder to get hold of new cash",
                "uri": "553891815",
                "url": "http://money.cnn.com/2016/11/25/news/india/india-cash-exchange-ban-deadline/index.html",
                "wgt": 1
            },
            {
                "body": "Cuba-watchers long-expected it would take the death of Fidel Castro for the U.S. to open travel links to Cuba, but many of those restrictions were already lifted last year.\n\nIn July 2015, President Obama reestablished formal diplomatic relations with Cuba after a decades-long split between the ...",
                "date": "2016-11-27",
                "id": "13310350",
                "isDuplicate": false,
                "lang": "eng",
                "sim": 0,
                "source": {
                    "id": "50",
                    "title": "CNN Money",
                    "uri": "money.cnn.com"
                },
                "time": "05:02:00",
                "title": "Flying to Cuba: What you need to know",
                "uri": "554490573",
                "url": "http://money.cnn.com/2016/11/26/news/companies/delta-cuba-flights/index.html",
                "wgt": 1
            }
        ],
        "totalResults": 13
    }
}