{
    "articles": {
        "count": 80,
        "page": 1,
        "pages": 1,
        "results": [
            {
                "body": "The actor will return to play President-elect Trump on \"Saturday Night Live\" for the first time since the election, according to a source close to the show.\n\nLast week's episode of \"SNL\" included many memorable moments including Kate McKinnon opening the show dressed as Hillary Clinton playing a ...",
                "date": "2016-11-18",
                "id": "11593796",
                "isDuplicate": false,
                "lang": "eng",
                "sim": 0,
                "source": {
                    "id": "50",
                    "title": "CNN Money",
                    "uri": "money.cnn.com"
                },
                "time": "23:16:00",
                "title": "Alec Baldwin to return as Trump on 'SNL' this weekend",
                "uri": "549993512",
                "url": "http://money.cnn.com/2016/11/18/media/alec-baldwin-donald-trump-return-snl/index.html",
                "wgt": 1
            },
            {
                "body": "A leading U.S. lawmaker has a message for Wells Fargo: Quit dodging our questions.\n\nU.S. Senator Sherrod Brown blasted Wells Fargo on Friday for \"stonewalling\" on questions related to the bank's creation of as many as 2 million fake accounts.\n\nWells Fargo's failure to adequately respond in writing ...",
                "date": "2016-11-18",
                "id": "11593793",
                "isDuplicate": false,
                "lang": "eng",
                "sim": 0,
                "source": {
                    "id": "50",
                    "title": "CNN Money",
                    "uri": "money.cnn.com"
                },
                "time": "23:16:00",
                "title": "Senator blasts Wells Fargo for 'stonewalling'",
                "uri": "549978472",
                "url": "http://money.cnn.com/2016/11/18/investing/wells-fargo-stonewalling-congress-fake-accounts/index.html",
                "wgt": 1
            },
            {
                "body": "The deal has been held up by an ongoing anti-trust evaluation by the Department of Justice.\n\nBut Virgin's lawyers said in a filing Thursday with the Northern District Court of California that \"Alaska believes that Department of Justice review will likely be completed by the end of November.\" The ...",
                "date": "2016-11-18",
                "id": "11593783",
                "isDuplicate": true,
                "lang": "eng",
                "sim": 0,
                "source": {
                    "id": "50",
                    "title": "CNN Money",
                    "uri": "money.cnn.com"
                },
                "time": "23:16:00",
                "title": "Alaska-Virgin America deal set to close soon",
                "uri": "550006802",
                "url": "http://money.cnn.com/2016/11/18/news/companies/alaska-virgin-doj-update/index.html",
                "wgt": 1
            },
            {
                "body": "Donald Trump has agreed to pay $25 million to settle three lawsuits against Trump University.\n\nThe deal will keep the president-elect from having to testify in a trial in San Diego that was set to begin November 28.\n\nThe settlement ends a suit brought by New York Attorney General Eric Schneiderman, ...",
                "date": "2016-11-18",
                "id": "11593774",
                "isDuplicate": false,
                "lang": "eng",
                "sim": 0.7098039388656616,
                "source": {
                    "id": "50",
                    "title": "CNN Money",
                    "uri": "money.cnn.com"
                },
                "time": "23:16:00",
                "title": "Donald Trump settles Trump University lawsuits",
                "uri": "550006800",
                "url": "http://money.cnn.com/2016/11/18/news/trump-university-settlement/index.html",
                "wgt": 1
            },
            {
                "body": "The mobile carrier launched on Friday a feature that lets you text up to 10 contacts through the Echo. AT&T is the first company to bring texting to Amazon's platform.\n\nRelated: Google Home review: Promising but playing catch up to Amazon Echo\n\nAT&T's fine print notes the content of the message is ...",
                "date": "2016-11-18",
                "id": "11593812",
                "isDuplicate": false,
                "lang": "eng",
                "sim": 0,
                "source": {
                    "id": "50",
                    "title": "CNN Money",
                    "uri": "money.cnn.com"
                },
                "time": "23:16:00",
                "title": "AT&T customers can now send texts via Amazon Echo",
                "uri": "549984754",
                "url": "http://money.cnn.com/2016/11/18/technology/amazon-echo-att-texts/index.html",
                "wgt": 1
            },
            {
                "body": "The social network's board has approved a plan to buyback as much as $6 billion of its stock starting in the first quarter of next year, according to a filing with the Securities and Exchange Commission on Friday.\n\n\"The timing and actual number of shares repurchased will depend on a variety of ...",
                "date": "2016-11-18",
                "id": "11589835",
                "isDuplicate": false,
                "lang": "eng",
                "sim": 0,
                "source": {
                    "id": "50",
                    "title": "CNN Money",
                    "uri": "money.cnn.com"
                },
                "time": "22:50:00",
                "title": "Facebook plans to buy back up to $6 billion of stock",
                "uri": "549987535",
                "url": "http://money.cnn.com/2016/11/18/technology/facebook-share-buyback/index.html",
                "wgt": 1
            },
            {
                "body": "Why press won't run video of Trump and Japanese prime minister\n\nMost stock quote data provided by BATS. Market indices are shown in real time, except for the DJIA, which is delayed by two minutes. All times are ET. Disclaimer. Morningstar: \u00c2\u00a9 2016 Morningstar, Inc. All Rights Reserved. Factset: ...",
                "date": "2016-11-18",
                "id": "11586689",
                "isDuplicate": false,
                "lang": "eng",
                "sim": 0,
                "source": {
                    "id": "50",
                    "title": "CNN Money",
                    "uri": "money.cnn.com"
                },
                "time": "22:29:00",
                "title": "Say 'Hello' to Barbie's new voice-activated Dreamhouse",
                "uri": "549984429",
                "url": "http://money.cnn.com/video/technology/2016/11/18/barbie-hello-dreamhouse-voice-activated.cnnmoney/index.html",
                "wgt": 1
            },
            {
                "body": "The tech company is rolling out a repair program to fix iPhone 6 Plus devices with unresponsive touchscreen features.\n\nThe term \"Touch Disease\" refers to the touchscreen issues that surface after the phone undergoes stress, like being dropped on the floor several times. In many cases, iPhone users ...",
                "date": "2016-11-18",
                "id": "11584922",
                "isDuplicate": true,
                "lang": "eng",
                "sim": 0,
                "source": {
                    "id": "50",
                    "title": "CNN Money",
                    "uri": "money.cnn.com"
                },
                "time": "22:18:00",
                "title": "Apple will fix iPhone 6 Plus devices with 'Touch Disease'",
                "uri": "549984755",
                "url": "http://money.cnn.com/2016/11/18/technology/apple-repair-touch-disease-problem/index.html",
                "wgt": 1
            },
            {
                "body": "Donald Trump doesn't dispute that 25% of Trump University students demanded their money back, but he says that's not a knock against his real estate school.\n\nIn fact he said the high refund rate proves the school was \"honorable.\"\n\n\"I paid millions and millions of dollars in refunds,\" he said in a ...",
                "date": "2016-11-18",
                "id": "11583622",
                "isDuplicate": false,
                "lang": "eng",
                "sim": 0,
                "source": {
                    "id": "50",
                    "title": "CNN Money",
                    "uri": "money.cnn.com"
                },
                "time": "22:08:00",
                "title": "What Donald Trump said under oath about Trump University",
                "uri": "549981444",
                "url": "http://money.cnn.com/2016/03/04/news/companies/trump-university-donald-trump-under-oath/index.html",
                "wgt": 1
            },
            {
                "body": "A leading U.S. lawmaker has a message for Wells Fargo: Quit dodging our questions.\n\nU.S. Senator Sherrod Brown blasted Wells Fargo on Friday for \"stonewalling\" on questions related to the bank's creation of as many as 2 million fake accounts.\n\nWells Fargo's failure to adequately respond in writing ...",
                "date": "2016-11-18",
                "id": "11580462",
                "isDuplicate": false,
                "lang": "eng",
                "sim": 0,
                "source": {
                    "id": "50",
                    "title": "CNN Money",
                    "uri": "money.cnn.com"
                },
                "time": "21:48:00",
                "title": "Senator blasts Wells Fargo for 'stonewalling'",
                "uri": "549968864",
                "url": "http://money.cnn.com/2016/11/18/investing/wells-fargo-stonewalling-congress-fake-accounts/index.html",
                "wgt": 1
            },
            {
                "body": "The deal has been held up by an ongoing anti-trust evaluation by the Department of Justice.\n\nBut Virgin's lawyers said in a filing Thursday with the Northern District Court of California that \"Alaska believes that Department of Justice review will likely be completed by the end of November.\" The ...",
                "date": "2016-11-18",
                "id": "11580458",
                "isDuplicate": false,
                "lang": "eng",
                "sim": 0,
                "source": {
                    "id": "50",
                    "title": "CNN Money",
                    "uri": "money.cnn.com"
                },
                "time": "21:48:00",
                "title": "Alaska-Virgin America deal set to close soon",
                "uri": "549972420",
                "url": "http://money.cnn.com/2016/11/18/news/companies/alaska-virgin-doj-update/index.html",
                "wgt": 1
            },
            {
                "body": "The actor will return to play President-elect Trump on \"Saturday Night Live\" for the first time since the election, according to a source close to the show.\n\nLast week's episode of \"SNL\" included many memorable moments including Kate McKinnon opening the show dressed as Hillary Clinton playing a ...",
                "date": "2016-11-18",
                "id": "11578197",
                "isDuplicate": false,
                "lang": "eng",
                "sim": 0.4980392158031464,
                "source": {
                    "id": "50",
                    "title": "CNN Money",
                    "uri": "money.cnn.com"
                },
                "time": "21:33:00",
                "title": "Alec Baldwin to return as Trump on 'SNL' this weekend",
                "uri": "549964611",
                "url": "http://money.cnn.com/2016/11/18/media/alec-baldwin-donald-trump-return-snl/index.html",
                "wgt": 1
            },
            {
                "body": "The mobile carrier launched on Friday a feature that lets you text up to 10 contacts through the Echo. AT&T is the first company to bring texting to Amazon's platform.\n\nRelated: Google Home review: Promising but playing catch up to Amazon Echo\n\nAT&T's fine print notes the content of the message is ...",
                "date": "2016-11-18",
                "id": "11576575",
                "isDuplicate": false,
                "lang": "eng",
                "sim": 0,
                "source": {
                    "id": "50",
                    "title": "CNN Money",
                    "uri": "money.cnn.com"
                },
                "time": "21:23:00",
                "title": "AT&T customers can now send texts via Amazon Echo",
                "uri": "549955860",
                "url": "http://money.cnn.com/2016/11/18/technology/amazon-echo-att-texts/index.html",
                "wgt": 1
            },
            {
                "body": "Women graduates of Harvard Business School heartily disapprove of fellow alum Steve Bannon.\n\nBannon, who President-elect Donald Trump has tapped as his chief strategist and senior counselor, is the former executive chairman of Brietbart News and a Harvard Business School graduate.\n\nNow 685 women and ...",
                "date": "2016-11-18",
                "id": "11576579",
                "isDuplicate": true,
                "lang": "eng",
                "sim": 0,
                "source": {
                    "id": "50",
                    "title": "CNN Money",
                    "uri": "money.cnn.com"
                },
                "time": "21:23:00",
                "title": "Steve Bannon blasted in letter by 685 Harvard Business School women",
                "uri": "549960952",
                "url": "http://money.cnn.com/2016/11/18/technology/steve-bannon-harvard-business-school/index.html",
                "wgt": 1
            },
            {
                "body": "Janitors, baggage handlers, cabin cleaners and wheelchair attendants, who are not unionized but are working with the Service Employees International Union, are seeking a wage of $15 an hour. Some are paid minimum wage, which is $8.25 in Illinois.\n\n\"It is not their intent to disrupt operations, but ...",
                "date": "2016-11-18",
                "id": "11572705",
                "isDuplicate": false,
                "lang": "eng",
                "sim": 0,
                "source": {
                    "id": "50",
                    "title": "CNN Money",
                    "uri": "money.cnn.com"
                },
                "time": "20:58:00",
                "title": "O'Hare airport strike planned for Thanksgiving",
                "uri": "549930682",
                "url": "http://money.cnn.com/2016/11/18/news/ohare-airport-thanksgiving-strike/index.html",
                "wgt": 1
            },
            {
                "body": "The Russell 2000 index of small stocks has spiked 10% to all-time highs since Election Day, blowing past the solid advance by the rest of the market. That's more than four times the advance for the S&P 500, which caters to bigger stocks.\n\nNot just that, but the Russell 2000 is on track for its 11th ...",
                "date": "2016-11-18",
                "id": "11572636",
                "isDuplicate": true,
                "lang": "eng",
                "sim": 0,
                "source": {
                    "id": "50",
                    "title": "CNN Money",
                    "uri": "money.cnn.com"
                },
                "time": "20:58:00",
                "title": "Wall Street bets Trump will make America grow again",
                "uri": "549950773",
                "url": "http://money.cnn.com/2016/11/18/investing/small-cap-stocks-trump-election/index.html",
                "wgt": 1
            },
            {
                "body": "President-elect Donald Trump took credit Thursday night on Twitter for stopping Ford from moving jobs from Kentucky to Mexico.\n\nThe only problem with the claim? Ford had never said it planned to move its Louisville, Kentucky assembly plant to Mexico.\n\nIn fact, the automaker pledged last year, in a ...",
                "date": "2016-11-18",
                "id": "11572618",
                "isDuplicate": false,
                "lang": "eng",
                "sim": 0.8980392217636108,
                "source": {
                    "id": "50",
                    "title": "CNN Money",
                    "uri": "money.cnn.com"
                },
                "time": "20:58:00",
                "title": "Despite Trump victory lap, Ford wasn't planning to move plant to Mexico",
                "uri": "549950775",
                "url": "http://money.cnn.com/2016/11/17/news/companies/ford-mexico-donald-trump/index.html",
                "wgt": 1
            },
            {
                "body": "Donald Trump could soon settle the lawsuits filed against Trump University, a source close to the process told CNN.\n\nThe deal would keep the president-elect from having to testify in a trial that was set to begin November 28. The source said the settlement agreement, which was first reported by the ...",
                "date": "2016-11-18",
                "id": "11571849",
                "isDuplicate": false,
                "lang": "eng",
                "sim": 0.6117647290229797,
                "source": {
                    "id": "50",
                    "title": "CNN Money",
                    "uri": "money.cnn.com"
                },
                "time": "20:53:00",
                "title": "Source: Trump nears settlement in Trump University lawsuits ",
                "uri": "549947646",
                "url": "http://money.cnn.com/2016/11/18/news/trump-university-settlement/index.html",
                "wgt": 1
            },
            {
                "body": "Video and images of President-elect Donald Trump's meeting with Japanese Prime Minister Shinzo Abe on Thursday will not be seen on most major U.S. news outlets.\n\nThe reason? Trump and Abe did not give the press access to the meeting. Instead, the Japanese government provided a video of the meeting, ...",
                "date": "2016-11-18",
                "id": "11571499",
                "isDuplicate": false,
                "lang": "eng",
                "sim": 0,
                "source": {
                    "id": "50",
                    "title": "CNN Money",
                    "uri": "money.cnn.com"
                },
                "time": "20:51:00",
                "title": "Why press won't run video of Trump and Japanese prime minister",
                "uri": "549943347",
                "url": "http://money.cnn.com/2016/11/18/media/donald-trump-shinzo-abe-video/index.html",
                "wgt": 1
            },
            {
                "body": "Video and images of President-elect Donald Trump's meeting with Japanese Prime Minister Shinzo Abe on Thursday will not be seen on most major U.S. news outlets.\n\nThe reason? Trump and Abe did not give the press access to the meeting. Instead, the Japanese government provided a video of the meeting, ...",
                "date": "2016-11-18",
                "id": "11565584",
                "isDuplicate": false,
                "lang": "eng",
                "sim": 0,
                "source": {
                    "id": "50",
                    "title": "CNN Money",
                    "uri": "money.cnn.com"
                },
                "time": "20:13:00",
                "title": "Why press won't run video of Trump and Japanese prime minister",
                "uri": "549928566",
                "url": "http://money.cnn.com/2016/11/18/media/donald-trump-shinzo-abe-video/index.html",
                "wgt": 1
            },
            {
                "body": "\"As you know in fashion, one day you're in. And the next day, you're out.\"\n\nThat's Heidi Klum's trademark line on \"Project Runway.\" It's also how Wall Street -- and consumers -- feel about struggling apparel retailers Gap and Abercrombie & Fitch.\n\nBoth mall stalwarts are decidedly out. Shares of Gap ...",
                "date": "2016-11-18",
                "id": "11564976",
                "isDuplicate": false,
                "lang": "eng",
                "sim": 0,
                "source": {
                    "id": "50",
                    "title": "CNN Money",
                    "uri": "money.cnn.com"
                },
                "time": "20:09:00",
                "title": "Nightmare continues for Gap and Abercrombie & Fitch",
                "uri": "549846597",
                "url": "http://money.cnn.com/2016/11/18/investing/gap-abercrombie-fitch-sales-earnings/index.html",
                "wgt": 1
            },
            {
                "body": "The tech company is rolling out a repair program to fix iPhone 6 Plus devices with unresponsive touchscreen features.\n\nThe term \"Touch Disease\" refers to the touchscreen issues that surface after the phone undergoes stress, like being dropped on the floor several times. In many cases, iPhone users ...",
                "date": "2016-11-18",
                "id": "11564945",
                "isDuplicate": false,
                "lang": "eng",
                "sim": 0,
                "source": {
                    "id": "50",
                    "title": "CNN Money",
                    "uri": "money.cnn.com"
                },
                "time": "20:09:00",
                "title": "Apple will fix iPhone 6 Plus devices with 'Touch Disease'",
                "uri": "549878890",
                "url": "http://money.cnn.com/2016/11/18/technology/apple-repair-touch-disease-problem/index.html",
                "wgt": 1
            },
            {
                "body": "The two daily fantasy sports sites officially announced plans to merge Friday.\n\nFinancial terms of the merger between the two privately-held companies were not disclosed.\n\nIn 2015, before they because subject to regulatory crackdowns in various states, each company had raised about $300 million. ...",
                "date": "2016-11-18",
                "id": "11564927",
                "isDuplicate": true,
                "lang": "eng",
                "sim": 0,
                "source": {
                    "id": "50",
                    "title": "CNN Money",
                    "uri": "money.cnn.com"
                },
                "time": "20:09:00",
                "title": "DraftKings, FanDuel to merge",
                "uri": "549930683",
                "url": "http://money.cnn.com/2016/11/18/news/companies/draftkings-fanduel-merger/index.html",
                "wgt": 1
            },
            {
                "body": "His vow to impose a 35% tariff on cars imported from Mexico may just mean that automakers simply stop making many of the small, cheaper cars on the road in the U.S. that are now made in Mexico.\n\n\"They're moving the cars outside of the United States because of the razor-thin profit margin,\" said Karl ...",
                "date": "2016-11-18",
                "id": "11564905",
                "isDuplicate": false,
                "lang": "eng",
                "sim": 0,
                "source": {
                    "id": "50",
                    "title": "CNN Money",
                    "uri": "money.cnn.com"
                },
                "time": "20:09:00",
                "title": "Will Donald Trump's Mexican tariffs kill the small car?",
                "uri": "549916767",
                "url": "http://money.cnn.com/2016/11/18/autos/donald-trump-small-car-mexico/index.html",
                "wgt": 1
            },
            {
                "body": "The Russell 2000 index of small stocks has spiked 10% to all-time highs since Election Day, blowing past the solid advance by the rest of the market. That's more than four times the advance for the S&P 500, which caters to bigger stocks.\n\nNot just that, but the Russell 2000 is on track for its 11th ...",
                "date": "2016-11-18",
                "id": "11564861",
                "isDuplicate": false,
                "lang": "eng",
                "sim": 0,
                "source": {
                    "id": "50",
                    "title": "CNN Money",
                    "uri": "money.cnn.com"
                },
                "time": "20:09:00",
                "title": "Wall Street bets Trump will make America grow again",
                "uri": "549878904",
                "url": "http://money.cnn.com/2016/11/18/investing/small-cap-stocks-trump-election/index.html",
                "wgt": 1
            },
            {
                "body": "It's easy to sell audiences on Harry Potter, but selling them on Newt Scamander may be another story.\n\nThat's the challenge for Warner Bros. this weekend as it introduces \"Fantastic Beasts and Where to Find Them.\" The film, starring Eddie Redmayne as magical zoologist Scamander, is a spinoff of the ...",
                "date": "2016-11-18",
                "id": "11560548",
                "isDuplicate": true,
                "lang": "eng",
                "sim": 0,
                "source": {
                    "id": "50",
                    "title": "CNN Money",
                    "uri": "money.cnn.com"
                },
                "time": "19:44:00",
                "title": "'Fantastic Beasts' hopes to find 'Harry Potter' fans this weekend",
                "uri": "549919457",
                "url": "http://money.cnn.com/2016/11/18/media/fantastic-beasts-box-office-projection-harry-potter/index.html",
                "wgt": 1
            },
            {
                "body": "If Donald Trump turns his back on Asian economies, China is ready and willing to step into the vacuum.\n\nDuring the election campaign, Trump blasted international trade deals, tapping into a deep well of popular anger over the effects of globalization. Now, President-elect Trump's first victim could ...",
                "date": "2016-11-18",
                "id": "11559772",
                "isDuplicate": true,
                "lang": "eng",
                "sim": 0,
                "source": {
                    "id": "50",
                    "title": "CNN Money",
                    "uri": "money.cnn.com"
                },
                "time": "19:39:00",
                "title": "China is ready to pounce if Trump axes Pacific trade deal",
                "uri": "549916763",
                "url": "http://money.cnn.com/2016/11/18/news/economy/trump-china-tpp-trade/index.html",
                "wgt": 1
            },
            {
                "body": "A severe cash crunch is hurting some of India's most vulnerable citizens.\n\nThe country is now 10 days into a crisis brought on by Prime Minister Narendra Modi decision to abruptly cancel all 500 and 1,000 rupee notes -- a shock move that has left hundreds of millions of people short of cash.\n\nFor ...",
                "date": "2016-11-18",
                "id": "11559768",
                "isDuplicate": false,
                "lang": "eng",
                "sim": 0,
                "source": {
                    "id": "50",
                    "title": "CNN Money",
                    "uri": "money.cnn.com"
                },
                "time": "19:39:00",
                "title": "India's cash crisis is making life even harder for the sick",
                "uri": "549914160",
                "url": "http://money.cnn.com/2016/11/18/news/india/india-rupee-cash-hospital-medicine/index.html",
                "wgt": 1
            },
            {
                "body": "If Donald Trump turns his back on Asian economies, China is ready and willing to step into the vacuum.\n\nDuring the election campaign, Trump blasted international trade deals, tapping into a deep well of popular anger over the effects of globalization. Now, President-elect Trump's first victim could ...",
                "date": "2016-11-18",
                "id": "11558867",
                "isDuplicate": false,
                "lang": "eng",
                "sim": 0,
                "source": {
                    "id": "50",
                    "title": "CNN Money",
                    "uri": "money.cnn.com"
                },
                "time": "19:34:00",
                "title": "China is ready to pounce if Trump axes Pacific trade deal",
                "uri": "549718749",
                "url": "http://money.cnn.com/2016/11/18/news/economy/trump-china-tpp-trade/index.html",
                "wgt": 1
            },
            {
                "body": "His vow to impose a 35% tariff on cars imported from Mexico may just mean that automakers simply stop making many of the small, cheaper cars on the road in the U.S. that are now made in Mexico.\n\n\"They're moving the cars outside of the United States because of the razor-thin profit margin,\" said Karl ...",
                "date": "2016-11-18",
                "id": "11558852",
                "isDuplicate": false,
                "lang": "eng",
                "sim": 0,
                "source": {
                    "id": "50",
                    "title": "CNN Money",
                    "uri": "money.cnn.com"
                },
                "time": "19:34:00",
                "title": "Will Donald Trump's Mexican tariffs kill the small car?",
                "uri": "549890529",
                "url": "http://money.cnn.com/2016/11/18/autos/donald-trump-small-car-mexico/index.html",
                "wgt": 1
            },
            {
                "body": "\"We all want a stable, consistent growth economy,\" Easterbrook told CNNMoney's Cristina Alesci.\n\nUncertainty surrounding the election dampened consumer confidence. It's good for business to finally have an outcome, Easterbrook said.\n\nRelated: How top business leaders are reacting to Trump's win\n\nBut ...",
                "date": "2016-11-18",
                "id": "11550344",
                "isDuplicate": true,
                "lang": "eng",
                "sim": 0,
                "source": {
                    "id": "50",
                    "title": "CNN Money",
                    "uri": "money.cnn.com"
                },
                "time": "18:48:00",
                "title": "McDonald's CEO on Trump transition: 'No one likes uncertainty'",
                "uri": "549893638",
                "url": "http://money.cnn.com/2016/11/18/news/easterbrook-mcdonalds-trump/index.html",
                "wgt": 1
            },
            {
                "body": "It's easy to sell audiences on Harry Potter, but selling them on Newt Scamander may be another story.\n\nThat's the challenge for Warner Bros. this weekend as it introduces \"Fantastic Beasts and Where to Find Them.\" The film, starring Eddie Redmayne as magical zoologist Scamander, is a spinoff of the ...",
                "date": "2016-11-18",
                "id": "11549034",
                "isDuplicate": false,
                "lang": "eng",
                "sim": 0.6823529601097107,
                "source": {
                    "id": "50",
                    "title": "CNN Money",
                    "uri": "money.cnn.com"
                },
                "time": "18:41:00",
                "title": "'Fantastic Beasts' hopes to find 'Harry Potter' fans this weekend",
                "uri": "549882244",
                "url": "http://money.cnn.com/2016/11/18/media/fantastic-beasts-box-office-projection-harry-potter/index.html",
                "wgt": 1
            },
            {
                "body": "\"We all want a stable, consistent growth economy,\" Easterbrook told CNNMoney's Cristina Alesci.\n\nUncertainty surrounding the election dampened consumer confidence. It's good for business to finally have an outcome, Easterbrook said.\n\nRelated: How top business leaders are reacting to Trump's win\n\nBut ...",
                "date": "2016-11-18",
                "id": "11549013",
                "isDuplicate": false,
                "lang": "eng",
                "sim": 0,
                "source": {
                    "id": "50",
                    "title": "CNN Money",
                    "uri": "money.cnn.com"
                },
                "time": "18:41:00",
                "title": "McDonald's CEO on Trump transition: 'No one likes uncertainty'",
                "uri": "549877432",
                "url": "http://money.cnn.com/2016/11/18/news/easterbrook-mcdonalds-trump/index.html",
                "wgt": 1
            },
            {
                "body": "His vow to impose a 35% tariff on cars imported from Mexico may just mean that automakers simply stop making many of the small, cheaper cars on the road in the U.S. that are now made in Mexico.\n\n\"They're moving the cars outside of the United States because of the razor-thin profit margin,\" said Karl ...",
                "date": "2016-11-18",
                "id": "11545099",
                "isDuplicate": false,
                "lang": "eng",
                "sim": 0,
                "source": {
                    "id": "50",
                    "title": "CNN Money",
                    "uri": "money.cnn.com"
                },
                "time": "18:20:00",
                "title": "Will Donald Trump's Mexican tariffs kill the small car?",
                "uri": "549871435",
                "url": "http://money.cnn.com/2016/11/18/autos/donald-trump-small-car-mexico/index.html",
                "wgt": 1
            },
            {
                "body": "The tech company is rolling out a repair program to fix iPhone 6 Plus devices with unresponsive touchscreen features.\n\nThe term \"Touch Disease\" refers to the touchscreen issues that surface after the phone undergoes stress, like being dropped on the floor several times. In many cases, iPhone users ...",
                "date": "2016-11-18",
                "id": "11543611",
                "isDuplicate": false,
                "lang": "eng",
                "sim": 0.772549033164978,
                "source": {
                    "id": "50",
                    "title": "CNN Money",
                    "uri": "money.cnn.com"
                },
                "time": "18:14:00",
                "title": "Apple will fix iPhone 6 Plus devices with 'Touch Disease'",
                "uri": "549867925",
                "url": "http://money.cnn.com/2016/11/18/technology/apple-repair-touch-disease-problem/index.html",
                "wgt": 1
            },
            {
                "body": "In some ways, Nikki Zeichner's work as a criminal defense attorney led her straight to the tech world, where she works to modernize the ways that the government provides public services. Today, Zeichner is an innovation specialist at 18F, a digital agency within the federal government.\n\nPrior to ...",
                "date": "2016-11-18",
                "id": "11540815",
                "isDuplicate": false,
                "lang": "eng",
                "sim": 0,
                "source": {
                    "id": "50",
                    "title": "CNN Money",
                    "uri": "money.cnn.com"
                },
                "time": "18:00:00",
                "title": "15 questions with Nikki Zeichner - CNNMoney",
                "uri": "549815637",
                "url": "http://money.cnn.com/interactive/technology/15-questions-with-nikki-zeichner/index.html",
                "wgt": 1
            },
            {
                "body": "It's not the beginning of a joke. It's Amazon's newest ad, and it serves up a healthy dose of anti-Trump messaging.\n\nIn the ad, the priest and the imam are friends -- and they're not getting any younger. They share a hug, the imam leaves, and both take out their smartphones and tap on the Amazon ...",
                "date": "2016-11-18",
                "id": "11537907",
                "isDuplicate": false,
                "lang": "eng",
                "sim": 0,
                "source": {
                    "id": "50",
                    "title": "CNN Money",
                    "uri": "money.cnn.com"
                },
                "time": "17:45:00",
                "title": "Is Amazon going after Trump with its new ad?",
                "uri": "549742608",
                "url": "http://money.cnn.com/2016/11/18/technology/amazon-ad-priest-imam/index.html",
                "wgt": 1
            },
            {
                "body": "Most stock quote data provided by BATS. Market indices are shown in real time, except for the DJIA, which is delayed by two minutes. All times are ET. Disclaimer. Morningstar: \u00c2\u00a9 2016 Morningstar, Inc. All Rights Reserved. Factset: FactSet Research Systems Inc. 2016. All rights reserved. Chicago ...",
                "date": "2016-11-18",
                "id": "11536662",
                "isDuplicate": false,
                "lang": "eng",
                "sim": 0,
                "source": {
                    "id": "50",
                    "title": "CNN Money",
                    "uri": "money.cnn.com"
                },
                "time": "17:39:00",
                "title": "Amazon's new ad: A response to anti-Muslim rhetoric ",
                "uri": "549855158",
                "url": "http://money.cnn.com/video/technology/2016/11/18/amazons-new-ad-a-response-to-anti-muslim-rhetoric.cnnmoney/index.html",
                "wgt": 1
            },
            {
                "body": "A severe cash crunch is hurting some of India's most vulnerable citizens.\n\nThe country is now 10 days into a crisis brought on by Prime Minister Narendra Modi decision to abruptly cancel all 500 and 1,000 rupee notes -- a shock move that has left hundreds of millions of people short of cash.\n\nFor ...",
                "date": "2016-11-18",
                "id": "11535894",
                "isDuplicate": false,
                "lang": "eng",
                "sim": 0,
                "source": {
                    "id": "50",
                    "title": "CNN Money",
                    "uri": "money.cnn.com"
                },
                "time": "17:36:00",
                "title": "India's cash crisis is making life even harder for the sick",
                "uri": "549849122",
                "url": "http://money.cnn.com/2016/11/18/news/india/india-rupee-cash-hospital-medicine/index.html",
                "wgt": 1
            },
            {
                "body": "The Russell 2000 index of small stocks has spiked 10% to all-time highs since Election Day, blowing past the solid advance by the rest of the market. That's more than four times the advance for the S&P 500, which caters to bigger stocks.\n\nNot just that, but the Russell 2000 is on track for its 11th ...",
                "date": "2016-11-18",
                "id": "11535860",
                "isDuplicate": false,
                "lang": "eng",
                "sim": 0,
                "source": {
                    "id": "50",
                    "title": "CNN Money",
                    "uri": "money.cnn.com"
                },
                "time": "17:34:00",
                "title": "Wall Street bets Trump will make America grow again",
                "uri": "549853242",
                "url": "http://money.cnn.com/2016/11/18/investing/small-cap-stocks-trump-election/index.html",
                "wgt": 1
            },
            {
                "body": "A severe cash crunch is hurting some of India's most vulnerable citizens.\n\nThe country is now 10 days into a crisis brought on by Prime Minister Narendra Modi decision to abruptly cancel all 500 and 1,000 rupee notes -- a shock move that has left hundreds of millions of people short of cash.\n\nFor ...",
                "date": "2016-11-18",
                "id": "11531996",
                "isDuplicate": false,
                "lang": "eng",
                "sim": 0.5843137502670288,
                "source": {
                    "id": "50",
                    "title": "CNN Money",
                    "uri": "money.cnn.com"
                },
                "time": "17:17:00",
                "title": "India's cash crisis is making life even harder for the sick",
                "uri": "549845383",
                "url": "http://money.cnn.com/2016/11/18/news/india/india-rupee-cash-hospital-medicine/index.html",
                "wgt": 1
            },
            {
                "body": "Janitors, baggage handlers, cabin cleaners and wheelchair attendants, organized under the Service Employees International Union, are seeking a wage of $15 an hour. Some are paid minimum wage, which is $8.25 in Illinois.\n\n\"It is not their intent to disrupt operations, but to make their voices heard ...",
                "date": "2016-11-18",
                "id": "11527333",
                "isDuplicate": false,
                "lang": "eng",
                "sim": 0,
                "source": {
                    "id": "50",
                    "title": "CNN Money",
                    "uri": "money.cnn.com"
                },
                "time": "16:57:00",
                "title": "O'Hare airport strike planned for Thanksgiving",
                "uri": "549832253",
                "url": "http://money.cnn.com/2016/11/18/news/ohare-airport-thanksgiving-strike/index.html",
                "wgt": 1
            },
            {
                "body": "\"As you know in fashion, one day you're in. And the next day, you're out.\"\n\nThat's Heidi Klum's trademark line on \"Project Runway.\" It's also how Wall Street -- and consumers -- feel about struggling apparel retailers Gap and Abercrombie & Fitch.\n\nBoth mall stalwarts are decidedly out. Shares of Gap ...",
                "date": "2016-11-18",
                "id": "11527342",
                "isDuplicate": false,
                "lang": "eng",
                "sim": 0,
                "source": {
                    "id": "50",
                    "title": "CNN Money",
                    "uri": "money.cnn.com"
                },
                "time": "16:57:00",
                "title": "Nightmare continues for Gap and Abercrombie & Fitch",
                "uri": "549834034",
                "url": "http://money.cnn.com/2016/11/18/investing/gap-abercrombie-fitch-sales-earnings/index.html",
                "wgt": 1
            },
            {
                "body": "The two daily fantasy sports sites officially announced plans to merge Friday.\n\nFinancial terms of the merger between the two privately-held companies were not disclosed.\n\nIn 2015, before they because subject to regulatory crackdowns in various states, each company had raised about $300 million. ...",
                "date": "2016-11-18",
                "id": "11524089",
                "isDuplicate": false,
                "lang": "eng",
                "sim": 0,
                "source": {
                    "id": "50",
                    "title": "CNN Money",
                    "uri": "money.cnn.com"
                },
                "time": "16:42:00",
                "title": "DraftKings, FanDuel to merge",
                "uri": "549823164",
                "url": "http://money.cnn.com/2016/11/18/news/companies/draftkings-fanduel-merger/index.html",
                "wgt": 1
            },
            {
                "body": "\"One reason 60 million voters elected Donald Trump is because he promised to change Washington's culture of self-dealing, and if he wants to succeed he's going to have to make a sacrifice and lead by example,\" the paper said in an editorial Friday.\n\nThe president is exempt from most conflict of ...",
                "date": "2016-11-18",
                "id": "11519065",
                "isDuplicate": false,
                "lang": "eng",
                "sim": 0,
                "source": {
                    "id": "50",
                    "title": "CNN Money",
                    "uri": "money.cnn.com"
                },
                "time": "16:22:00",
                "title": "Wall Street Journal to Trump: Liquidate your holdings",
                "uri": "549767393",
                "url": "http://money.cnn.com/2016/11/18/news/donald-trump-wall-street-journal-liquidate/index.html",
                "wgt": 1
            },
            {
                "body": "Going back at least to 1976, when Jimmy Carter was elected, no president-elect has waited so long after the election was decided to speak to reporters. Most did it within the first three days. Trump was elected 10 days ago.\n\nAides say the public will not have to wait much longer.\n\n\"I'm sure he will ...",
                "date": "2016-11-18",
                "id": "11519029",
                "isDuplicate": true,
                "lang": "eng",
                "sim": 0,
                "source": {
                    "id": "50",
                    "title": "CNN Money",
                    "uri": "money.cnn.com"
                },
                "time": "16:22:00",
                "title": "President-elect Trump has nation waiting for first news conference",
                "uri": "549815638",
                "url": "http://money.cnn.com/2016/11/18/media/donald-trump-post-election-news-conference/index.html",
                "wgt": 1
            },
            {
                "body": "Banks are short of cash, low earners are struggling and parts of the economy have been hit.\n\nIf you're just catching up to the story, here's what you need to know.\n\n1. What happened?\n\nIn an unscheduled speech on primetime TV on Nov. 8, Prime Minister Narendra Modi declared that all 500 and 1,000 ...",
                "date": "2016-11-18",
                "id": "11510684",
                "isDuplicate": false,
                "lang": "eng",
                "sim": 0,
                "source": {
                    "id": "50",
                    "title": "CNN Money",
                    "uri": "money.cnn.com"
                },
                "time": "15:46:00",
                "title": "India's cash crisis: The 5 key questions",
                "uri": "549790920",
                "url": "http://money.cnn.com/2016/11/18/news/india/india-cash-ban-explainer/index.html",
                "wgt": 1
            },
            {
                "body": "It seems only fitting that greed has returned to Wall Street following the election of Donald J. Trump as president.\n\nThe Dow, S&P 500 and Nasdaq have all rallied and are at, or close to, record highs. The Dow is not far from 19,000 -- which is mainly important for psychological reasons. Traders ...",
                "date": "2016-11-18",
                "id": "11510658",
                "isDuplicate": true,
                "lang": "eng",
                "sim": 0,
                "source": {
                    "id": "50",
                    "title": "CNN Money",
                    "uri": "money.cnn.com"
                },
                "time": "15:46:00",
                "title": "Greed is back on Wall Street after Trump's win",
                "uri": "549795653",
                "url": "http://money.cnn.com/2016/11/18/investing/markets-donald-trump-fear-greed/index.html",
                "wgt": 1
            },
            {
                "body": "It seems only fitting that greed has returned to Wall Street following the election of Donald J. Trump as president.\n\nThe Dow, S&P 500 and Nasdaq have all rallied and are at, or close to, record highs. The Dow is not far from 19,000 -- which is mainly important for psychological reasons. Traders ...",
                "date": "2016-11-18",
                "id": "11508674",
                "isDuplicate": false,
                "lang": "eng",
                "sim": 0,
                "source": {
                    "id": "50",
                    "title": "CNN Money",
                    "uri": "money.cnn.com"
                },
                "time": "15:37:00",
                "title": "Greed is back on Wall Street after Trump's win",
                "uri": "549790583",
                "url": "http://money.cnn.com/2016/11/18/investing/markets-donald-trump-fear-greed/index.html",
                "wgt": 1
            },
            {
                "body": "Going back at least to 1976, when Jimmy Carter was elected, no president-elect has waited so long after the election was decided to speak to reporters. Most did it within the first three days. Trump was elected 10 days ago.\n\nAides say the public will not have to wait much longer.\n\n\"I'm sure he will ...",
                "date": "2016-11-18",
                "id": "11508683",
                "isDuplicate": false,
                "lang": "eng",
                "sim": 0,
                "source": {
                    "id": "50",
                    "title": "CNN Money",
                    "uri": "money.cnn.com"
                },
                "time": "15:37:00",
                "title": "President-elect Trump has nation waiting for first news conference",
                "uri": "549785839",
                "url": "http://money.cnn.com/2016/11/18/media/donald-trump-post-election-news-conference/index.html",
                "wgt": 1
            },
            {
                "body": "Banks are short of cash, low earners are struggling and parts of the economy have been hit.\n\nIf you're just catching up to the story, here's what you need to know.\n\n1. What happened?\n\nIn an unscheduled speech on primetime TV on Nov. 8, Prime Minister Narendra Modi declared that all 500 and 1,000 ...",
                "date": "2016-11-18",
                "id": "11507253",
                "isDuplicate": false,
                "lang": "eng",
                "sim": 0.7607843279838562,
                "source": {
                    "id": "50",
                    "title": "CNN Money",
                    "uri": "money.cnn.com"
                },
                "time": "15:30:00",
                "title": "India's cash crisis: The 5 key questions",
                "uri": "549785841",
                "url": "http://money.cnn.com/2016/11/18/news/india/india-cash-ban-explainer/index.html",
                "wgt": 1
            },
            {
                "body": "It seems only fitting that greed has returned to Wall Street following the election of Donald J. Trump as president.\n\nThe Dow, S&P 500 and Nasdaq have all rallied and are at, or close to, record highs. The Dow is not far from 19,000 -- which is mainly important for psychological reasons. Traders ...",
                "date": "2016-11-18",
                "id": "11507222",
                "isDuplicate": false,
                "lang": "eng",
                "sim": 0,
                "source": {
                    "id": "50",
                    "title": "CNN Money",
                    "uri": "money.cnn.com"
                },
                "time": "15:30:00",
                "title": "Greed is back on Wall Street after Trump's win",
                "uri": "549781682",
                "url": "http://money.cnn.com/2016/11/18/investing/markets-donald-trump-fear-greed/index.html",
                "wgt": 1
            },
            {
                "body": "Mexico just showed the first signs of its \"contingency plan\" to weather a Donald Trump presidency.\n\nTo save the suffering Mexican peso, the central bank, known as Banxico, raised its key interest rate Thursday, citing the U.S. election as the main reason.\n\n\"The view for the global economy became ...",
                "date": "2016-11-18",
                "id": "11503681",
                "isDuplicate": false,
                "lang": "eng",
                "sim": 0,
                "source": {
                    "id": "50",
                    "title": "CNN Money",
                    "uri": "money.cnn.com"
                },
                "time": "15:12:00",
                "title": "Mexico raises rates, pulls trigger on Trump 'contingency plan'",
                "uri": "549779150",
                "url": "http://money.cnn.com/2016/11/17/news/economy/mexico-central-bank-trump/index.html",
                "wgt": 1
            },
            {
                "body": "\"One reason 60 million voters elected Donald Trump is because he promised to change Washington's culture of self-dealing, and if he wants to succeed he's going to have to make a sacrifice and lead by example,\" the paper said in an editorial Friday.\n\nThe president is exempt from most conflict of ...",
                "date": "2016-11-18",
                "id": "11498037",
                "isDuplicate": false,
                "lang": "eng",
                "sim": 0,
                "source": {
                    "id": "50",
                    "title": "CNN Money",
                    "uri": "money.cnn.com"
                },
                "time": "14:49:00",
                "title": "Wall Street Journal to Trump: Liquidate your holdings",
                "uri": "549757072",
                "url": "http://money.cnn.com/2016/11/18/news/donald-trump-wall-street-journal-liquidate/index.html",
                "wgt": 1
            },
            {
                "body": "Donald Trump may cast Obamacare as a job killer. But some entrepreneurs say they couldn't have started their businesses without it.\n\nObamacare has freed them from depending on employers for health insurance. Instead, they told CNNMoney they can pursue their own American Dreams and work for ...",
                "date": "2016-11-18",
                "id": "11489684",
                "isDuplicate": false,
                "lang": "eng",
                "sim": 0,
                "source": {
                    "id": "50",
                    "title": "CNN Money",
                    "uri": "money.cnn.com"
                },
                "time": "14:14:00",
                "title": "Obamacare: Entrepreneurs up in arms about losing it",
                "uri": "549725505",
                "url": "http://money.cnn.com/2016/11/18/news/economy/obamacare-entrepreneurs-trump/index.html",
                "wgt": 1
            },
            {
                "body": "Donald Trump may cast Obamacare as a job killer. But some entrepreneurs say they couldn't have started their businesses without it.\n\nObamacare has freed them from depending on employers for health insurance. Instead, they told CNNMoney they can pursue their own American Dreams and work for ...",
                "date": "2016-11-18",
                "id": "11480369",
                "isDuplicate": false,
                "lang": "eng",
                "sim": 0,
                "source": {
                    "id": "50",
                    "title": "CNN Money",
                    "uri": "money.cnn.com"
                },
                "time": "13:35:00",
                "title": "Obamacare: Entrepreneurs up in arms about losing it",
                "uri": "549719300",
                "url": "http://money.cnn.com/2016/11/18/news/economy/obamacare-entrepreneurs-trump/index.html",
                "wgt": 1
            },
            {
                "body": "It's not the beginning of a joke. It's Amazon's newest ad, and it serves up a healthy dose of anti-Trump messaging.\n\nIn the ad, the priest and the imam are friends -- and they're not getting any younger. They share a hug, the imam leaves, and both take out their smartphones and tap on the Amazon ...",
                "date": "2016-11-18",
                "id": "11475453",
                "isDuplicate": false,
                "lang": "eng",
                "sim": 0,
                "source": {
                    "id": "50",
                    "title": "CNN Money",
                    "uri": "money.cnn.com"
                },
                "time": "13:16:00",
                "title": "Is Amazon going after Trump with its new ad?",
                "uri": "549709881",
                "url": "http://money.cnn.com/2016/11/18/technology/amazon-ad-priest-imam/index.html",
                "wgt": 1
            },
            {
                "body": "The home of Queen Elizabeth II -- Buckingham Palace -- is about to get a major refurbishment.\n\nThe U.K. government has announced a \u00a3369 million ($458 million) plan to replace aging wiring and pipes on the property that are more than 60 years old. The overall design and exterior of the 775-room ...",
                "date": "2016-11-18",
                "id": "11474717",
                "isDuplicate": false,
                "lang": "eng",
                "sim": 0,
                "source": {
                    "id": "50",
                    "title": "CNN Money",
                    "uri": "money.cnn.com"
                },
                "time": "13:13:00",
                "title": "Buckingham Palace set for $458 million refurbishment",
                "uri": "549707843",
                "url": "http://money.cnn.com/2016/11/18/news/buckingham-palace-refurbishment-uk/index.html",
                "wgt": 1
            },
            {
                "body": "Every so often, Rahul Sharma goes to a cellphone store and acts as a salesman. It isn't something he needs to do, but it's helped him build Micromax into one of the world's biggest smartphone manufacturers.\n\n\"I sell every phone, whether it is Micromax or any other competitive brand,\" the Micromax ...",
                "date": "2016-11-18",
                "id": "11474277",
                "isDuplicate": false,
                "lang": "eng",
                "sim": 0,
                "source": {
                    "id": "50",
                    "title": "CNN Money",
                    "uri": "money.cnn.com"
                },
                "time": "13:12:00",
                "title": "How India's Micromax took the fight to Apple and Samsung",
                "uri": "549699045",
                "url": "http://money.cnn.com/2016/11/18/news/india/micromax-india-rahul-sharma/index.html",
                "wgt": 1
            },
            {
                "body": "If Donald Trump turns his back on Asian economies, China is ready and willing to step into the vacuum.\n\nDuring the election campaign, Trump blasted international trade deals, tapping into a deep well of popular anger over the effects of globalization. Now, President-elect Trump's first victim could ...",
                "date": "2016-11-18",
                "id": "11474318",
                "isDuplicate": false,
                "lang": "eng",
                "sim": 0,
                "source": {
                    "id": "50",
                    "title": "CNN Money",
                    "uri": "money.cnn.com"
                },
                "time": "13:12:00",
                "title": "China is ready to pounce if Trump axes Pacific trade deal",
                "uri": "549634920",
                "url": "http://money.cnn.com/2016/11/18/news/economy/trump-china-tpp-trade/index.html",
                "wgt": 1
            },
            {
                "body": "It's not the beginning of a joke. It's Amazon's newest ad, and it serves up a healthy dose of anti-Trump messaging.\n\nIn the ad, the priest and the imam are friends -- and they're not getting any younger. They share a hug, the imam leaves, and both take out their smartphones and tap on the Amazon ...",
                "date": "2016-11-18",
                "id": "11474315",
                "isDuplicate": false,
                "lang": "eng",
                "sim": 0,
                "source": {
                    "id": "50",
                    "title": "CNN Money",
                    "uri": "money.cnn.com"
                },
                "time": "13:12:00",
                "title": "Is Amazon going after Trump with its new ad?",
                "uri": "549700823",
                "url": "http://money.cnn.com/2016/11/18/technology/amazon-ad-priest-imam/index.html",
                "wgt": 1
            },
            {
                "body": "The ICE Dollar Index -- which tracks the dollar's value versus other major global currencies -- hit 101.37 Friday, up about 10% from early May.\n\nIt's boomed since Election Day because investors expect higher interest rates and more government spending during Donald Trump's presidency.\n\n2. More pain ...",
                "date": "2016-11-18",
                "id": "11474256",
                "isDuplicate": true,
                "lang": "eng",
                "sim": 0,
                "source": {
                    "id": "50",
                    "title": "CNN Money",
                    "uri": "money.cnn.com"
                },
                "time": "13:11:00",
                "title": "Premarket: 5 things to know before the bell",
                "uri": "549707840",
                "url": "http://money.cnn.com/2016/11/18/investing/premarket-stocks-trading/index.html",
                "wgt": 1
            },
            {
                "body": "The home of Queen Elizabeth II -- Buckingham Palace -- is about to get a major refurbishment.\n\nThe U.K. government has announced a \u00a3369 million ($458 million) plan to replace aging wiring and pipes on the property that are more than 60 years old. The overall design and exterior of the 775-room ...",
                "date": "2016-11-18",
                "id": "11471617",
                "isDuplicate": false,
                "lang": "eng",
                "sim": 0,
                "source": {
                    "id": "50",
                    "title": "CNN Money",
                    "uri": "money.cnn.com"
                },
                "time": "13:01:00",
                "title": "Buckingham Palace set for $458 million refurbishment",
                "uri": "549699674",
                "url": "http://money.cnn.com/2016/11/18/news/buckingham-palace-refurbishment-uk/index.html",
                "wgt": 1
            },
            {
                "body": "It's not the beginning of a joke. It's Amazon's newest ad, and it serves up a healthy dose of anti-Trump messaging.\n\nIn the ad, the priest and the imam are friends -- and they're not getting any younger. They share a hug, the imam leaves, and both take out their smartphones and tap on the Amazon ...",
                "date": "2016-11-18",
                "id": "11635868",
                "isDuplicate": false,
                "lang": "eng",
                "sim": 0,
                "source": {
                    "id": "50",
                    "title": "CNN Money",
                    "uri": "money.cnn.com"
                },
                "time": "12:59:00",
                "title": "Is Amazon going after Trump with its new ad?",
                "uri": "549950771",
                "url": "http://money.cnn.com/2016/11/18/technology/amazon-ad-priest-imam/index.html",
                "wgt": 1
            },
            {
                "body": "Every so often, Rahul Sharma goes to a cellphone store and acts as a salesman. It isn't something he needs to do, but it's helped him build Micromax into one of the world's biggest smartphone manufacturers.\n\n\"I sell every phone, whether it is Micromax or any other competitive brand,\" the Micromax ...",
                "date": "2016-11-18",
                "id": "11461193",
                "isDuplicate": false,
                "lang": "eng",
                "sim": 0,
                "source": {
                    "id": "50",
                    "title": "CNN Money",
                    "uri": "money.cnn.com"
                },
                "time": "12:20:00",
                "title": "How India's Micromax took the fight to Apple and Samsung",
                "uri": "549672600",
                "url": "http://money.cnn.com/2016/11/18/news/india/micromax-india-rahul-sharma/index.html",
                "wgt": 1
            },
            {
                "body": "A week is a very long time. Especially if you've spent most of it waiting in line.\n\nIn India, millions of people have spent this week lined up at ATMs and banks in order to exchange defunct 500 and 1000 rupee notes.\n\nIf you're one of them, here's a handcrafted batch of stories you might have missed ...",
                "date": "2016-11-18",
                "id": "11452708",
                "isDuplicate": true,
                "lang": "eng",
                "sim": 0,
                "source": {
                    "id": "50",
                    "title": "CNN Money",
                    "uri": "money.cnn.com"
                },
                "time": "11:40:00",
                "title": "Stuck waiting for rupees in India? Here are 6 stories you shouldn't miss",
                "uri": "549653395",
                "url": "http://money.cnn.com/2016/11/18/news/india/india-cash-ban-news-wrap/index.html",
                "wgt": 1
            },
            {
                "body": "A week is a very long time. Especially if you've spent most of it waiting in line.\n\nIn India, millions of people have spent this week lined up at ATMs and banks in order to exchange defunct 500 and 1000 rupee notes.\n\nIf you're one of them, here's a handcrafted batch of stories you might have missed ...",
                "date": "2016-11-18",
                "id": "11448229",
                "isDuplicate": false,
                "lang": "eng",
                "sim": 0,
                "source": {
                    "id": "50",
                    "title": "CNN Money",
                    "uri": "money.cnn.com"
                },
                "time": "11:19:00",
                "title": "Stuck waiting for rupees in India? Here are 6 stories you shouldn't miss",
                "uri": "549639878",
                "url": "http://money.cnn.com/2016/11/18/news/india/india-cash-ban-news-wrap/index.html",
                "wgt": 1
            },
            {
                "body": "Volkswagen is cutting 30,000 jobs over the next three years as it tries to boost profits in the wake of a huge emissions scandal.\n\nEurope's largest automaker said Friday the cuts were needed to reduce costs as it works to overhaul its plants in Germany.\n\nThe vast majority of the job cuts -- 23,000 ...",
                "date": "2016-11-18",
                "id": "11436210",
                "isDuplicate": false,
                "lang": "eng",
                "sim": 0,
                "source": {
                    "id": "50",
                    "title": "CNN Money",
                    "uri": "money.cnn.com"
                },
                "time": "10:26:00",
                "title": "Volkswagen to cut 30,000 jobs",
                "uri": "549589147",
                "url": "http://money.cnn.com/2016/11/18/news/volkswagen-job-cuts/index.html",
                "wgt": 1
            },
            {
                "body": "If Donald Trump turns his back on Asian economies, China is ready and willing to step into the vacuum.\n\nDuring the election campaign, Trump blasted international trade deals, tapping into a deep well of popular anger over the effects of globalization. Now, President-elect Trump's first victim could ...",
                "date": "2016-11-18",
                "id": "11435753",
                "isDuplicate": false,
                "lang": "eng",
                "sim": 0,
                "source": {
                    "id": "50",
                    "title": "CNN Money",
                    "uri": "money.cnn.com"
                },
                "time": "10:23:00",
                "title": "China is ready to pounce if Trump axes Pacific trade deal",
                "uri": "549610180",
                "url": "http://money.cnn.com/2016/11/18/news/economy/trump-china-tpp-trade/index.html",
                "wgt": 1
            },
            {
                "body": "The ICE Dollar Index -- which tracks the dollar's value versus other major global currencies -- hit 101.37 Friday, up about 10% from early May.\n\nIt's boomed since Election Day because investors expect higher interest rates and more government spending during Donald Trump's presidency.\n\n2. More pain ...",
                "date": "2016-11-18",
                "id": "11432909",
                "isDuplicate": false,
                "lang": "eng",
                "sim": 0,
                "source": {
                    "id": "50",
                    "title": "CNN Money",
                    "uri": "money.cnn.com"
                },
                "time": "10:09:00",
                "title": "Premarket: 5 things to know before the bell",
                "uri": "549601147",
                "url": "http://money.cnn.com/2016/11/18/investing/premarket-stocks-trading/index.html",
                "wgt": 1
            },
            {
                "body": "Volkswagen is cutting 30,000 jobs as it tries to boost profits in the wake of a huge emissions scandal.\n\nEurope's largest automaker said Friday the cuts were needed to reduce costs as it works to overhaul its plants in Germany.\n\nThe vast majority of the job cuts -- 23,000 -- will come in its home ...",
                "date": "2016-11-18",
                "id": "11424281",
                "isDuplicate": false,
                "lang": "eng",
                "sim": 0,
                "source": {
                    "id": "50",
                    "title": "CNN Money",
                    "uri": "money.cnn.com"
                },
                "time": "09:26:00",
                "title": "Volkswagen to cut 30,000 jobs",
                "uri": "549573926",
                "url": "http://money.cnn.com/2016/11/18/news/volkswagen-job-cuts/index.html",
                "wgt": 1
            },
            {
                "body": "Volkswagen is cutting 30,000 jobs as it tries to boost profits in the wake of a huge emissions scandal.\n\nEurope's largest automaker said Friday the cuts were needed to reduce costs as it works to overhaul its plants in Germany.\n\nThe vast majority of the job cuts -- 23,000 -- will come in its home ...",
                "date": "2016-11-18",
                "id": "11422404",
                "isDuplicate": false,
                "lang": "eng",
                "sim": 0.9372549057006836,
                "source": {
                    "id": "50",
                    "title": "CNN Money",
                    "uri": "money.cnn.com"
                },
                "time": "09:17:00",
                "title": "Volkswagen to cut 30,000 jobs",
                "uri": "549570687",
                "url": "http://money.cnn.com/2016/11/18/news/volkswagen-job-cuts/index.html",
                "wgt": 1
            },
            {
                "body": "President-elect Donald Trump took credit Thursday night for stopping Ford from moving jobs from Kentucky to Mexico.\n\nThe only problem with the claim? Ford had never said it planned to move its Louisville, Ky, assembly plant to Mexico.\n\nIn fact the automaker had already made a commitment to the ...",
                "date": "2016-11-18",
                "id": "11383637",
                "isDuplicate": false,
                "lang": "eng",
                "sim": 0,
                "source": {
                    "id": "50",
                    "title": "CNN Money",
                    "uri": "money.cnn.com"
                },
                "time": "05:19:00",
                "title": "Despite Trump victory lap, Ford wasn't planning to move plant to Mexico",
                "uri": "549456284",
                "url": "http://money.cnn.com/2016/11/17/news/companies/ford-mexico-donald-trump/index.html",
                "wgt": 1
            },
            {
                "body": "President-elect Donald Trump took credit Thursday night for stopping Ford from moving jobs from Kentucky to Mexico.\n\nThe only problem with the claim? Ford had never said it planned to move its Louisville, Ky, assembly plant to Mexico.\n\nIn fact the automaker had already made a commitment to the ...",
                "date": "2016-11-18",
                "id": "11381259",
                "isDuplicate": false,
                "lang": "eng",
                "sim": 0.8705882430076599,
                "source": {
                    "id": "50",
                    "title": "CNN Money",
                    "uri": "money.cnn.com"
                },
                "time": "05:01:00",
                "title": "Despite Trump victory lap, Ford wasn't planning to move plant to Mexico",
                "uri": "549449994",
                "url": "http://money.cnn.com/2016/11/17/news/companies/ford-mexico-donald-trump/index.html",
                "wgt": 1
            },
            {
                "body": "So the fast food giant is rolling out self-order kiosks, mobile pay options, an updated interior design, even table service.\n\nThe changes are already starting to show up at locations in Florida, New York and Southern California, where 500 restaurants have been updated. Restaurants in San Francisco, ...",
                "date": "2016-11-18",
                "id": "11365990",
                "isDuplicate": false,
                "lang": "eng",
                "sim": 0,
                "source": {
                    "id": "50",
                    "title": "CNN Money",
                    "uri": "money.cnn.com"
                },
                "time": "02:56:00",
                "title": "McDonald's: More touch screens and table service just the beginning of change",
                "uri": "549382856",
                "url": "http://money.cnn.com/2016/11/17/news/mcdonalds-steve-easterbrook/index.html",
                "wgt": 1
            },
            {
                "body": "Two nonprofit groups filed a complaint against OneWest Bank Wednesday for allegedly violating the Fair Housing Act. Mnuchin served as chair of OneWest before he sold it to CIT Group last year. It is now called the CIT Bank and Mnuchin maintains a seat on the CIT Group board.\n\nThe two fair housing ...",
                "date": "2016-11-18",
                "id": "11359484",
                "isDuplicate": true,
                "lang": "eng",
                "sim": 0,
                "source": {
                    "id": "50",
                    "title": "CNN Money",
                    "uri": "money.cnn.com"
                },
                "time": "01:55:00",
                "title": "Bank led by Treasury contender Steven Mnuchin hit with discrimination claim",
                "uri": "549389416",
                "url": "http://money.cnn.com/2016/11/17/news/steven-mnuchin-cit-onewest/index.html",
                "wgt": 1
            },
            {
                "body": "Two nonprofit groups filed a complaint against OneWest Bank Wednesday for allegedly violating the Fair Housing Act. Mnuchin served as chair of OneWest before he sold it to CIT Group last year. It is now called the CIT Bank and Mnuchin maintains a seat on the CIT Group board.\n\nThe two fair housing ...",
                "date": "2016-11-18",
                "id": "11356982",
                "isDuplicate": false,
                "lang": "eng",
                "sim": 0,
                "source": {
                    "id": "50",
                    "title": "CNN Money",
                    "uri": "money.cnn.com"
                },
                "time": "01:34:00",
                "title": "Bank led by Treasury contender Steven Mnuchin hit with discrimination claim",
                "uri": "549381188",
                "url": "http://money.cnn.com/2016/11/17/news/steven-mnuchin-cit-onewest/index.html",
                "wgt": 1
            },
            {
                "body": "So the fast food giant is rolling out self-order kiosks, mobile pay options, an updated interior design, even table service.\n\nThe changes are already starting to show up at locations in Florida, New York and Southern California, where 500 restaurants have been updated. Restaurants in San Francisco, ...",
                "date": "2016-11-18",
                "id": "11355585",
                "isDuplicate": false,
                "lang": "eng",
                "sim": 0,
                "source": {
                    "id": "50",
                    "title": "CNN Money",
                    "uri": "money.cnn.com"
                },
                "time": "01:22:00",
                "title": "McDonald's: More touch screens and table service just the beginning of change",
                "uri": "549377289",
                "url": "http://money.cnn.com/2016/11/17/news/mcdonalds-steve-easterbrook/index.html",
                "wgt": 1
            },
            {
                "body": "Mercedes is taking on the likes of Bentley with a long, sparkly convertible unveiled at the Los Angeles Auto Show.\n\nThe Mercedes-Maybach S650 Cabriolet is a very exclusive upgraded version of the already-expensive Mercedes S-class Cabriolet. Only 300 of these cars will be made, and they'll feature ...",
                "date": "2016-11-18",
                "id": "11354204",
                "isDuplicate": true,
                "lang": "eng",
                "sim": 0,
                "source": {
                    "id": "50",
                    "title": "CNN Money",
                    "uri": "money.cnn.com"
                },
                "time": "01:12:00",
                "title": " Mercedes unveils its most expensive car",
                "uri": "549374751",
                "url": "http://money.cnn.com/2016/11/17/luxury/mercedes-maybach-650-cabriolet/index.html",
                "wgt": 1
            },
            {
                "body": "Smartphones sold in the U.S. have been secretly collecting user data and sending it to servers in Shanghai.\n\nThe findings, announced this week by security firm Kryptowire, have raised questions about how users can keep the secrets stored on their smartphones from being siphoned away without their ...",
                "date": "2016-11-18",
                "id": "11350552",
                "isDuplicate": true,
                "lang": "eng",
                "sim": 0,
                "source": {
                    "id": "50",
                    "title": "CNN Money",
                    "uri": "money.cnn.com"
                },
                "time": "00:44:00",
                "title": "Why smartphone owners can't tell if their data is being sent to China",
                "uri": "549364680",
                "url": "http://money.cnn.com/2016/11/16/technology/china-smartphones-data-security-software/index.html",
                "wgt": 1
            }
        ],
        "totalResults": 80
    }
}