{
    "articles": {
        "count": 87,
        "page": 1,
        "pages": 1,
        "results": [
            {
                "body": "President-elect Donald Trump has given no indication that he will sell any of his vast business holdings before he takes office.\n\nBut if he really wants to eliminate conflicts of interest unlike anything an American president has ever presented, he has some options.\n\nThey would be both messy and ...",
                "date": "2016-11-23",
                "id": "12641218",
                "isDuplicate": true,
                "lang": "eng",
                "sim": 0,
                "source": {
                    "id": "50",
                    "title": "CNN Money",
                    "uri": "money.cnn.com"
                },
                "time": "22:03:00",
                "title": "How President-elect Trump could eliminate conflicts of interest",
                "uri": "552830959",
                "url": "http://money.cnn.com/2016/11/23/news/trump-business-conflicts/index.html",
                "wgt": 1
            },
            {
                "body": "The good news: for the first time since the recession, the number of people across the nation who are struggling to put food on the table has decreased. In fact, the number of \"food insecure\" (those unsure they will be able to afford three meals each day) fell by 6 million Americans last year to the ...",
                "date": "2016-11-23",
                "id": "12639384",
                "isDuplicate": false,
                "lang": "eng",
                "sim": 0,
                "source": {
                    "id": "50",
                    "title": "CNN Money",
                    "uri": "money.cnn.com"
                },
                "time": "21:51:00",
                "title": "New York's food pantries under strain and need help",
                "uri": "552822524",
                "url": "http://money.cnn.com/2016/11/23/news/economy/feeding-hungry-thanksgiving/index.html",
                "wgt": 1
            },
            {
                "body": "A rule put in place by President Obama to expand eligibility for overtime pay to millions of workers may be on life support.\n\nA federal judge in Texas, ruling in two cases brought by business groups and 21 states challenging the rule's validity, issued a preliminary injunction stopping the rule from ...",
                "date": "2016-11-23",
                "id": "12626678",
                "isDuplicate": false,
                "lang": "eng",
                "sim": 0,
                "source": {
                    "id": "50",
                    "title": "CNN Money",
                    "uri": "money.cnn.com"
                },
                "time": "20:32:00",
                "title": "Millions may now lose eligibility for overtime pay after ruling",
                "uri": "552784126",
                "url": "http://money.cnn.com/2016/11/23/pf/overtime-rule-delay/index.html",
                "wgt": 1
            },
            {
                "body": "The U.K. will be forced to borrow an extra \u00a358.7 billion ($72.6 billion) over the next five years because of an economic slowdown triggered by its vote to leave the European Union, according to the Office of Budget Responsibility.\n\nThe independent government agency said that growth will slump to ...",
                "date": "2016-11-23",
                "id": "12625300",
                "isDuplicate": true,
                "lang": "eng",
                "sim": 0,
                "source": {
                    "id": "50",
                    "title": "CNN Money",
                    "uri": "money.cnn.com"
                },
                "time": "20:25:00",
                "title": "Autumn Statement: U.K. economy to grow at slowest pace since 2009 financial crisis",
                "uri": "552785828",
                "url": "http://money.cnn.com/2016/11/23/news/economy/uk-autumn-statement-budget-brexit/index.html",
                "wgt": 1
            },
            {
                "body": "President-elect Donald Trump has given no indication that he will sell any of his vast business holdings before he takes office.\n\nBut if he really wants to eliminate conflicts of interest unlike anything an American president has ever presented, he has some options.\n\nThey would be both messy and ...",
                "date": "2016-11-23",
                "id": "12623865",
                "isDuplicate": false,
                "lang": "eng",
                "sim": 0,
                "source": {
                    "id": "50",
                    "title": "CNN Money",
                    "uri": "money.cnn.com"
                },
                "time": "20:17:00",
                "title": "How President-elect Trump could eliminate conflicts of interest",
                "uri": "552779352",
                "url": "http://money.cnn.com/2016/11/23/news/trump-business-conflicts/index.html",
                "wgt": 1
            },
            {
                "body": "A rule put in place by President Obama to expand eligibility for overtime pay to millions of workers may be on life support.\n\nA federal judge in Texas, ruling in two cases brought by business groups and 21 states challenging the rule's validity, issued a preliminary injunction stopping the rule from ...",
                "date": "2016-11-23",
                "id": "12623836",
                "isDuplicate": false,
                "lang": "eng",
                "sim": 0.6784313917160034,
                "source": {
                    "id": "50",
                    "title": "CNN Money",
                    "uri": "money.cnn.com"
                },
                "time": "20:17:00",
                "title": "Millions may now lose eligibility for overtime pay after ruling",
                "uri": "552776058",
                "url": "http://money.cnn.com/2016/11/23/pf/overtime-rule-delay/index.html",
                "wgt": 1
            },
            {
                "body": "Donald Trump made clear Monday that he's focused on immigrant visa programs -- and immigration advocates and tech leaders are paying close attention.\n\nIn a short video address this week, Trump listed the issue as a priority for his first 100 days in office: He said he will \"direct the Department of ...",
                "date": "2016-11-23",
                "id": "12637908",
                "isDuplicate": false,
                "lang": "eng",
                "sim": 0,
                "source": {
                    "id": "50",
                    "title": "CNN Money",
                    "uri": "money.cnn.com"
                },
                "time": "20:03:00",
                "title": "Donald Trump's crackdown on 'visa abuse': Experts weigh in",
                "uri": "552776057",
                "url": "http://money.cnn.com/2016/11/23/technology/trump-immigration-reform/index.html",
                "wgt": 1
            },
            {
                "body": "Most stock quote data provided by BATS. Market indices are shown in real time, except for the DJIA, which is delayed by two minutes. All times are ET. Disclaimer. Morningstar: \u00c2\u00a9 2016 Morningstar, Inc. All Rights Reserved. Factset: FactSet Research Systems Inc. 2016. All rights reserved. Chicago ...",
                "date": "2016-11-23",
                "id": "12619426",
                "isDuplicate": false,
                "lang": "eng",
                "sim": 0,
                "source": {
                    "id": "50",
                    "title": "CNN Money",
                    "uri": "money.cnn.com"
                },
                "time": "19:52:00",
                "title": "Real-life transformer up for auction",
                "uri": "552760669",
                "url": "http://money.cnn.com/video/technology/2016/11/23/real-life-transformer-auction-letrons.cnnmoney/index.html",
                "wgt": 1
            },
            {
                "body": "Small SUVs are the hottest segment in the new car market right now. So maybe it shouldn't be surprising that a big chunk of the new vehicle unveilings at the Los Angeles Auto Show were little crossover SUVs.\n\nIt seemed like there was an SUV popping out every time you turned around. For starters, ...",
                "date": "2016-11-23",
                "id": "12614484",
                "isDuplicate": false,
                "lang": "eng",
                "sim": 0,
                "source": {
                    "id": "50",
                    "title": "CNN Money",
                    "uri": "money.cnn.com"
                },
                "time": "19:27:00",
                "title": "Small SUVs take over LA Auto Show",
                "uri": "552743516",
                "url": "http://money.cnn.com/2016/11/23/autos/suvs-los-angeles-auto-show/index.html",
                "wgt": 1
            },
            {
                "body": "The average rate for a 30-year fixed-rate mortgage increased to 4.03%, from 3.94% last week. A year ago, the rate was 3.95%.\n\nRates have been moving higher since Donald Trump was elected president.\n\nThe interest rate on the U.S. government's 10-year Treasury note has climbed to 2.38% on Wednesday ...",
                "date": "2016-11-23",
                "id": "12614411",
                "isDuplicate": false,
                "lang": "eng",
                "sim": 0,
                "source": {
                    "id": "50",
                    "title": "CNN Money",
                    "uri": "money.cnn.com"
                },
                "time": "19:27:00",
                "title": "Mortgage rates climb above 4% for first time this year ",
                "uri": "552754431",
                "url": "http://money.cnn.com/2016/11/23/real_estate/mortgage-rates-higher-4-percent/index.html",
                "wgt": 1
            },
            {
                "body": "A long-haired princess, a video game villain, an ice queen, a pillowy robot, cosmopolitan critters, and now a demi-god.\n\nThat's the trajectory of the current Disney Animation renaissance, which is likely to add another success to a string of them this weekend with \"Moana.\"\n\nA musical that stars ...",
                "date": "2016-11-23",
                "id": "12613236",
                "isDuplicate": false,
                "lang": "eng",
                "sim": 0.5529412031173706,
                "source": {
                    "id": "50",
                    "title": "CNN Money",
                    "uri": "money.cnn.com"
                },
                "time": "19:21:00",
                "title": "'Moana' set to continue Disney Animation's rebirth at the box office",
                "uri": "552750191",
                "url": "http://money.cnn.com/2016/11/23/media/moana-disney-box-office-projection/index.html",
                "wgt": 1
            },
            {
                "body": "Antimon is a BMW 3-series car that transforms into a robot in 30 seconds. It's the work of 12 engineers and 4 technicians from Turkey, who spent 11 months putting their creation together.\n\n\"We want to show our power all over the world,\" said Turgat Alpagot, sales and marketing director for Letrons, ...",
                "date": "2016-11-23",
                "id": "12612001",
                "isDuplicate": true,
                "lang": "eng",
                "sim": 0,
                "source": {
                    "id": "50",
                    "title": "CNN Money",
                    "uri": "money.cnn.com"
                },
                "time": "19:14:00",
                "title": "You could own a real life transformer for $600,000",
                "uri": "552750367",
                "url": "http://money.cnn.com/2016/11/23/technology/real-life-transformer-auction-abu-dhabi/index.html",
                "wgt": 1
            },
            {
                "body": "House cleaning. Working the cash register at a Chinese restaurant. Walking dogs. Running a dry cleaner.\n\nFei-Fei Li arrived in the U.S. from China at age 16 with many big dreams. And it took many odd jobs to help her achieve them.\n\nLuckily, she was smart -- and extremely driven. And today, she's the ...",
                "date": "2016-11-23",
                "id": "13235498",
                "isDuplicate": false,
                "lang": "eng",
                "sim": 0,
                "source": {
                    "id": "50",
                    "title": "CNN Money",
                    "uri": "money.cnn.com"
                },
                "time": "19:08:00",
                "title": "One immigrant's path from cleaning houses to Stanford professor",
                "uri": "552783068",
                "url": "http://money.cnn.com/2016/07/21/news/economy/chinese-immigrant-stanford-professor/index.html",
                "wgt": 1
            },
            {
                "body": "The average rate for a 30-year fixed-rate mortgage increased to 4.03%, from 3.94% last week. A year ago, the rate was 3.95%.\n\nRates have been moving higher since Donald Trump was elected president.\n\nThe interest rate on the U.S. government's 10-year Treasury note has climbed to 2.38% on Wednesday ...",
                "date": "2016-11-23",
                "id": "12609435",
                "isDuplicate": false,
                "lang": "eng",
                "sim": 0,
                "source": {
                    "id": "50",
                    "title": "CNN Money",
                    "uri": "money.cnn.com"
                },
                "time": "19:01:00",
                "title": "Mortgage rates climb above 4% for first time this year ",
                "uri": "552739211",
                "url": "http://money.cnn.com/2016/11/23/real_estate/mortgage-rates-higher-4-percent/index.html",
                "wgt": 1
            },
            {
                "body": "Small SUVs are the hottest segment in the new car market right now. So maybe it shouldn't be surprising that a big chunk of the new vehicle unveilings at the Los Angeles Auto Show were little crossover SUVs.\n\nIt seemed like there was an SUV popping out every time you turned around. For starters, ...",
                "date": "2016-11-23",
                "id": "12609265",
                "isDuplicate": false,
                "lang": "eng",
                "sim": 0,
                "source": {
                    "id": "50",
                    "title": "CNN Money",
                    "uri": "money.cnn.com"
                },
                "time": "19:00:00",
                "title": "Small SUVs take over LA Auto Show",
                "uri": "552736727",
                "url": "http://money.cnn.com/2016/11/23/autos/suvs-los-angeles-auto-show/index.html",
                "wgt": 1
            },
            {
                "body": "Most stock quote data provided by BATS. Market indices are shown in real time, except for the DJIA, which is delayed by two minutes. All times are ET. Disclaimer. Morningstar: \u00c2\u00a9 2016 Morningstar, Inc. All Rights Reserved. Factset: FactSet Research Systems Inc. 2016. All rights reserved. Chicago ...",
                "date": "2016-11-23",
                "id": "12607755",
                "isDuplicate": false,
                "lang": "eng",
                "sim": 0,
                "source": {
                    "id": "50",
                    "title": "CNN Money",
                    "uri": "money.cnn.com"
                },
                "time": "18:52:00",
                "title": "This foam might make your home quieter and more energy efficient",
                "uri": "552731329",
                "url": "http://money.cnn.com/video/technology/2016/11/23/insulation-aerogel-foam-ntu-singapore-greener-quieter.cnnmoney/index.html",
                "wgt": 1
            },
            {
                "body": "Jeremy Clarkson is on top once again with his new Amazon show, \"The Grand Tour.\"\n\nClarkson, the former co-host of the globally popular and long running BBC show, \"Top Gear,\" told CNN's \"Quest Means Business\" that the new series is \"'Top Gear' in witness protection.\"\n\n\"That's what a friend of mine ...",
                "date": "2016-11-23",
                "id": "12600439",
                "isDuplicate": true,
                "lang": "eng",
                "sim": 0,
                "source": {
                    "id": "50",
                    "title": "CNN Money",
                    "uri": "money.cnn.com"
                },
                "time": "18:18:00",
                "title": "Jeremy Clarkson: Amazon show is ''Top Gear' in witness protection' ",
                "uri": "552719043",
                "url": "http://money.cnn.com/2016/11/23/media/jeremy-clarkson-top-gear-amazon-the-grand-tour/index.html",
                "wgt": 1
            },
            {
                "body": "Antimon is a BMW 3-series car that transforms into a robot in 30 seconds. It's the work of 12 engineers and 4 technicians from Turkey, who spent 11 months putting their creation together.\n\n\"We want to show our power all over the world,\" said Turgat Alpagot, sales and marketing director for Letrons, ...",
                "date": "2016-11-23",
                "id": "12600451",
                "isDuplicate": false,
                "lang": "eng",
                "sim": 0,
                "source": {
                    "id": "50",
                    "title": "CNN Money",
                    "uri": "money.cnn.com"
                },
                "time": "18:18:00",
                "title": "You could own a real life transformer for $600,000",
                "uri": "552712634",
                "url": "http://money.cnn.com/2016/11/23/technology/real-life-transformer-auction-abu-dhabi/index.html",
                "wgt": 1
            },
            {
                "body": "Despite its title, \"Rules Don't Apply\" is not a documentary about Donald Trump's presidential campaign.\n\nBut a leading candidate to be his Treasury secretary has a walk-on role.\n\nThe romantic comedy, which opens Wednesday, is centered on another eccentric and unpredictable billionaire, Howard ...",
                "date": "2016-11-23",
                "id": "12600496",
                "isDuplicate": true,
                "lang": "eng",
                "sim": 0,
                "source": {
                    "id": "50",
                    "title": "CNN Money",
                    "uri": "money.cnn.com"
                },
                "time": "18:18:00",
                "title": "'Rules Don't Apply': Mnuchin, possible pick for Treasury secretary, set to make his film debut",
                "uri": "552719046",
                "url": "http://money.cnn.com/2016/11/23/media/mnuchin-movie/index.html",
                "wgt": 1
            },
            {
                "body": "Most stock quote data provided by BATS. Market indices are shown in real time, except for the DJIA, which is delayed by two minutes. All times are ET. Disclaimer. Morningstar: \u00c2\u00a9 2016 Morningstar, Inc. All Rights Reserved. Factset: FactSet Research Systems Inc. 2016. All rights reserved. Chicago ...",
                "date": "2016-11-23",
                "id": "12600549",
                "isDuplicate": true,
                "lang": "eng",
                "sim": 0,
                "source": {
                    "id": "50",
                    "title": "CNN Money",
                    "uri": "money.cnn.com"
                },
                "time": "18:18:00",
                "title": "A faster way to make an airplane",
                "uri": "552719054",
                "url": "http://money.cnn.com/video/technology/2016/09/20/boeing-airplane-design.cnnmoney/index.html",
                "wgt": 1
            },
            {
                "body": "America is receding from the global economic stage, opening the way for China to take a lead role and a supporting one for Russia.\n\nDonald Trump's decision to withdraw from the Trans-Pacific Partnership (TPP), a controversial trade deal, wasn't taken well by world leaders.\n\n\"The TPP without the ...",
                "date": "2016-11-23",
                "id": "12600427",
                "isDuplicate": false,
                "lang": "eng",
                "sim": 0,
                "source": {
                    "id": "50",
                    "title": "CNN Money",
                    "uri": "money.cnn.com"
                },
                "time": "18:18:00",
                "title": "TPP's death hurts America and helps China + Russia",
                "uri": "552672224",
                "url": "http://money.cnn.com/2016/11/23/news/economy/tpp-trump-america-china-russia/index.html",
                "wgt": 1
            },
            {
                "body": "The U.S. stock market isn't the only one that's on a breathtaking run-up.\n\nA wide range of global markets have surged by 20% or more from recent 2016 lows, meaning they are officially in bull territory.\n\nIn some parts of the world, key market indexes have even powered ahead by more than 30%.\n\nHere ...",
                "date": "2016-11-23",
                "id": "12600696",
                "isDuplicate": true,
                "lang": "eng",
                "sim": 0,
                "source": {
                    "id": "50",
                    "title": "CNN Money",
                    "uri": "money.cnn.com"
                },
                "time": "18:18:00",
                "title": "The 10+ global stock markets in bull territory",
                "uri": "552719037",
                "url": "http://money.cnn.com/2016/11/23/investing/stocks-bull-market-rally/index.html",
                "wgt": 1
            },
            {
                "body": "The declines stand in sharp contrast to the rest of the market, which has enjoyed a Trump rally, led by financial and healthcare stocks, construction companies and retailers.\n\nSo why are real estate investment trusts, or REITs as they are commonly known, struggling?\n\nREITs pay big dividends. And ...",
                "date": "2016-11-23",
                "id": "12600707",
                "isDuplicate": false,
                "lang": "eng",
                "sim": 0,
                "source": {
                    "id": "50",
                    "title": "CNN Money",
                    "uri": "money.cnn.com"
                },
                "time": "18:18:00",
                "title": "Will Landlord-in-Chief Trump be good for real estate?",
                "uri": "552705308",
                "url": "http://money.cnn.com/2016/11/23/investing/real-estate-reits-donald-trump/index.html",
                "wgt": 1
            },
            {
                "body": "Ivanka Trump is trying to put a little space between her company and her father.\n\nIn a blog post Wednesday, her fashion and lifestyle brand promised to stay out of politics.\n\n\"Our company's mission is not political -- it never was and it never will be,\" the company said. It said Ivanka herself now ...",
                "date": "2016-11-23",
                "id": "12600560",
                "isDuplicate": false,
                "lang": "eng",
                "sim": 0,
                "source": {
                    "id": "50",
                    "title": "CNN Money",
                    "uri": "money.cnn.com"
                },
                "time": "18:18:00",
                "title": "Ivanka Trump's company: 'Our mission is not political'",
                "uri": "552717465",
                "url": "http://money.cnn.com/2016/11/23/news/companies/ivanka-trump-company-social-media/index.html",
                "wgt": 1
            },
            {
                "body": "Jeremy Clarkson is on top once again with his new Amazon show, \"The Grand Tour.\"\n\nClarkson, the former co-host of the globally popular and long running BBC show, \"Top Gear,\" told CNN's \"Quest Means Business\" that the new series is \"'Top Gear' in witness protection.\"\n\n\"That's what a friend of mine ...",
                "date": "2016-11-23",
                "id": "12596146",
                "isDuplicate": false,
                "lang": "eng",
                "sim": 0,
                "source": {
                    "id": "50",
                    "title": "CNN Money",
                    "uri": "money.cnn.com"
                },
                "time": "17:59:00",
                "title": "Jeremy Clarkson: Amazon show is ''Top Gear' in witness protection' ",
                "uri": "552703234",
                "url": "http://money.cnn.com/2016/11/23/media/jeremy-clarkson-top-gear-amazon-the-grand-tour/index.html",
                "wgt": 1
            },
            {
                "body": "Ivanka Trump is trying to put a little space between her company and her father.\n\nIn a blog post Wednesday, her fashion and lifestyle brand promised to stay out of politics.\n\n\"Our company's mission is not political -- it never was and it never will be,\" the company said. It said Ivanka herself now ...",
                "date": "2016-11-23",
                "id": "12596139",
                "isDuplicate": false,
                "lang": "eng",
                "sim": 0,
                "source": {
                    "id": "50",
                    "title": "CNN Money",
                    "uri": "money.cnn.com"
                },
                "time": "17:59:00",
                "title": "Ivanka Trump's company: 'Our mission is not political'",
                "uri": "552703235",
                "url": "http://money.cnn.com/2016/11/23/news/companies/ivanka-trump-company-social-media/index.html",
                "wgt": 1
            },
            {
                "body": "Brothers Mike and Stan Zappa have made a killing this year on the unlikeliest of investments -- Hatchimals.\n\nHatchimals are pegged to be this year's most-wanted toy. They are little furry interactive creatures living inside a large hard-shelled egg. Their coolest feature is they self-hatch, breaking ...",
                "date": "2016-11-23",
                "id": "12596086",
                "isDuplicate": false,
                "lang": "eng",
                "sim": 0,
                "source": {
                    "id": "50",
                    "title": "CNN Money",
                    "uri": "money.cnn.com"
                },
                "time": "17:59:00",
                "title": "Hatchimals stockpile is surprise windfall for Arizona brothers",
                "uri": "552703232",
                "url": "http://money.cnn.com/2016/11/23/smallbusiness/hatchimals-ebay/index.html",
                "wgt": 1
            },
            {
                "body": "Downloading an app to help you shop this holiday season might sound like a waste of time.\n\nBut there are a handful that can really help you save cash and reduce the amount of time spent scouring the internet and circulars for deals.\n\nAfter all, your greatest defense on the shopping battlefield is ...",
                "date": "2016-11-23",
                "id": "12595501",
                "isDuplicate": false,
                "lang": "eng",
                "sim": 0,
                "source": {
                    "id": "50",
                    "title": "CNN Money",
                    "uri": "money.cnn.com"
                },
                "time": "17:57:00",
                "title": "4 shopping apps for finding the best deals",
                "uri": "552613039",
                "url": "http://money.cnn.com/2016/11/22/technology/shopping-apps-deals-black-friday/index.html",
                "wgt": 1
            },
            {
                "body": "Ivanka Trump is trying to put a little space between her company and her father.\n\nIn a blog post Wednesday, her fashion and lifestyle brand promised to stay out of politics.\n\n\"Our company's mission is not political -- it never was and it never will be,\" the company said. It said Ivanka herself now ...",
                "date": "2016-11-23",
                "id": "12629140",
                "isDuplicate": false,
                "lang": "eng",
                "sim": 0,
                "source": {
                    "id": "50",
                    "title": "CNN Money",
                    "uri": "money.cnn.com"
                },
                "time": "17:46:00",
                "title": "Ivanka Trump's company: 'Our mission is not political'",
                "uri": "552757068",
                "url": "http://money.cnn.com/2016/11/23/news/companies/ivanka-trump-company-social-media/index.html",
                "wgt": 1
            },
            {
                "body": "The declines stand in sharp contrast to the rest of the market, which has enjoyed a Trump rally, led by financial and healthcare stocks, construction companies and retailers.\n\nSo why are real estate investment trusts, or REITs as they are commonly known, struggling?\n\nREITs pay big dividends. And ...",
                "date": "2016-11-23",
                "id": "12593101",
                "isDuplicate": false,
                "lang": "eng",
                "sim": 0,
                "source": {
                    "id": "50",
                    "title": "CNN Money",
                    "uri": "money.cnn.com"
                },
                "time": "17:46:00",
                "title": "Will Landlord-in-Chief Trump be good for real estate?",
                "uri": "552698831",
                "url": "http://money.cnn.com/2016/11/23/investing/real-estate-reits-donald-trump/index.html",
                "wgt": 1
            },
            {
                "body": "Antimon is a BMW 3-series car that transforms into a robot in 30 seconds. It's the work of 12 engineers and 4 technicians from Turkey, who spent 11 months putting their creation together.\n\n\"We want to show our power all over the world,\" said Turgat Alpagot, sales and marketing director for Letrons, ...",
                "date": "2016-11-23",
                "id": "12589469",
                "isDuplicate": false,
                "lang": "eng",
                "sim": 0,
                "source": {
                    "id": "50",
                    "title": "CNN Money",
                    "uri": "money.cnn.com"
                },
                "time": "17:31:00",
                "title": "You could own a real life transformer for $600,000",
                "uri": "552685565",
                "url": "http://money.cnn.com/2016/11/23/technology/real-life-transformer-auction-abu-dhabi/index.html",
                "wgt": 1
            },
            {
                "body": "Lufthansa has canceled 1,800 flights because of a strike by the German airline's pilots over pay.\n\nThe airline said that roughly 215,000 passengers would be affected by the cancellations on Wednesday and Thursday, which include more than 130 intercontinental flights.\n\nLufthansa encouraged customers ...",
                "date": "2016-11-23",
                "id": "12586935",
                "isDuplicate": false,
                "lang": "eng",
                "sim": 0,
                "source": {
                    "id": "50",
                    "title": "CNN Money",
                    "uri": "money.cnn.com"
                },
                "time": "17:20:00",
                "title": "Lufthansa cancels 1,800 flights due to pilots' strike",
                "uri": "552058485",
                "url": "http://money.cnn.com/2016/11/22/news/lufthansa-flights-canceled-pilot-strike/index.html",
                "wgt": 1
            },
            {
                "body": "The U.S. stock market isn't the only one that's on a breathtaking run-up.\n\nA wide range of global markets have surged by 20% or more from recent 2016 lows, meaning they are officially in bull territory.\n\nIn some parts of the world, key market indexes have even powered ahead by more than 30%.\n\nHere ...",
                "date": "2016-11-23",
                "id": "12581986",
                "isDuplicate": false,
                "lang": "eng",
                "sim": 0,
                "source": {
                    "id": "50",
                    "title": "CNN Money",
                    "uri": "money.cnn.com"
                },
                "time": "17:01:00",
                "title": "The 10+ global stock markets in bull territory",
                "uri": "552670587",
                "url": "http://money.cnn.com/2016/11/23/investing/stocks-bull-market-rally/index.html",
                "wgt": 1
            },
            {
                "body": "America is receding from the global economic stage, opening the way for China to take a lead role and a supporting one for Russia.\n\nDonald Trump's decision to withdraw from the Trans-Pacific Partnership (TPP), a controversial trade deal, wasn't taken well by world leaders.\n\n\"The TPP without the ...",
                "date": "2016-11-23",
                "id": "12580001",
                "isDuplicate": true,
                "lang": "eng",
                "sim": 0,
                "source": {
                    "id": "50",
                    "title": "CNN Money",
                    "uri": "money.cnn.com"
                },
                "time": "16:53:00",
                "title": "TPP's death hurts America and helps China + Russia",
                "uri": "552665896",
                "url": "http://money.cnn.com/2016/11/23/news/economy/tpp-trump-america-china-russia/index.html",
                "wgt": 1
            },
            {
                "body": "The U.S. stock market isn't the only one that's on a breathtaking run-up.\n\nA wide range of global markets have surged by 20% or more from recent 2016 lows, meaning they are officially in bull territory.\n\nIn some parts of the world, key market indexes have even powered ahead by more than 30%.\n\nHere ...",
                "date": "2016-11-23",
                "id": "12579967",
                "isDuplicate": false,
                "lang": "eng",
                "sim": 0,
                "source": {
                    "id": "50",
                    "title": "CNN Money",
                    "uri": "money.cnn.com"
                },
                "time": "16:53:00",
                "title": "The 10+ global stock markets in bull territory",
                "uri": "552664745",
                "url": "http://money.cnn.com/2016/11/23/investing/stocks-bull-market-rally/index.html",
                "wgt": 1
            },
            {
                "body": "America is receding from the global economic stage, opening the way for China to take a lead role and a supporting one for Russia.\n\nDonald Trump's decision to withdraw from the Trans-Pacific Partnership (TPP), a controversial trade deal, wasn't taken well by world leaders.\n\n\"The TPP without the ...",
                "date": "2016-11-23",
                "id": "12578824",
                "isDuplicate": false,
                "lang": "eng",
                "sim": 0,
                "source": {
                    "id": "50",
                    "title": "CNN Money",
                    "uri": "money.cnn.com"
                },
                "time": "16:48:00",
                "title": "TPP's death hurts America and helps China + Russia",
                "uri": "552660585",
                "url": "http://money.cnn.com/2016/11/23/news/economy/tpp-trump-america-china-russia/index.html",
                "wgt": 1
            },
            {
                "body": "On Tuesday, federal prosecutors described how Cuban baseball stars like Chicago White Sox first baseman Jos\u00e9 Abreu and Miami Marlins shortstop Adeiny Hechavarria endured kidnapping and extortion on their way to stardom in the United States.\n\nIt's the latest evidence that the MLB's influx of ...",
                "date": "2016-11-23",
                "id": "12577503",
                "isDuplicate": false,
                "lang": "eng",
                "sim": 0.9333333373069763,
                "source": {
                    "id": "50",
                    "title": "CNN Money",
                    "uri": "money.cnn.com"
                },
                "time": "16:44:00",
                "title": "Cuban baseball stars smuggled, kidnapped and threatened",
                "uri": "552661475",
                "url": "http://money.cnn.com/2016/11/22/news/mlb-cuban-smuggling/index.html",
                "wgt": 1
            },
            {
                "body": "Steven Mnuchin is one of Donald Trump's top picks to be Treasury secretary, but if he's chosen he'll face some tough questions about how he ran his own bank.\n\nSources tell CNN that Mnuchin is one of two leading candidates for Treasury secretary, among the most important and powerful members of the ...",
                "date": "2016-11-23",
                "id": "12572011",
                "isDuplicate": true,
                "lang": "eng",
                "sim": 0,
                "source": {
                    "id": "50",
                    "title": "CNN Money",
                    "uri": "money.cnn.com"
                },
                "time": "16:21:00",
                "title": "As Treasury pick, Steven Mnuchin may get questions about how he ran his own bank",
                "uri": "552647821",
                "url": "http://money.cnn.com/2016/11/23/news/companies/mnuchin-indymac/index.html",
                "wgt": 1
            },
            {
                "body": "Well, it's that time again. You and your closest 27 million friends and family members are flying for Thanksgiving.\n\nThe crush, which started on Friday, runs through Sunday. Here's your guide to not only survive, but thrive, as you conquer the airport.\n\n1. Leave enough time\n\nOnline check-in begins ...",
                "date": "2016-11-23",
                "id": "12571995",
                "isDuplicate": false,
                "lang": "eng",
                "sim": 0,
                "source": {
                    "id": "50",
                    "title": "CNN Money",
                    "uri": "money.cnn.com"
                },
                "time": "16:21:00",
                "title": "How to fly for Thanksgiving without freaking out",
                "uri": "552620852",
                "url": "http://money.cnn.com/2016/11/23/news/companies/thanksgiving-air-travel/index.html",
                "wgt": 1
            },
            {
                "body": "There's no shortage of tech deals to choose from this holiday season. The hard part is figuring out what to buy.\n\nJust looking at the specs -- 4K UHD TVs, 1080p displays, quad-core processors -- is enough to give you a holiday hangover.\n\nConsidering the sheer number of items on sale starting this ...",
                "date": "2016-11-23",
                "id": "12571593",
                "isDuplicate": false,
                "lang": "eng",
                "sim": 0,
                "source": {
                    "id": "50",
                    "title": "CNN Money",
                    "uri": "money.cnn.com"
                },
                "time": "16:19:00",
                "title": "Black Friday's dirty secrets: How to shop through the clutter",
                "uri": "552632318",
                "url": "http://money.cnn.com/2016/11/23/technology/best-black-friday-deals-tips/index.html",
                "wgt": 1
            },
            {
                "body": "Gray is the global head of real estate at the Blackstone Group (BX) private equity firm and widely considered heir apparent to Blackstone CEO Stephen Schwarzman.\n\n\"I had a terrific meeting and robust policy discussion with the president-elect,\" Gray told CNNMoney on Wednesday. \"It was an honor to be ...",
                "date": "2016-11-23",
                "id": "12571551",
                "isDuplicate": true,
                "lang": "eng",
                "sim": 0,
                "source": {
                    "id": "50",
                    "title": "CNN Money",
                    "uri": "money.cnn.com"
                },
                "time": "16:19:00",
                "title": "Blackstone's Jonathan Gray out of running to be Donald Trump's Treasury secretary",
                "uri": "552646889",
                "url": "http://money.cnn.com/2016/11/23/news/jonathan-gray-steven-mnuchin-treasury-secretary/index.html",
                "wgt": 1
            },
            {
                "body": "Gray is the global head of real estate at the Blackstone Group (BX) private equity firm and widely considered heir apparent to Blackstone CEO Stephen Schwarzman.\n\n\"I had a terrific meeting and robust policy discussion with the president-elect,\" Gray told CNNMoney on Wednesday. \"It was an honor to be ...",
                "date": "2016-11-23",
                "id": "12567970",
                "isDuplicate": false,
                "lang": "eng",
                "sim": 0,
                "source": {
                    "id": "50",
                    "title": "CNN Money",
                    "uri": "money.cnn.com"
                },
                "time": "16:05:00",
                "title": "Blackstone's Jonathan Gray out of running to be Donald Trump's Treasury secretary",
                "uri": "552620845",
                "url": "http://money.cnn.com/2016/11/23/news/jonathan-gray-steven-mnuchin-treasury-secretary/index.html",
                "wgt": 1
            },
            {
                "body": "Shares of John Deere (DE) surged nearly 10% Wednesday to an all-time high after the construction and farm equipment giant reported earnings and sales that topped Wall Street's forecasts.\n\nThe company also issued sales guidance for its next quarter and full fiscal year that was better than ...",
                "date": "2016-11-23",
                "id": "12566783",
                "isDuplicate": false,
                "lang": "eng",
                "sim": 0,
                "source": {
                    "id": "50",
                    "title": "CNN Money",
                    "uri": "money.cnn.com"
                },
                "time": "16:01:00",
                "title": "Deere plows higher on Trump construction boom hopes",
                "uri": "552635839",
                "url": "http://money.cnn.com/2016/11/23/investing/john-deere-earnings-donald-trump/index.html",
                "wgt": 1
            },
            {
                "body": "Despite its title, \"Rules Don't Apply\" is not a documentary about Donald Trump's presidential campaign.\n\nBut a leading candidate to be his Treasury secretary has a walk-on role.\n\nThe romantic comedy, which opens Wednesday, is centered on another eccentric and unpredictable billionaire, Howard ...",
                "date": "2016-11-23",
                "id": "12566303",
                "isDuplicate": false,
                "lang": "eng",
                "sim": 0,
                "source": {
                    "id": "50",
                    "title": "CNN Money",
                    "uri": "money.cnn.com"
                },
                "time": "15:59:00",
                "title": "'Rules Don't Apply': Mnuchin, possible pick for Treasury secretary, set to make his film debut",
                "uri": "552631985",
                "url": "http://money.cnn.com/2016/11/23/media/mnuchin-movie/index.html",
                "wgt": 1
            },
            {
                "body": "Shares of John Deere (DE) surged nearly 10% Wednesday to an all-time high after the construction and farm equipment giant reported earnings and sales that topped Wall Street's forecasts.\n\nThe company also issued sales guidance for its next quarter and full fiscal year that was better than ...",
                "date": "2016-11-23",
                "id": "12566304",
                "isDuplicate": false,
                "lang": "eng",
                "sim": 0,
                "source": {
                    "id": "50",
                    "title": "CNN Money",
                    "uri": "money.cnn.com"
                },
                "time": "15:59:00",
                "title": "Deere plows higher on Trump construction boom hopes",
                "uri": "552631951",
                "url": "http://money.cnn.com/2016/11/23/investing/john-deere-earnings-donald-trump/index.html",
                "wgt": 1
            },
            {
                "body": "Facebook's latest signal that it's willing to play ball with China? It has quietly built a censorship tool that would keep certain posts out of people's news feeds, according to The New York Times.\n\nCEO Mark Zuckerberg has made no secret of his desire to get the giant social network unblocked in the ...",
                "date": "2016-11-23",
                "id": "12565677",
                "isDuplicate": false,
                "lang": "eng",
                "sim": 0,
                "source": {
                    "id": "50",
                    "title": "CNN Money",
                    "uri": "money.cnn.com"
                },
                "time": "15:56:00",
                "title": "Facebook could pay heavy price if it censors news to please China",
                "uri": "552632785",
                "url": "http://money.cnn.com/2016/11/23/technology/facebook-china-censorship-tool/index.html",
                "wgt": 1
            },
            {
                "body": "For a while late Tuesday, attempts to reach Jack Dorsey's profile produced an error message saying it had been suspended. That prompted speculation his account might have been hacked or automatically shut down because of a high number of complaints from other users.\n\nAfter it came back online, ...",
                "date": "2016-11-23",
                "id": "12565695",
                "isDuplicate": false,
                "lang": "eng",
                "sim": 0,
                "source": {
                    "id": "50",
                    "title": "CNN Money",
                    "uri": "money.cnn.com"
                },
                "time": "15:56:00",
                "title": "Twitter accidentally suspends its own CEO's account",
                "uri": "552630201",
                "url": "http://money.cnn.com/2016/11/23/technology/twitter-jack-dorsey-ceo-founder-account-suspension/index.html",
                "wgt": 1
            },
            {
                "body": "Facebook's latest signal that it's willing to play ball with China? It has quietly built a censorship tool that would keep certain posts out of people's news feeds, according to The New York Times.\n\nCEO Mark Zuckerberg has made no secret of his desire to get the giant social network unblocked in the ...",
                "date": "2016-11-23",
                "id": "12565018",
                "isDuplicate": false,
                "lang": "eng",
                "sim": 0,
                "source": {
                    "id": "50",
                    "title": "CNN Money",
                    "uri": "money.cnn.com"
                },
                "time": "15:53:00",
                "title": "Facebook could pay heavy price if it censors news to please China",
                "uri": "552485408",
                "url": "http://money.cnn.com/2016/11/23/technology/facebook-china-censorship-tool/index.html",
                "wgt": 1
            },
            {
                "body": "Scotland's national dish -- a savory pudding made from sheep's heart, liver and lungs, mixed with oatmeal and spices and encased in sheep's intestines -- has been banned in the United States for almost half a century.\n\nBut the Scottish government has said the law on haggis may be scrapped as early ...",
                "date": "2016-11-23",
                "id": "12560891",
                "isDuplicate": false,
                "lang": "eng",
                "sim": 0,
                "source": {
                    "id": "50",
                    "title": "CNN Money",
                    "uri": "money.cnn.com"
                },
                "time": "15:35:00",
                "title": "Watch out USA -- Scottish haggis could be on its way",
                "uri": "552618934",
                "url": "http://money.cnn.com/2016/11/23/news/companies/haggis-ban-exports/index.html",
                "wgt": 1
            },
            {
                "body": "Big banks are partying like Jamie Dimon himself was just elected president.\n\nSince Donald Trump's surprise victory, bank stocks have helped carry the market to new heights. The rally has been underpinned by higher interest rates but it also represents a bet that Trump will reduce big banks' ...",
                "date": "2016-11-23",
                "id": "12560828",
                "isDuplicate": true,
                "lang": "eng",
                "sim": 0,
                "source": {
                    "id": "50",
                    "title": "CNN Money",
                    "uri": "money.cnn.com"
                },
                "time": "15:35:00",
                "title": "Dark clouds hover over big banks' Trump party",
                "uri": "552620844",
                "url": "http://money.cnn.com/2016/11/23/investing/donald-trump-big-banks-stocks/index.html",
                "wgt": 1
            },
            {
                "body": "There's no shortage of tech deals to choose from this holiday season. The hard part is figuring out what to buy.\n\nJust looking at the specs -- 4K UHD TVs, 1080p displays, quad-core processors -- is enough to give you a holiday hangover.\n\nConsidering the sheer number of items on sale starting this ...",
                "date": "2016-11-23",
                "id": "12560799",
                "isDuplicate": false,
                "lang": "eng",
                "sim": 0,
                "source": {
                    "id": "50",
                    "title": "CNN Money",
                    "uri": "money.cnn.com"
                },
                "time": "15:35:00",
                "title": "Black Friday's dirty secrets: How to shop through the clutter",
                "uri": "552585324",
                "url": "http://money.cnn.com/2016/11/23/technology/best-black-friday-deals-tips/index.html",
                "wgt": 1
            },
            {
                "body": "Gray is the global head of real estate at the Blackstone Group (BX) private equity firm and widely considered heir apparent to Blackstone CEO Stephen Schwarzman.\n\n\"I had a terrific meeting and robust policy discussion with the president-elect,\" Gray told CNNMoney on Wednesday. \"It was an honor to be ...",
                "date": "2016-11-23",
                "id": "12559882",
                "isDuplicate": false,
                "lang": "eng",
                "sim": 0.800000011920929,
                "source": {
                    "id": "50",
                    "title": "CNN Money",
                    "uri": "money.cnn.com"
                },
                "time": "15:32:00",
                "title": "Blackstone's Jonathan Gray out of running to be Donald Trump's Treasury secretary",
                "uri": "552616396",
                "url": "http://money.cnn.com/2016/11/23/news/jonathan-gray-steven-mnuchin-treasury-secretary/index.html",
                "wgt": 1
            },
            {
                "body": "Scotland's national dish -- a savory pudding made from sheep's heart, liver and lungs, mixed with oatmeal and spices and encased in sheep's intestines -- has been banned in the United States for almost half a century.\n\nBut the Scottish government has said the law on haggis may be scrapped as early ...",
                "date": "2016-11-23",
                "id": "12557210",
                "isDuplicate": false,
                "lang": "eng",
                "sim": 0,
                "source": {
                    "id": "50",
                    "title": "CNN Money",
                    "uri": "money.cnn.com"
                },
                "time": "15:21:00",
                "title": "Watch out USA -- Scottish haggis could be on its way",
                "uri": "552608294",
                "url": "http://money.cnn.com/2016/11/23/news/companies/haggis-ban-exports/index.html",
                "wgt": 1
            },
            {
                "body": "The focus has been on the white working class, with the narrative of a forgotten America where rural whites once held steady factory jobs with decent wages. The economic anxiety facing black and brown workers, while arguably more profound, has been largely left out of the conversation.\n\nIn fact, in ...",
                "date": "2016-11-23",
                "id": "12548815",
                "isDuplicate": true,
                "lang": "eng",
                "sim": 0,
                "source": {
                    "id": "50",
                    "title": "CNN Money",
                    "uri": "money.cnn.com"
                },
                "time": "14:48:00",
                "title": "What about the black working class?",
                "uri": "552592752",
                "url": "http://money.cnn.com/2016/11/23/news/economy/black-working-class-trump/index.html",
                "wgt": 1
            },
            {
                "body": "The focus has been on the white working class, with the narrative of a forgotten America where rural whites once held steady factory jobs with decent wages. The economic anxiety facing black and brown workers, while arguably more profound, has been largely left out of the conversation.\n\nIn fact, in ...",
                "date": "2016-11-23",
                "id": "12547013",
                "isDuplicate": false,
                "lang": "eng",
                "sim": 0,
                "source": {
                    "id": "50",
                    "title": "CNN Money",
                    "uri": "money.cnn.com"
                },
                "time": "14:41:00",
                "title": "What about the black working class?",
                "uri": "552583461",
                "url": "http://money.cnn.com/2016/11/23/news/economy/black-working-class-trump/index.html",
                "wgt": 1
            },
            {
                "body": "There's no shortage of tech deals to choose from this holiday season. The hard part is figuring out what to buy.\n\nJust looking at the specs -- 4K UHD TVs, 1080p displays, quad-core processors -- is enough to give you a holiday hangover.\n\nConsidering the sheer number of items on sale starting this ...",
                "date": "2016-11-23",
                "id": "12541659",
                "isDuplicate": false,
                "lang": "eng",
                "sim": 0,
                "source": {
                    "id": "50",
                    "title": "CNN Money",
                    "uri": "money.cnn.com"
                },
                "time": "14:18:00",
                "title": "Black Friday's dirty secrets: How to shop through the clutter",
                "uri": "552567926",
                "url": "http://money.cnn.com/2016/11/23/technology/best-black-friday-deals-tips/index.html",
                "wgt": 1
            },
            {
                "body": "For Tracie Fobes, shopping Black Friday is a mother-daughter tradition that starts way before the sun comes up and goes back more than a decade.\n\n\"We get up and ready to go, and don't get home until we feel like it,\" said Fobes, who lives in a suburb of Kansas City with her husband and three ...",
                "date": "2016-11-23",
                "id": "12541582",
                "isDuplicate": false,
                "lang": "eng",
                "sim": 0,
                "source": {
                    "id": "50",
                    "title": "CNN Money",
                    "uri": "money.cnn.com"
                },
                "time": "14:18:00",
                "title": "Why I shop on Black Friday (Hint: It's not for the deals)",
                "uri": "552574647",
                "url": "http://money.cnn.com/2016/11/23/pf/black-friday-family-traditions/index.html",
                "wgt": 1
            },
            {
                "body": "Big banks are partying like Jamie Dimon himself was just elected president.\n\nSince Donald Trump's surprise victory, bank stocks have helped carry the market to new heights. The rally has been underpinned by higher interest rates but it also represents a bet that Trump will reduce big banks' ...",
                "date": "2016-11-23",
                "id": "12534829",
                "isDuplicate": false,
                "lang": "eng",
                "sim": 0,
                "source": {
                    "id": "50",
                    "title": "CNN Money",
                    "uri": "money.cnn.com"
                },
                "time": "13:50:00",
                "title": "Dark clouds hover over big banks' Trump party",
                "uri": "552557870",
                "url": "http://money.cnn.com/2016/11/23/investing/donald-trump-big-banks-stocks/index.html",
                "wgt": 1
            },
            {
                "body": "The challenges facing the post-Brexit U.K. economy are becoming clearer.\n\nNew official forecasts show that economic growth will slow to just 1.4% next year, down from 2.2% predicted in March, due to falling investment and weaker consumer demand.\n\nThat would be the weakest growth since 2009, ...",
                "date": "2016-11-23",
                "id": "12533484",
                "isDuplicate": false,
                "lang": "eng",
                "sim": 0,
                "source": {
                    "id": "50",
                    "title": "CNN Money",
                    "uri": "money.cnn.com"
                },
                "time": "13:45:00",
                "title": "Autumn Statement: U.K. economy to grow at slowest pace since 2009 financial crisis",
                "uri": "552543447",
                "url": "http://money.cnn.com/2016/11/23/news/economy/uk-autumn-statement-budget-brexit/index.html",
                "wgt": 1
            },
            {
                "body": "Big banks are partying like Jamie Dimon himself was just elected president.\n\nSince Donald Trump's surprise victory, bank stocks have helped carry the market to new heights. The rally has been underpinned by higher interest rates but it also represents a bet that Trump will reduce big banks' ...",
                "date": "2016-11-23",
                "id": "12533192",
                "isDuplicate": false,
                "lang": "eng",
                "sim": 0.6666666865348816,
                "source": {
                    "id": "50",
                    "title": "CNN Money",
                    "uri": "money.cnn.com"
                },
                "time": "13:44:00",
                "title": "Dark clouds hover over big banks' Trump party",
                "uri": "552554969",
                "url": "http://money.cnn.com/2016/11/23/investing/donald-trump-big-banks-stocks/index.html",
                "wgt": 1
            },
            {
                "body": "Well, it's that time again. You and your closest 27 million friends and family members are flying for Thanksgiving.\n\nThe crush, which started on Friday, runs through Sunday. Here's your guide to not only survive, but thrive, as you conquer the airport.\n\n1. Leave enough time\n\nOnline check-in begins ...",
                "date": "2016-11-23",
                "id": "12527287",
                "isDuplicate": false,
                "lang": "eng",
                "sim": 0,
                "source": {
                    "id": "50",
                    "title": "CNN Money",
                    "uri": "money.cnn.com"
                },
                "time": "13:19:00",
                "title": "How to fly for Thanksgiving without freaking out",
                "uri": "552539840",
                "url": "http://money.cnn.com/2016/11/23/news/companies/thanksgiving-air-travel/index.html",
                "wgt": 1
            },
            {
                "body": "The challenges facing the post-Brexit U.K. economy are becoming clearer.\n\nNew official forecasts show that economic growth will slow to just 1.4% next year, down from 2.2% predicted in March, due to falling investment and weaker consumer demand.\n\nThat would be the weakest growth since 2009, ...",
                "date": "2016-11-23",
                "id": "12527192",
                "isDuplicate": false,
                "lang": "eng",
                "sim": 0,
                "source": {
                    "id": "50",
                    "title": "CNN Money",
                    "uri": "money.cnn.com"
                },
                "time": "13:19:00",
                "title": "Autumn Statement: U.K. economy to grow at slowest pace since 2009 financial crisis",
                "uri": "552539836",
                "url": "http://money.cnn.com/2016/11/23/news/economy/uk-autumn-statement-budget-brexit/index.html",
                "wgt": 1
            },
            {
                "body": "The challenges facing the post-Brexit U.K. economy are becoming clearer.\n\nNew official forecasts show that economic growth will slow to just 1.4% next year, down from 2.2% predicted in March, due to falling investment and weaker consumer demand.\n\nThat would be the weakest growth since 2009, ...",
                "date": "2016-11-23",
                "id": "12526287",
                "isDuplicate": false,
                "lang": "eng",
                "sim": 0.5568627715110779,
                "source": {
                    "id": "50",
                    "title": "CNN Money",
                    "uri": "money.cnn.com"
                },
                "time": "13:16:00",
                "title": "Autumn Statement: U.K. economy to grow at slowest pace since 2009 financial crisis",
                "uri": "552535609",
                "url": "http://money.cnn.com/2016/11/23/news/economy/uk-autumn-statement-budget-brexit/index.html",
                "wgt": 1
            },
            {
                "body": "The Trump rally has been sparked by hopes that the president-elect will follow through on promises to slash taxes, roll back regulation and ramp up infrastructure spending. Many are betting a focus on these strategies will finally unleash the American economy after years of sluggish growth.\n\nBut ...",
                "date": "2016-11-23",
                "id": "12519109",
                "isDuplicate": false,
                "lang": "eng",
                "sim": 0,
                "source": {
                    "id": "50",
                    "title": "CNN Money",
                    "uri": "money.cnn.com"
                },
                "time": "12:43:00",
                "title": "Trump market euphoria forgets scary campaign promises",
                "uri": "552089600",
                "url": "http://money.cnn.com/2016/11/22/investing/trump-stock-market-rally-ignores-promises/index.html",
                "wgt": 1
            },
            {
                "body": "Steven Mnuchin is one of Donald Trump's top picks to be Treasury secretary, but if he's chosen he'll face some tough questions about how he ran his own bank.\n\nSources tell CNN that Mnuchin is one of two leading candidates for Treasury secretary, among the most important and powerful members of the ...",
                "date": "2016-11-23",
                "id": "12514206",
                "isDuplicate": false,
                "lang": "eng",
                "sim": 0,
                "source": {
                    "id": "50",
                    "title": "CNN Money",
                    "uri": "money.cnn.com"
                },
                "time": "12:21:00",
                "title": "As Treasury pick, Steven Mnuchin may get questions about how he ran his own bank",
                "uri": "552507137",
                "url": "http://money.cnn.com/2016/11/23/news/companies/mnuchin-indymac/index.html",
                "wgt": 1
            },
            {
                "body": "Steven Mnuchin is one of Donald Trump's top picks to be Treasury secretary, but if he's chosen he'll face some tough questions about how he ran his own bank.\n\nSources tell CNN that Mnuchin is one of two leading candidates for Treasury secretary, among the most important and powerful members of the ...",
                "date": "2016-11-23",
                "id": "12509675",
                "isDuplicate": false,
                "lang": "eng",
                "sim": 0,
                "source": {
                    "id": "50",
                    "title": "CNN Money",
                    "uri": "money.cnn.com"
                },
                "time": "12:01:00",
                "title": "As Treasury pick, Steven Mnuchin may get questions about how he ran his own bank",
                "uri": "552494944",
                "url": "http://money.cnn.com/2016/11/23/news/companies/mnuchin-indymac/index.html",
                "wgt": 1
            },
            {
                "body": "In Europe, most of the main stock markets posted minor gains in early trading.\n\nAsian markets ended the day with mixed results. Japanese markets were closed for a holiday.\n\nBefore the Bell newsletter: Key market news. In your inbox. Subscribe now!\n\n2. Fed in focus: Federal Reserve chair Janet Yellen ...",
                "date": "2016-11-23",
                "id": "12504170",
                "isDuplicate": false,
                "lang": "eng",
                "sim": 0,
                "source": {
                    "id": "50",
                    "title": "CNN Money",
                    "uri": "money.cnn.com"
                },
                "time": "11:36:00",
                "title": "Premarket: 5 things to know before the bell",
                "uri": "552444979",
                "url": "http://money.cnn.com/2016/11/23/investing/premarket-stocks-trading/index.html",
                "wgt": 1
            },
            {
                "body": "Facebook's latest signal that it's willing to play ball with China? It has quietly built a censorship tool that would keep certain posts out of people's news feeds, according to The New York Times.\n\nCEO Mark Zuckerberg has made no secret of his desire to get the giant social network unblocked in the ...",
                "date": "2016-11-23",
                "id": "12494748",
                "isDuplicate": false,
                "lang": "eng",
                "sim": 0,
                "source": {
                    "id": "50",
                    "title": "CNN Money",
                    "uri": "money.cnn.com"
                },
                "time": "10:54:00",
                "title": "A censorship tool might help Facebook enter China, but at what cost?",
                "uri": "552442127",
                "url": "http://money.cnn.com/2016/11/23/technology/facebook-china-censorship-tool/index.html",
                "wgt": 1
            },
            {
                "body": "In Europe, most of the main stock markets posted minor gains in early trading.\n\nAsian markets ended the day with mixed results. Japanese markets were closed for a holiday.\n\nBefore the Bell newsletter: Key market news. In your inbox. Subscribe now!\n\n2. Fed in focus: Federal Reserve chair Janet Yellen ...",
                "date": "2016-11-23",
                "id": "12486687",
                "isDuplicate": false,
                "lang": "eng",
                "sim": 0,
                "source": {
                    "id": "50",
                    "title": "CNN Money",
                    "uri": "money.cnn.com"
                },
                "time": "10:14:00",
                "title": "Premarket: 5 things to know before the bell",
                "uri": "552442053",
                "url": "http://money.cnn.com/2016/11/23/investing/premarket-stocks-trading/index.html",
                "wgt": 1
            },
            {
                "body": "Facebook's latest signal that it's willing to play ball with China? It has quietly built a censorship tool that would keep certain posts out of people's news feeds, according to The New York Times.\n\nCEO Mark Zuckerberg has made no secret of his desire to get the giant social network unblocked in the ...",
                "date": "2016-11-23",
                "id": "12483486",
                "isDuplicate": false,
                "lang": "eng",
                "sim": 0,
                "source": {
                    "id": "50",
                    "title": "CNN Money",
                    "uri": "money.cnn.com"
                },
                "time": "09:59:00",
                "title": "A censorship tool might help Facebook enter China, but at what cost?",
                "uri": "552432353",
                "url": "http://money.cnn.com/2016/11/23/technology/facebook-china-censorship-tool/index.html",
                "wgt": 1
            },
            {
                "body": "For a while late Tuesday, attempts to reach Jack Dorsey's profile produced an error message saying it had been suspended. That prompted speculation his account might have been hacked or automatically shut down because of a high number of complaints from other users.\n\nAfter it came back online, ...",
                "date": "2016-11-23",
                "id": "12479120",
                "isDuplicate": false,
                "lang": "eng",
                "sim": 0,
                "source": {
                    "id": "50",
                    "title": "CNN Money",
                    "uri": "money.cnn.com"
                },
                "time": "09:36:00",
                "title": "Twitter accidentally suspends its own CEO's account",
                "uri": "552398730",
                "url": "http://money.cnn.com/2016/11/23/technology/twitter-jack-dorsey-ceo-founder-account-suspension/index.html",
                "wgt": 1
            },
            {
                "body": "It's been five months since Britain took a leap into the unknown and voted to leave the European Union.\n\nHow's it going? The pound has plummeted, prices are rising and there's evidence that investment is drying up. At the same time, unemployment has fallen, retail sales are strong and the housing ...",
                "date": "2016-11-23",
                "id": "12479137",
                "isDuplicate": false,
                "lang": "eng",
                "sim": 0,
                "source": {
                    "id": "50",
                    "title": "CNN Money",
                    "uri": "money.cnn.com"
                },
                "time": "09:36:00",
                "title": "Brexit scorecard: The cost and complexity of leaving the EU",
                "uri": "552419566",
                "url": "http://money.cnn.com/2016/11/23/news/economy/brexit-uk-autumn-statement/index.html",
                "wgt": 1
            },
            {
                "body": "Facebook's latest signal that it's willing to play ball with China? It has quietly built a censorship tool that would keep certain posts out of people's news feeds, according to The New York Times.\n\nCEO Mark Zuckerberg has made no secret of his desire to get the giant social network unblocked in the ...",
                "date": "2016-11-23",
                "id": "12478577",
                "isDuplicate": false,
                "lang": "eng",
                "sim": 0,
                "source": {
                    "id": "50",
                    "title": "CNN Money",
                    "uri": "money.cnn.com"
                },
                "time": "09:34:00",
                "title": "A censorship tool might help Facebook enter China, but at what cost?",
                "uri": "552422803",
                "url": "http://money.cnn.com/2016/11/23/technology/facebook-china-censorship-tool/index.html",
                "wgt": 1
            },
            {
                "body": "It's been five months since Britain took a leap into the unknown and voted to leave the European Union.\n\nHow's it going? The pound has plummeted, prices are rising and there's evidence that investment is drying up. At the same time, unemployment has fallen, retail sales are strong and the housing ...",
                "date": "2016-11-23",
                "id": "12475508",
                "isDuplicate": false,
                "lang": "eng",
                "sim": 0,
                "source": {
                    "id": "50",
                    "title": "CNN Money",
                    "uri": "money.cnn.com"
                },
                "time": "09:17:00",
                "title": "Brexit scorecard: The cost and complexity of leaving the EU",
                "uri": "552403876",
                "url": "http://money.cnn.com/2016/11/23/news/economy/brexit-uk-autumn-statement/index.html",
                "wgt": 1
            },
            {
                "body": "It's been five months since Britain took a leap into the unknown and voted to leave the European Union.\n\nHow's it going? The pound has plummeted, prices are rising and there's evidence that investment is drying up. At the same time, unemployment has fallen, retail sales are strong and the housing ...",
                "date": "2016-11-23",
                "id": "12470472",
                "isDuplicate": false,
                "lang": "eng",
                "sim": 0.5411764979362488,
                "source": {
                    "id": "50",
                    "title": "CNN Money",
                    "uri": "money.cnn.com"
                },
                "time": "08:51:00",
                "title": "Brexit scorecard: The cost and complexity of leaving the EU",
                "uri": "552400606",
                "url": "http://money.cnn.com/2016/11/23/news/economy/brexit-uk-autumn-statement/index.html",
                "wgt": 1
            },
            {
                "body": "For a while late Tuesday, attempts to reach Jack Dorsey's profile produced an error message saying it had been suspended. That prompted speculation his account might have been hacked or automatically shut down because of a high number of complaints from other users.\n\nAfter it came back online, ...",
                "date": "2016-11-23",
                "id": "12454770",
                "isDuplicate": false,
                "lang": "eng",
                "sim": 0,
                "source": {
                    "id": "50",
                    "title": "CNN Money",
                    "uri": "money.cnn.com"
                },
                "time": "07:23:00",
                "title": "Twitter accidentally suspends its own CEO's account",
                "uri": "552347470",
                "url": "http://money.cnn.com/2016/11/23/technology/twitter-jack-dorsey-ceo-founder-account-suspension/index.html",
                "wgt": 1
            },
            {
                "body": "For a while late Tuesday, attempts to reach Jack Dorsey's profile produced an error message saying it had been suspended. That prompted speculation his account might have been hacked or automatically shut down because of a high number of complaints from other users.\n\nAfter it came back online, ...",
                "date": "2016-11-23",
                "id": "12443008",
                "isDuplicate": false,
                "lang": "eng",
                "sim": 0,
                "source": {
                    "id": "50",
                    "title": "CNN Money",
                    "uri": "money.cnn.com"
                },
                "time": "06:05:00",
                "title": "Twitter accidentally suspends its own CEO's account",
                "uri": "552323141",
                "url": "http://money.cnn.com/2016/11/23/technology/twitter-jack-dorsey-ceo-founder-account-suspension/index.html",
                "wgt": 1
            },
            {
                "body": "For a while late Tuesday, attempts to reach Jack Dorsey's profile produced an error message saying it had been suspended. That prompted speculation his account might have been hacked or automatically shut down because of a high number of complaints from other users.\n\nAfter it came back online, ...",
                "date": "2016-11-23",
                "id": "12440121",
                "isDuplicate": false,
                "lang": "eng",
                "sim": 0.7215686440467834,
                "source": {
                    "id": "50",
                    "title": "CNN Money",
                    "uri": "money.cnn.com"
                },
                "time": "05:42:00",
                "title": "Twitter accidentally suspends its own CEO's account",
                "uri": "552321169",
                "url": "http://money.cnn.com/2016/11/23/technology/twitter-jack-dorsey-ceo-founder-account-suspension/index.html",
                "wgt": 1
            },
            {
                "body": "The government wants to hike the national minimum wage by 4% to \u00a37.50 ($9.30) per hour starting in April.\n\nChancellor Philip Hammond will announce the planned increase on Wednesday as part of the government's autumn statement, which outlines its spending and budget priorities for the coming ...",
                "date": "2016-11-23",
                "id": "12433705",
                "isDuplicate": false,
                "lang": "eng",
                "sim": 0,
                "source": {
                    "id": "50",
                    "title": "CNN Money",
                    "uri": "money.cnn.com"
                },
                "time": "04:55:00",
                "title": "U.K. jacks up minimum wage to $9.30",
                "uri": "552241426",
                "url": "http://money.cnn.com/2016/11/22/news/economy/uk-minimum-wage-hike/index.html",
                "wgt": 1
            },
            {
                "body": "\"This year the threats to press freedom are quite close to home. It's right here,\" New Yorker editor David Remnick said at the Committee to Protect Journalists dinner in New York City.\n\n\"We will hold the new administration's feet to the fire. And they should respect that, even if they don't welcome ...",
                "date": "2016-11-23",
                "id": "12425392",
                "isDuplicate": true,
                "lang": "eng",
                "sim": 0,
                "source": {
                    "id": "50",
                    "title": "CNN Money",
                    "uri": "money.cnn.com"
                },
                "time": "03:47:00",
                "title": "Top journalists warn of threat to US press from Trump ",
                "uri": "552276886",
                "url": "http://money.cnn.com/2016/11/22/media/committee-to-protect-journalists/index.html",
                "wgt": 1
            },
            {
                "body": "\"This year the threats to press freedom are quite close to home. It's right here,\" New Yorker editor David Remnick said at the Committee to Protect Journalists dinner in New York City.\n\n\"We will hold the new administration's feet to the fire. And they should respect that, even if they don't welcome ...",
                "date": "2016-11-23",
                "id": "12416054",
                "isDuplicate": true,
                "lang": "eng",
                "sim": 0,
                "source": {
                    "id": "50",
                    "title": "CNN Money",
                    "uri": "money.cnn.com"
                },
                "time": "02:10:00",
                "title": "Top journalists warn of threat to US press from Trump ",
                "uri": "552249412",
                "url": "http://money.cnn.com/2016/11/22/media/committee-to-protect-journalists/index.html",
                "wgt": 1
            },
            {
                "body": "\"This year the threats to press freedom are quite close to home. It's right here,\" New Yorker editor David Remnick said at the Committee to Protect Journalists dinner in New York City.\n\n\"We will hold the new administration's feet to the fire. And they should respect that, even if they don't welcome ...",
                "date": "2016-11-23",
                "id": "12413238",
                "isDuplicate": false,
                "lang": "eng",
                "sim": 0.9372549057006836,
                "source": {
                    "id": "50",
                    "title": "CNN Money",
                    "uri": "money.cnn.com"
                },
                "time": "01:46:00",
                "title": "Top journalists warn of threat to US press from Trump ",
                "uri": "552240684",
                "url": "http://money.cnn.com/2016/11/22/media/committee-to-protect-journalists/index.html",
                "wgt": 1
            },
            {
                "body": "The government wants to hike the national minimum wage by 4% to \u00a37.50 ($9.30) per hour starting in April.\n\nChancellor Philip Hammond will announce the planned increase on Wednesday as part of the government's autumn statement, which outlines its spending and budget priorities for the coming ...",
                "date": "2016-11-23",
                "id": "12413050",
                "isDuplicate": true,
                "lang": "eng",
                "sim": 0,
                "source": {
                    "id": "50",
                    "title": "CNN Money",
                    "uri": "money.cnn.com"
                },
                "time": "01:45:00",
                "title": "U.K. jacks up minimum wage to $9.30",
                "uri": "552239600",
                "url": "http://money.cnn.com/2016/11/22/news/economy/uk-minimum-wage-hike/index.html",
                "wgt": 1
            },
            {
                "body": "The government wants to hike the national minimum wage by 4% to \u00a37.50 ($9.30) per hour starting in April.\n\nChancellor Philip Hammond will announce the planned increase on Wednesday as part of the government's autumn statement, which outlines its spending and budget priorities for the coming ...",
                "date": "2016-11-23",
                "id": "12412274",
                "isDuplicate": false,
                "lang": "eng",
                "sim": 0,
                "source": {
                    "id": "50",
                    "title": "CNN Money",
                    "uri": "money.cnn.com"
                },
                "time": "01:36:00",
                "title": "U.K. jacks up minimum wage to $9.30",
                "uri": "552234951",
                "url": "http://money.cnn.com/2016/11/22/news/economy/uk-minimum-wage-hike/index.html",
                "wgt": 1
            },
            {
                "body": "Protecting Donald Trump costs New York City more than $1 million a day\n\nMost stock quote data provided by BATS. Market indices are shown in real time, except for the DJIA, which is delayed by two minutes. All times are ET. Disclaimer. Morningstar: \u00c2\u00a9 2016 Morningstar, Inc. All Rights Reserved. ...",
                "date": "2016-11-23",
                "id": "12406082",
                "isDuplicate": false,
                "lang": "eng",
                "sim": 0,
                "source": {
                    "id": "50",
                    "title": "CNN Money",
                    "uri": "money.cnn.com"
                },
                "time": "00:43:00",
                "title": "Tumblr tackles mental health",
                "uri": "552216606",
                "url": "http://money.cnn.com/video/technology/2016/11/22/tumblr-tackles-mental-health.cnnmoney/index.html",
                "wgt": 1
            },
            {
                "body": "Apple (AAPL, Tech30) has been granted a patent for a flexible iPhone that can fold in half and grip your clothes. This would potentially cut down on the need to stuff devices into pockets.\n\nWhile Apple often files for patents for technology that never see the light of day, it often provides a ...",
                "date": "2016-11-23",
                "id": "12404217",
                "isDuplicate": false,
                "lang": "eng",
                "sim": 0,
                "source": {
                    "id": "50",
                    "title": "CNN Money",
                    "uri": "money.cnn.com"
                },
                "time": "00:29:00",
                "title": "Apple once again hints at a foldable iPhone",
                "uri": "552200323",
                "url": "http://money.cnn.com/2016/11/22/technology/apple-patent-flip-iphone/index.html",
                "wgt": 1
            },
            {
                "body": "Protecting Donald Trump costs New York City more than $1 million a day\n\nMost stock quote data provided by BATS. Market indices are shown in real time, except for the DJIA, which is delayed by two minutes. All times are ET. Disclaimer. Morningstar: \u00c2\u00a9 2016 Morningstar, Inc. All Rights Reserved. ...",
                "date": "2016-11-23",
                "id": "12400601",
                "isDuplicate": false,
                "lang": "eng",
                "sim": 0,
                "source": {
                    "id": "50",
                    "title": "CNN Money",
                    "uri": "money.cnn.com"
                },
                "time": "00:04:00",
                "title": "How tech companies can fight fake news",
                "uri": "552204966",
                "url": "http://money.cnn.com/video/technology/2016/11/22/how-tech-companies-can-fight-fake-news.cnnmoney/index.html",
                "wgt": 1
            }
        ],
        "totalResults": 87
    }
}