{
    "articles": {
        "count": 71,
        "page": 1,
        "pages": 1,
        "results": [
            {
                "body": "Chat with us in Facebook Messenger. Find out what's happening in the world as it unfolds.\n\nStory highlightsThe San Francisco 49ers played the Miami Dolphins on Sunday in MiamiIn August, Kaepernick wore a T-shirt depicting a meeting between Castro and Malcolm X\n\n(CNN)San Francisco 49ers quarterback ...",
                "date": "2016-11-27",
                "id": "13448849",
                "isDuplicate": false,
                "lang": "eng",
                "sim": 0,
                "source": {
                    "id": "1256",
                    "title": "CNN International",
                    "uri": "edition.cnn.com"
                },
                "time": "23:59:00",
                "title": "Kaepernick's pro-Castro comments anger Miami fans ",
                "uri": "554951371",
                "url": "http://www.cnn.com/2016/11/27/us/nfl-colin-kaepernick-castro-feud/index.html",
                "wgt": 1
            },
            {
                "body": "Story highlightsTrump won the Electoral CollegeBut he trails Clinton in the popular vote by about two million\n\nWashington (CNN)President-elect Donald Trump alleged Sunday, without evidence, that \"millions of people\" voted illegally for Hillary Clinton and otherwise he would have won the popular ...",
                "date": "2016-11-27",
                "id": "13445225",
                "isDuplicate": false,
                "lang": "eng",
                "sim": 0,
                "source": {
                    "id": "1256",
                    "title": "CNN International",
                    "uri": "edition.cnn.com"
                },
                "time": "23:29:00",
                "title": "Trump falsely claims 'millions of people who voted illegally' cost him popular vote",
                "uri": "554979088",
                "url": "http://www.cnn.com/2016/11/27/politics/donald-trump-voter-fraud-popular-vote/index.html",
                "wgt": 1
            },
            {
                "body": "Story highlightsCanadian PM commends Castro as \"legendary revolutionary and orator\"Critics say Trudeau glossed over Castro's human rights recordTwitter mocks Trudeau with fake tributes to despots and fictional villains\n\n(CNN)Canadian Prime Minister Justin Trudeau's tribute complimenting Fidel Castro ...",
                "date": "2016-11-27",
                "id": "13445224",
                "isDuplicate": true,
                "lang": "eng",
                "sim": 0,
                "source": {
                    "id": "1256",
                    "title": "CNN International",
                    "uri": "edition.cnn.com"
                },
                "time": "23:29:00",
                "title": "O Canada: Trudeau's Castro tribute raises eyebrows",
                "uri": "554999457",
                "url": "http://www.cnn.com/2016/11/27/world/justin-trudeau-castro-eulogy-parody/index.html",
                "wgt": 1
            },
            {
                "body": "Chat with us in Facebook Messenger. Find out what's happening in the world as it unfolds.\n\nStory highlightsWoman was critically injured after an air cannon malfunctionedPumpkin-throwing competition dates back to 1986\n\n(CNN)Suzanne Dakessian's memory of the explosion is hazy. She ran as a large metal ...",
                "date": "2016-11-27",
                "id": "13436336",
                "isDuplicate": false,
                "lang": "eng",
                "sim": 0,
                "source": {
                    "id": "1256",
                    "title": "CNN International",
                    "uri": "edition.cnn.com"
                },
                "time": "22:13:00",
                "title": "Injured 'Punkin Chunkin' producer disappointed show is off, faces long recovery",
                "uri": "554976256",
                "url": "http://www.cnn.com/2016/11/27/entertainment/punkin-chunkin-injured-producer-recovers-trnd/index.html",
                "wgt": 1
            },
            {
                "body": "Story highlightsTrump won the Electoral CollegeBut he trails Clinton in the popular vote by about two million\n\nWashington (CNN)President-elect Donald Trump alleged Sunday, without evidence, that \"millions of people\" voted illegally for Hillary Clinton and otherwise he would have won the popular ...",
                "date": "2016-11-27",
                "id": "13434560",
                "isDuplicate": false,
                "lang": "eng",
                "sim": 0.5372549295425415,
                "source": {
                    "id": "1256",
                    "title": "CNN International",
                    "uri": "edition.cnn.com"
                },
                "time": "22:00:00",
                "title": "Trump falsely claims 'millions of people who voted illegally' cost him popular vote",
                "uri": "554967325",
                "url": "http://www.cnn.com/2016/11/27/politics/donald-trump-voter-fraud-popular-vote/index.html",
                "wgt": 1
            },
            {
                "body": "Chat with us in Facebook Messenger. Find out what's happening in the world as it unfolds.\n\nStory highlightsAt Fidel Castro's hometown, his relatives mournAfter so many rumors about his health, \"this came as a surprise,\" his half-brother says\n\n(CNN)In the town of B\u00edran, near the eastern tip of Cuba, ...",
                "date": "2016-11-27",
                "id": "13432705",
                "isDuplicate": false,
                "lang": "eng",
                "sim": 0,
                "source": {
                    "id": "1256",
                    "title": "CNN International",
                    "uri": "edition.cnn.com"
                },
                "time": "21:44:00",
                "title": "Castro's death takes time to absorb in hometown",
                "uri": "554953346",
                "url": "http://www.cnn.com/2016/11/26/americas/cuba-castro-relatives/index.html",
                "wgt": 1
            },
            {
                "body": "Story highlightsJulian Zelizer: Trump could abuse his presidential powerThe media, Congress and the courts need to play roles in not letting that happen, he writes\n\nJulian Zelizer is a professor of history and public affairs at Princeton University and a New America fellow. He is the author of ...",
                "date": "2016-11-27",
                "id": "13432732",
                "isDuplicate": false,
                "lang": "eng",
                "sim": 0,
                "source": {
                    "id": "1256",
                    "title": "CNN International",
                    "uri": "edition.cnn.com"
                },
                "time": "21:44:00",
                "title": "What happens if President Trump abuses power?",
                "uri": "554953440",
                "url": "http://www.cnn.com/2016/11/26/opinions/checking-and-balancing-president-trump-zelizer/index.html",
                "wgt": 1
            },
            {
                "body": "Story highlightsPeniel Joseph: Fidel Castro re-shaped global politics before reaching the age of 40Joseph writes that as a revolutionary, Castro was both an icon and an oppressor\n\nPeniel Joseph is the Barbara Jordan Chair in Political Values and Ethics and the Founding Director of the Center for the ...",
                "date": "2016-11-27",
                "id": "13432758",
                "isDuplicate": false,
                "lang": "eng",
                "sim": 0.4980392158031464,
                "source": {
                    "id": "1256",
                    "title": "CNN International",
                    "uri": "edition.cnn.com"
                },
                "time": "21:44:00",
                "title": "What Trudeau's Castro comments reveal",
                "uri": "554937574",
                "url": "http://www.cnn.com/2016/11/27/opinions/trudeau-castro-complicated-legacy-joseph-opinion/index.html",
                "wgt": 1
            },
            {
                "body": "Story highlightsJoshua A. Douglas: 2016 recount effort is futile -- and dangerousIts silver lining could be drawing attention to need for better election technology, he says\n\nJoshua A. Douglas is a professor at the University of Kentucky College of Law who specializes in election law and voting ...",
                "date": "2016-11-27",
                "id": "13432761",
                "isDuplicate": false,
                "lang": "eng",
                "sim": 0.6352941393852234,
                "source": {
                    "id": "1256",
                    "title": "CNN International",
                    "uri": "edition.cnn.com"
                },
                "time": "21:44:00",
                "title": "Dear Clinton supporters: Recount won't matter ",
                "uri": "554959853",
                "url": "http://www.cnn.com/2016/11/27/opinions/recount-hopeless-for-clinton-douglas-opinion/index.html",
                "wgt": 1
            },
            {
                "body": "Story highlightsJohn McTernan: Leaders on the left are mourning Fidel Castro's death The dictator should be a source of shame for them, he writes\n\nJohn McTernan is a former speech writer for former British Prime Minister Tony Blair and ex-communications director to former Australian Prime Minister ...",
                "date": "2016-11-27",
                "id": "13432706",
                "isDuplicate": true,
                "lang": "eng",
                "sim": 0,
                "source": {
                    "id": "1256",
                    "title": "CNN International",
                    "uri": "edition.cnn.com"
                },
                "time": "21:44:00",
                "title": "Socialism should die with Castro ",
                "uri": "554966680",
                "url": "http://www.cnn.com/2016/11/26/opinions/socialism-should-die-with-castro-mcternan/index.html",
                "wgt": 1
            },
            {
                "body": "Chat with us in Facebook Messenger. Find out what's happening in the world as it unfolds.\n\nStory highlightsPresident-elect Trump has threatened to undo Obama's efforts to bring the US and Cuba closer togetherObama struck a deal to reopen diplomatic relations with Cuba\n\n(CNN)Cuba's longtime ...",
                "date": "2016-11-27",
                "id": "13432697",
                "isDuplicate": false,
                "lang": "eng",
                "sim": 0,
                "source": {
                    "id": "1256",
                    "title": "CNN International",
                    "uri": "edition.cnn.com"
                },
                "time": "21:43:00",
                "title": "What now for US-Cuba relations?",
                "uri": "554953430",
                "url": "http://www.cnn.com/2016/11/26/politics/fidel-castro-trump/index.html",
                "wgt": 1
            },
            {
                "body": "Chat with us in Facebook Messenger. Find out what's happening in the world as it unfolds.\n\nStory highlightsDiscovery off British Columbia prompted fears device was inactive nuclear bomb from '50sRoyal Canadian Navy: Object \"appears to be a piece of industrial equipment\"\n\n(CNN)People living near ...",
                "date": "2016-11-27",
                "id": "13432685",
                "isDuplicate": false,
                "lang": "eng",
                "sim": 0,
                "source": {
                    "id": "1256",
                    "title": "CNN International",
                    "uri": "edition.cnn.com"
                },
                "time": "21:43:00",
                "title": "Officials say object is not a lost bomb",
                "uri": "554953425",
                "url": "http://www.cnn.com/2016/11/26/americas/canada-lost-bomb-update/index.html",
                "wgt": 1
            },
            {
                "body": "Chat with us in Facebook Messenger. Find out what's happening in the world as it unfolds.\n\nStory highlightsPolice detain 23 people on suspicion of arsonNetanyahu thanks Abbas for assistance\n\n(CNN)Police have detained 23 people on suspicion of arson in connection with wildfires that swept across ...",
                "date": "2016-11-27",
                "id": "13432668",
                "isDuplicate": false,
                "lang": "eng",
                "sim": 0,
                "source": {
                    "id": "1256",
                    "title": "CNN International",
                    "uri": "edition.cnn.com"
                },
                "time": "21:43:00",
                "title": "Israeli police detain 23 in string of wildfires",
                "uri": "554953421",
                "url": "http://www.cnn.com/2016/11/26/middleeast/israel-wildfires/index.html",
                "wgt": 1
            },
            {
                "body": "Story highlightsLouis Perez: In death, Castro passes into status of historical subject impossible to discuss dispassionately for years to comeHe says Castro defied America; even with his death Cuba not likely to bend to demands of US with incoming Trump administration\n\nLouis A. Perez Jr. is the J. ...",
                "date": "2016-11-27",
                "id": "13432664",
                "isDuplicate": true,
                "lang": "eng",
                "sim": 0,
                "source": {
                    "id": "1256",
                    "title": "CNN International",
                    "uri": "edition.cnn.com"
                },
                "time": "21:43:00",
                "title": "The man Americans loved to hate",
                "uri": "554966691",
                "url": "http://www.cnn.com/2016/11/26/opinions/cuba-after-castro-perez/index.html",
                "wgt": 1
            },
            {
                "body": "Story highlightsSchools in Miami could see an influx of students, superintendent saysA surge of immigrants from Cuba has already been coming to the US\n\n(CNN)While leaders in Cuba make preparations for Fidel Castro's funeral, one top official in Miami says he's preparing for another possibility: ...",
                "date": "2016-11-27",
                "id": "13432648",
                "isDuplicate": false,
                "lang": "eng",
                "sim": 0,
                "source": {
                    "id": "1256",
                    "title": "CNN International",
                    "uri": "edition.cnn.com"
                },
                "time": "21:43:00",
                "title": "Miami schools prepare for 'potential influx' after Castro's death",
                "uri": "554668744",
                "url": "http://www.cnn.com/2016/11/26/us/miami-schools-cuban-immigration/index.html",
                "wgt": 1
            },
            {
                "body": "Story highlightsCristina Garcia: There was huge enthusiasm for the revolution in 1959, then realpolitik reality set inShe says over decades of repression, Cubans suffered cost of his revolutionary experiment\n\nCristina Garc\u00eda is the author of seven novels, including \"Dreaming in Cuban,\" \"The Ag\u00fcero ...",
                "date": "2016-11-27",
                "id": "13432139",
                "isDuplicate": true,
                "lang": "eng",
                "sim": 0,
                "source": {
                    "id": "1256",
                    "title": "CNN International",
                    "uri": "edition.cnn.com"
                },
                "time": "21:39:00",
                "title": "Fidel, the promise and the betrayal",
                "uri": "554965297",
                "url": "http://www.cnn.com/2016/11/26/opinions/fidel-castro-promise-and-betrayal-garcia/index.html",
                "wgt": 1
            },
            {
                "body": "Chat with us in Facebook Messenger. Find out what's happening in the world as it unfolds.\n\nStory highlightsBillionaire environmentalist called Paris climate agreement one of Obama's \"signature achievements\"Steyer said he'll keep working to protect environment, despite Trump's pro-drilling ...",
                "date": "2016-11-27",
                "id": "13430311",
                "isDuplicate": false,
                "lang": "eng",
                "sim": 0,
                "source": {
                    "id": "1256",
                    "title": "CNN International",
                    "uri": "edition.cnn.com"
                },
                "time": "21:22:00",
                "title": "Environmentalist praises Obama's climate legacy",
                "uri": "554959848",
                "url": "http://www.cnn.com/2016/11/27/us/tom-steyer-obama-climate-legacy-cnntv/index.html",
                "wgt": 1
            },
            {
                "body": "Chat with us in Facebook Messenger. Find out what's happening in the world as it unfolds.\n\nStory highlightsFrancois Fillon served as prime minister under Nicolas Sarkozy from 2007 to 2012He wants to end the 35-hour work week and has vowed to be tough on unions\n\n(CNN)He's been called the \"French ...",
                "date": "2016-11-27",
                "id": "13430227",
                "isDuplicate": true,
                "lang": "eng",
                "sim": 0,
                "source": {
                    "id": "1256",
                    "title": "CNN International",
                    "uri": "edition.cnn.com"
                },
                "time": "21:22:00",
                "title": "France's presidential election: Who is Fillon? ",
                "uri": "554959718",
                "url": "http://www.cnn.com/2016/11/25/politics/francois-fillon-french-presidential-election/index.html",
                "wgt": 1
            },
            {
                "body": "Chat with us in Facebook Messenger. Find out what's happening in the world as it unfolds.\n\nStory highlightsArgentina beats Croatia 3-2 on nail-biting final dayDel Potro and Delbonis win Sunday's singles rubbersFirst time Argentina has lifted the Davis Cup\n\n(CNN)Only two teams in Davis Cup World ...",
                "date": "2016-11-27",
                "id": "13430050",
                "isDuplicate": false,
                "lang": "eng",
                "sim": 0,
                "source": {
                    "id": "1256",
                    "title": "CNN International",
                    "uri": "edition.cnn.com"
                },
                "time": "21:20:00",
                "title": "Davis Cup: Del Potro leads fightback as Argentina defeats Croatia ",
                "uri": "554957303",
                "url": "http://edition.cnn.com/2016/11/27/tennis/davis-cup-tennis-argentina-croatia-sunday/index.html",
                "wgt": 1
            },
            {
                "body": "Chat with us in Facebook Messenger. Find out what's happening in the world as it unfolds.\n\nStory highlightsThis page includes the show TranscriptUse the Transcript to help students with reading comprehension and vocabulary\n\nNovember 28, 2016\n\nThe death of a controversial world leader is where we ...",
                "date": "2016-11-27",
                "id": "13429223",
                "isDuplicate": false,
                "lang": "eng",
                "sim": 0,
                "source": {
                    "id": "1256",
                    "title": "CNN International",
                    "uri": "edition.cnn.com"
                },
                "time": "21:14:00",
                "title": "CNN Student News - November 28, 2016",
                "uri": "554957305",
                "url": "http://www.cnn.com/2016/11/27/studentnews/sn-content-mon/index.html",
                "wgt": 1
            },
            {
                "body": "Story highlightsJohn McTernan: Leaders on the left are mourning Fidel Castro's death The dictator should be a source of shame for them, he writes\n\nJohn McTernan is a former speech writer for former British Prime Minister Tony Blair and ex-communications director to former Australian Prime Minister ...",
                "date": "2016-11-27",
                "id": "13427829",
                "isDuplicate": false,
                "lang": "eng",
                "sim": 0,
                "source": {
                    "id": "1256",
                    "title": "CNN International",
                    "uri": "edition.cnn.com"
                },
                "time": "21:04:00",
                "title": "Socialism should die with Castro ",
                "uri": "554492764",
                "url": "http://www.cnn.com/2016/11/26/opinions/socialism-should-die-with-castro-mcternan/index.html",
                "wgt": 1
            },
            {
                "body": "Story highlightsLouis Perez: In death, Castro passes into status of historical subject impossible to discuss dispassionately for years to comeHe says Castro defied America; even with his death Cuba not likely to bend to demands of US with incoming Trump administration\n\nLouis A. Perez Jr. is the J. ...",
                "date": "2016-11-27",
                "id": "13427788",
                "isDuplicate": false,
                "lang": "eng",
                "sim": 0,
                "source": {
                    "id": "1256",
                    "title": "CNN International",
                    "uri": "edition.cnn.com"
                },
                "time": "21:04:00",
                "title": "The man Americans loved to hate",
                "uri": "554419196",
                "url": "http://www.cnn.com/2016/11/26/opinions/cuba-after-castro-perez/index.html",
                "wgt": 1
            },
            {
                "body": "Story highlights85% say that the nation is sharply splitA slight majority want to end the Electoral College\n\n(CNN)After a bruising presidential election featuring the two least liked major-party candidates in recent history, more than 8-in-10 Americans say the country is more deeply divided on major ...",
                "date": "2016-11-27",
                "id": "13427781",
                "isDuplicate": false,
                "lang": "eng",
                "sim": 0,
                "source": {
                    "id": "1256",
                    "title": "CNN International",
                    "uri": "edition.cnn.com"
                },
                "time": "21:03:00",
                "title": "CNN/ORC poll: A nation divided, and is it ever",
                "uri": "554793810",
                "url": "http://www.cnn.com/2016/11/27/politics/cnn-poll-division-donald-trump/index.html",
                "wgt": 1
            },
            {
                "body": "Chat with us in Facebook Messenger. Find out what's happening in the world as it unfolds.\n\nStory highlightsCubans prepare to honor the life of Fidel Castro at official eventsLongtime leader's ashes will be interred next Sunday in cemetery in Santiago de Cuba\n\n(CNN)Cubans will celebrate Fidel ...",
                "date": "2016-11-27",
                "id": "13427770",
                "isDuplicate": false,
                "lang": "eng",
                "sim": 0,
                "source": {
                    "id": "1256",
                    "title": "CNN International",
                    "uri": "edition.cnn.com"
                },
                "time": "21:03:00",
                "title": "Cubans, world commemorate Fidel Castro's life and death",
                "uri": "554934418",
                "url": "http://www.cnn.com/2016/11/27/world/fidel-castro-funeral-reaction/index.html",
                "wgt": 1
            },
            {
                "body": "Story highlightsCristina Garcia: There was huge enthusiasm for the revolution in 1959, then realpolitik reality set inShe says over decades of repression, Cubans suffered cost of his revolutionary experiment\n\nCristina Garc\u00eda is the author of seven novels, including \"Dreaming in Cuban,\" \"The Ag\u00fcero ...",
                "date": "2016-11-27",
                "id": "13427754",
                "isDuplicate": false,
                "lang": "eng",
                "sim": 0,
                "source": {
                    "id": "1256",
                    "title": "CNN International",
                    "uri": "edition.cnn.com"
                },
                "time": "21:03:00",
                "title": "Fidel, the promise and the betrayal",
                "uri": "554359147",
                "url": "http://www.cnn.com/2016/11/26/opinions/fidel-castro-promise-and-betrayal-garcia/index.html",
                "wgt": 1
            },
            {
                "body": "(CNN)Here's a look at the life of Chuck Schumer, the incoming Senate minority leader and Democratic senator from New York.\n\nPersonal:\n\nBirth date: November 23, 1950Birth place: Brooklyn, New YorkBirth name: Charles Ellis SchumerFather: Abe Schumer, exterminatorRead MoreMother: Selma (Rosen) ...",
                "date": "2016-11-27",
                "id": "13419741",
                "isDuplicate": false,
                "lang": "eng",
                "sim": 0.5333333611488342,
                "source": {
                    "id": "1256",
                    "title": "CNN International",
                    "uri": "edition.cnn.com"
                },
                "time": "19:56:00",
                "title": "Chuck Schumer Fast Facts",
                "uri": "554929280",
                "url": "http://www.cnn.com/2016/11/27/us/chuck-schumer-fast-facts/index.html",
                "wgt": 1
            },
            {
                "body": "Chat with us in Facebook Messenger. Find out what's happening in the world as it unfolds.\n\nStory highlightsIsraeli airstrike followed gunfire exchange between militants and Israeli soldiersKhalid ibn al-Walid Army controls an area in the southwest corner of Syria\n\nJerusalem (CNN)An Israeli airstrike ...",
                "date": "2016-11-27",
                "id": "13418416",
                "isDuplicate": false,
                "lang": "eng",
                "sim": 0,
                "source": {
                    "id": "1256",
                    "title": "CNN International",
                    "uri": "edition.cnn.com"
                },
                "time": "19:46:00",
                "title": "ISIS-linked militants killed in Israeli air strike ",
                "uri": "554894371",
                "url": "http://www.cnn.com/2016/11/27/middleeast/isis-loyalists-syria-israel/index.html",
                "wgt": 1
            },
            {
                "body": "Chat with us in Facebook Messenger. Find out what's happening in the world as it unfolds.\n\nStory highlightsManchester United boss sent to stands for second time this season United draw 1-1 with West Ham at Old Trafford\n\n(CNN)Another weekend, another trying afternoon on the touchline for Jose ...",
                "date": "2016-11-27",
                "id": "13416614",
                "isDuplicate": false,
                "lang": "eng",
                "sim": 0.6470588445663452,
                "source": {
                    "id": "1256",
                    "title": "CNN International",
                    "uri": "edition.cnn.com"
                },
                "time": "19:31:00",
                "title": "English Premier League: Mourinho sent off as Man Utd draw against West Ham",
                "uri": "554915412",
                "url": "http://edition.cnn.com/2016/11/27/football/football-mourinho-sent-off-man-utd-west-ham/index.html",
                "wgt": 1
            },
            {
                "body": "Chat with us in Facebook Messenger. Find out what's happening in the world as it unfolds.\n\nStory highlightsNational Security Advisor Susan Rice: Advances are being made in Iraqi fight against ISISKey Iraqi cities of Raqqa and Mosul will fall to US-backed Syrian forces, Rice says\n\n(CNN)Coalition ...",
                "date": "2016-11-27",
                "id": "13411714",
                "isDuplicate": false,
                "lang": "eng",
                "sim": 0.9333333373069763,
                "source": {
                    "id": "1256",
                    "title": "CNN International",
                    "uri": "edition.cnn.com"
                },
                "time": "18:54:00",
                "title": "Susan Rice: 55 percent of ISIS territory seized in Iraq",
                "uri": "554906140",
                "url": "http://www.cnn.com/2016/11/27/us/susan-rice-isis-fareed-zakaria-cnntv/index.html",
                "wgt": 1
            },
            {
                "body": "Chat with us in Facebook Messenger. Find out what's happening in the world as it unfolds.\n\nStory highlightsWill Obama weigh in publicly on Democrats' leadership battle?Schumer plans to fight repeal of Obamacare, privatizing Medicare\n\nWashington (CNN)Leadership battles within the Democratic Party. ...",
                "date": "2016-11-27",
                "id": "13407327",
                "isDuplicate": false,
                "lang": "eng",
                "sim": 0,
                "source": {
                    "id": "1256",
                    "title": "CNN International",
                    "uri": "edition.cnn.com"
                },
                "time": "18:20:00",
                "title": "Pelosi faces big leadership challenge",
                "uri": "554882846",
                "url": "http://www.cnn.com/2016/11/27/politics/ip-pelosi-leadership-test/index.html",
                "wgt": 1
            },
            {
                "body": "Chat with us in Facebook Messenger. Find out what's happening in the world as it unfolds.\n\nStory highlightsCubans prepare to honor the life of Fidel Castro at official eventsLongtime leader's ashes will be interred next Sunday in cemetery in Santiago de Cuba\n\n(CNN)Cubans will celebrate Fidel ...",
                "date": "2016-11-27",
                "id": "13402286",
                "isDuplicate": false,
                "lang": "eng",
                "sim": 0,
                "source": {
                    "id": "1256",
                    "title": "CNN International",
                    "uri": "edition.cnn.com"
                },
                "time": "17:43:00",
                "title": "Cubans, world commemorate Fidel Castro's life and death",
                "uri": "554880012",
                "url": "http://www.cnn.com/2016/11/27/world/fidel-castro-funeral-reaction/index.html",
                "wgt": 1
            },
            {
                "body": "Washington (CNN)Sen. Ted Cruz warned President-elect Donald Trump and other Republican leaders they may face a popular revolt if they don't carry through on some of their biggest campaign promises, including repealing Obamacare.\n\n\"If we're given the White House and both houses of Congress and we ...",
                "date": "2016-11-27",
                "id": "13402214",
                "isDuplicate": false,
                "lang": "eng",
                "sim": 0,
                "source": {
                    "id": "1256",
                    "title": "CNN International",
                    "uri": "edition.cnn.com"
                },
                "time": "17:43:00",
                "title": "Cruz to Trump, GOP: If we don't deliver 'there will be pitchforks and torches in the streets'",
                "uri": "554880521",
                "url": "http://www.cnn.com/2016/11/27/politics/ted-cruz-pitchforks-donald-trump-promises/index.html",
                "wgt": 1
            },
            {
                "body": "Chat with us in Facebook Messenger. Find out what's happening in the world as it unfolds.\n\nStory highlightsCubans prepare to honor the life of Fidel Castro at official eventsLongtime leader's ashes will be interred next Sunday in cemetery in Santiago de Cuba\n\n(CNN)Cubans will celebrate Fidel ...",
                "date": "2016-11-27",
                "id": "13399717",
                "isDuplicate": false,
                "lang": "eng",
                "sim": 0.7568627595901489,
                "source": {
                    "id": "1256",
                    "title": "CNN International",
                    "uri": "edition.cnn.com"
                },
                "time": "17:15:00",
                "title": "Cubans, world commemorate Fidel Castro's life and death",
                "uri": "554867911",
                "url": "http://www.cnn.com/2016/11/27/world/fidel-castro-funeral-reaction/index.html",
                "wgt": 1
            },
            {
                "body": "Chat with us in Facebook Messenger. Find out what's happening in the world as it unfolds.\n\nStory highlightsNico Rosberg clinches first F1 world title Record-breaking 21-race season decided at final GP in Abu Dhabi\n\n(CNN)Nico Rosberg has been crowned Formula One world champion for the first time in ...",
                "date": "2016-11-27",
                "id": "13394809",
                "isDuplicate": false,
                "lang": "eng",
                "sim": 0.7411764860153198,
                "source": {
                    "id": "1256",
                    "title": "CNN International",
                    "uri": "edition.cnn.com"
                },
                "time": "16:51:00",
                "title": "F1: Nico Rosberg clinches world title in tense Abu Dhabi GP finale",
                "uri": "554862831",
                "url": "http://edition.cnn.com/2016/11/27/motorsport/rosberg-hamilton-abu-dhabi-world-champion-f1/index.html",
                "wgt": 1
            },
            {
                "body": "Washington (CNN)Sen. Ted Cruz warned President-elect Donald Trump and other Republican leaders they may face a popular revolt if they don't carry through on some of their biggest campaign promises, including repealing Obamacare.\n\n\"If we're given the White House and both houses of Congress and we ...",
                "date": "2016-11-27",
                "id": "13393439",
                "isDuplicate": false,
                "lang": "eng",
                "sim": 0,
                "source": {
                    "id": "1256",
                    "title": "CNN International",
                    "uri": "edition.cnn.com"
                },
                "time": "16:42:00",
                "title": "Cruz to Trump, GOP: If we don't deliver 'there will be pitchforks and torches in the streets'",
                "uri": "554849026",
                "url": "http://www.cnn.com/2016/11/27/politics/ted-cruz-pitchforks-donald-trump-promises/index.html",
                "wgt": 1
            },
            {
                "body": "Chat with us in Facebook Messenger. Find out what's happening in the world as it unfolds.\n\nStory highlightsFillon is running against another ex-prime minister, Alain Jupp\u00e9Winner is likely to face far-right Marine Le Pen in 2017 presidential vote\n\n(CNN)Former prime minister Fran\u00e7ois Fillon appears ...",
                "date": "2016-11-27",
                "id": "13392979",
                "isDuplicate": false,
                "lang": "eng",
                "sim": 0,
                "source": {
                    "id": "1256",
                    "title": "CNN International",
                    "uri": "edition.cnn.com"
                },
                "time": "16:39:00",
                "title": "'French Thatcher' Fillon poised to win France's Republican primary",
                "uri": "554850446",
                "url": "http://www.cnn.com/2016/11/27/europe/french-republican-primary-runoff/index.html",
                "wgt": 1
            },
            {
                "body": "Chat with us in Facebook Messenger. Find out what's happening in the world as it unfolds.\n\nWashington (CNN)Florida Sen. Marco Rubio said Sunday he is confident that President-elect Donald Trump will stake a hard line on Cuba, and in the wake of Fidel Castro's death said efforts should focus on ...",
                "date": "2016-11-27",
                "id": "13391404",
                "isDuplicate": true,
                "lang": "eng",
                "sim": 0,
                "source": {
                    "id": "1256",
                    "title": "CNN International",
                    "uri": "edition.cnn.com"
                },
                "time": "16:28:00",
                "title": "Rubio: Trump's Cuba policy should 'pave the way' for democracy",
                "uri": "554854963",
                "url": "http://www.cnn.com/2016/11/27/politics/donald-trump-cuba-marco-rubio-kellyanne-conway/index.html",
                "wgt": 1
            },
            {
                "body": "Washington (CNN)President-elect Donald Trump and President Barack Obama have been in regular communication, a top Trump aide said Sunday.\n\nAsked on NBC's \"Meet the Press\" about who Trump was consulting on Cuba policy, senior adviser Kellyanne Conway replied: \"He's even been talking to President ...",
                "date": "2016-11-27",
                "id": "13391412",
                "isDuplicate": false,
                "lang": "eng",
                "sim": 0,
                "source": {
                    "id": "1256",
                    "title": "CNN International",
                    "uri": "edition.cnn.com"
                },
                "time": "16:28:00",
                "title": "Conway: Trump and Obama have been 'talking regularly'",
                "uri": "554849030",
                "url": "http://www.cnn.com/2016/11/27/politics/donald-trump-obama-phone-call/index.html",
                "wgt": 1
            },
            {
                "body": "Chat with us in Facebook Messenger. Find out what's happening in the world as it unfolds.\n\nWashington (CNN)Florida Sen. Marco Rubio said Sunday he is confident that President-elect Donald Trump will stake a hard line on Cuba, and in the wake of Fidel Castro's death said efforts should focus on ...",
                "date": "2016-11-27",
                "id": "13385881",
                "isDuplicate": false,
                "lang": "eng",
                "sim": 0.9686274528503418,
                "source": {
                    "id": "1256",
                    "title": "CNN International",
                    "uri": "edition.cnn.com"
                },
                "time": "15:50:00",
                "title": "Rubio: Trump's Cuba policy should 'pave the way' for democracy",
                "uri": "554838588",
                "url": "http://www.cnn.com/2016/11/27/politics/donald-trump-cuba-marco-rubio-kellyanne-conway/index.html",
                "wgt": 1
            },
            {
                "body": "Washington (CNN)One of President-elect Donald Trump's top advisers said Sunday that his loyal supporters across the country feel \"betrayed\" that he is considering one of his most vicious critics, Mitt Romney, for secretary of state.\n\n\"I'm all for party unity, but I'm not sure we have to pay for that ...",
                "date": "2016-11-27",
                "id": "13385491",
                "isDuplicate": false,
                "lang": "eng",
                "sim": 0,
                "source": {
                    "id": "1256",
                    "title": "CNN International",
                    "uri": "edition.cnn.com"
                },
                "time": "15:47:00",
                "title": "Conway: Trump backers feel 'betrayed' by Romney consideration",
                "uri": "554835658",
                "url": "http://www.cnn.com/2016/11/27/politics/conway-trump-romney-betrayed/index.html",
                "wgt": 1
            },
            {
                "body": "Chat with us in Facebook Messenger. Find out what's happening in the world as it unfolds.\n\nStory highlightsNico Rosberg clinches first F1 world title Record-breaking 21-race season decided at final GP in Abu Dhabi\n\n(CNN)Nico Rosberg has clinched his first Formula One world title at the season-ending ...",
                "date": "2016-11-27",
                "id": "13381827",
                "isDuplicate": false,
                "lang": "eng",
                "sim": 0.658823549747467,
                "source": {
                    "id": "1256",
                    "title": "CNN International",
                    "uri": "edition.cnn.com"
                },
                "time": "15:20:00",
                "title": "F1: Nico Rosberg wins maiden world title",
                "uri": "554826487",
                "url": "http://edition.cnn.com/2016/11/27/motorsport/rosberg-hamilton-abu-dhabi-world-champion-f1/index.html",
                "wgt": 1
            },
            {
                "body": "Chat with us in Facebook Messenger. Find out what's happening in the world as it unfolds.\n\nStory highlightsForces took parts of the city's east for first time in four yearsTroops have seized control of parts of area's largest district\n\n(CNN)Syrian regime forces have entered eastern Aleppo and ...",
                "date": "2016-11-27",
                "id": "13381822",
                "isDuplicate": false,
                "lang": "eng",
                "sim": 0.6666666865348816,
                "source": {
                    "id": "1256",
                    "title": "CNN International",
                    "uri": "edition.cnn.com"
                },
                "time": "15:20:00",
                "title": "Syrian forces enter eastern Aleppo to take key district",
                "uri": "554752497",
                "url": "http://www.cnn.com/2016/11/27/middleeast/aleppo-syria-regime-forces/index.html",
                "wgt": 1
            },
            {
                "body": "Chat with us in Facebook Messenger. Find out what's happening in the world as it unfolds.\n\nStory highlightsAt Fidel Castro's hometown, his relatives mournAfter so many rumors about his health, \"this came as a surprise,\" his half-brother says\n\n(CNN)In the town of B\u00edran, near the eastern tip of Cuba, ...",
                "date": "2016-11-27",
                "id": "13380846",
                "isDuplicate": false,
                "lang": "eng",
                "sim": 0,
                "source": {
                    "id": "1256",
                    "title": "CNN International",
                    "uri": "edition.cnn.com"
                },
                "time": "15:13:00",
                "title": "Castro's death takes time to absorb in hometown",
                "uri": "554512564",
                "url": "http://www.cnn.com/2016/11/26/americas/cuba-castro-relatives/index.html",
                "wgt": 1
            },
            {
                "body": "Washington (CNN)One of President-elect Donald Trump's top advisers said Sunday that his loyal supporters across the country feel \"betrayed\" that he is considering one of his most vicious critics, Mitt Romney, for secretary of state.\n\n\"I'm all for party unity, but I'm not sure we have to pay for that ...",
                "date": "2016-11-27",
                "id": "13427975",
                "isDuplicate": false,
                "lang": "eng",
                "sim": 0.8274509906768799,
                "source": {
                    "id": "1256",
                    "title": "CNN International",
                    "uri": "edition.cnn.com"
                },
                "time": "15:11:00",
                "title": "Conway: Trump backers feel 'betrayed' by Romney consideration",
                "uri": "554954000",
                "url": "http://www.cnn.com/2016/11/27/politics/conway-trump-romney-betrayed/index.html",
                "wgt": 1
            },
            {
                "body": "Washington (CNN)One of President-elect Donald Trump's top advisers said Sunday that his loyal supporters across the country feel \"betrayed\" that he is considering one of his most vicious critics, Mitt Romney, for secretary of state.\n\n\"I'm all for party unity, but I'm not sure we have to pay for that ...",
                "date": "2016-11-27",
                "id": "13380297",
                "isDuplicate": false,
                "lang": "eng",
                "sim": 0,
                "source": {
                    "id": "1256",
                    "title": "CNN International",
                    "uri": "edition.cnn.com"
                },
                "time": "15:09:00",
                "title": "Conway: Trump backers feel 'betrayed' by Romney consideration",
                "uri": "554826657",
                "url": "http://www.cnn.com/2016/11/27/politics/conway-trump-romney-betrayed/index.html",
                "wgt": 1
            },
            {
                "body": "Chat with us in Facebook Messenger. Find out what's happening in the world as it unfolds.\n\nStory highlightsNico Rosberg clinches first F1 world title Record-breaking 21-race season decided at final GP in Abu Dhabi\n\n(CNN)Nico Rosberg has clinched his first Formula One world title at the season-ending ...",
                "date": "2016-11-27",
                "id": "13378908",
                "isDuplicate": false,
                "lang": "eng",
                "sim": 0.6627451181411743,
                "source": {
                    "id": "1256",
                    "title": "CNN International",
                    "uri": "edition.cnn.com"
                },
                "time": "14:59:00",
                "title": "F1: Nico Rosberg wins maiden world title",
                "uri": "554820694",
                "url": "http://edition.cnn.com/2016/11/27/motorsport/rosberg-hamilton-abu-dhabi-world-champion-f1/index.html",
                "wgt": 1
            },
            {
                "body": "Washington (CNN)Former Democratic presidential candidate Bernie Sanders said Sunday it is time to re-examine the Electoral College, after Democrat Hillary Clinton won the popular vote but lost the electoral vote to President-elect Donald Trump.\n\n\"We have one candidate who had two million more votes ...",
                "date": "2016-11-27",
                "id": "13378137",
                "isDuplicate": false,
                "lang": "eng",
                "sim": 0.6549019813537598,
                "source": {
                    "id": "1256",
                    "title": "CNN International",
                    "uri": "edition.cnn.com"
                },
                "time": "14:54:00",
                "title": "Sanders calls for assessment of Electoral College",
                "uri": "554818963",
                "url": "http://www.cnn.com/2016/11/27/politics/bernie-sanders-electoral-college/index.html",
                "wgt": 1
            },
            {
                "body": "Chat with us in Facebook Messenger. Find out what's happening in the world as it unfolds.\n\nStory highlightsF1 title to be decided at Abu Dhabi GP; Rosberg leads Hamilton by 12 points\"It's 50-50 and could go either way,\" predicts ex-F1 star Mark Webber\n\n(CNN)It could not have been scripted ...",
                "date": "2016-11-27",
                "id": "13369630",
                "isDuplicate": false,
                "lang": "eng",
                "sim": 0,
                "source": {
                    "id": "1256",
                    "title": "CNN International",
                    "uri": "edition.cnn.com"
                },
                "time": "13:30:00",
                "title": "F1: Record-breaking season goes down to the wire",
                "uri": "554797160",
                "url": "http://edition.cnn.com/2016/11/27/motorsport/rosberg-hamilton-f1-abu-dhabi-mercedes-2/index.html",
                "wgt": 1
            },
            {
                "body": "Chat with us in Facebook Messenger. Find out what's happening in the world as it unfolds.\n\nStory highlightsActor Ron Glass has died at the age of 71, his agent confirmsGlass died of respiratory failure\n\n(CNN)Actor Ron Glass, known for his role on the police sitcom \"Barney Miller,\" has died, his ...",
                "date": "2016-11-27",
                "id": "13366930",
                "isDuplicate": false,
                "lang": "eng",
                "sim": 0,
                "source": {
                    "id": "1256",
                    "title": "CNN International",
                    "uri": "edition.cnn.com"
                },
                "time": "13:29:00",
                "title": "'Barney Miller' actor Ron Glass dies",
                "uri": "554600124",
                "url": "http://www.cnn.com/2016/11/26/entertainment/ron-glass-barney-miller-actor-dies/index.html",
                "wgt": 1
            },
            {
                "body": "Story highlights85% say that the nation is sharply splitA slight majority want to end the Electoral College\n\n(CNN)After a bruising presidential election featuring the two least liked major-party candidates in recent history, more than 8-in-10 Americans say the country is more deeply divided on major ...",
                "date": "2016-11-27",
                "id": "13364581",
                "isDuplicate": false,
                "lang": "eng",
                "sim": 0.8666666746139526,
                "source": {
                    "id": "1256",
                    "title": "CNN International",
                    "uri": "edition.cnn.com"
                },
                "time": "13:13:00",
                "title": "CNN/ORC poll: A nation divided, and is it ever",
                "uri": "554784433",
                "url": "http://www.cnn.com/2016/11/27/politics/cnn-poll-division-donald-trump/index.html",
                "wgt": 1
            },
            {
                "body": "Story highlightsCanadian PM commends Castro as \"legendary revolutionary and orator\"Critics say Trudeau glossed over Castro's human rights recordTwitter mocks Trudeau with fake tributes to despots and fictional villains\n\n(CNN)Canadian Prime Minister Justin Trudeau's tribute complimenting Fidel Castro ...",
                "date": "2016-11-27",
                "id": "13361061",
                "isDuplicate": false,
                "lang": "eng",
                "sim": 0,
                "source": {
                    "id": "1256",
                    "title": "CNN International",
                    "uri": "edition.cnn.com"
                },
                "time": "12:45:00",
                "title": "O Canada: Trudeau's Castro tribute raises eyebrows",
                "uri": "554724576",
                "url": "http://www.cnn.com/2016/11/27/world/justin-trudeau-castro-eulogy-parody/index.html",
                "wgt": 1
            },
            {
                "body": "Chat with us in Facebook Messenger. Find out what's happening in the world as it unfolds.\n\n(CNN)Civil wars, proxy wars, energy wars and a war on ISIS. When US President-elect Donald Trump, takes office in January, he will face numerous challenges in the Middle East.\n\nIn this series of videos, CNN's ...",
                "date": "2016-11-27",
                "id": "13352553",
                "isDuplicate": false,
                "lang": "eng",
                "sim": 0,
                "source": {
                    "id": "1256",
                    "title": "CNN International",
                    "uri": "edition.cnn.com"
                },
                "time": "11:38:00",
                "title": "Can Donald Trump solve the Middle East's many crises?",
                "uri": "554692669",
                "url": "http://www.cnn.com/2016/11/27/middleeast/middle-east-trump-connect-the-world/index.html",
                "wgt": 1
            },
            {
                "body": "Chat with us in Facebook Messenger. Find out what's happening in the world as it unfolds.\n\nStory highlightsInfant ejected from car during crash Child was found alive in storm drain\n\n(CNN)It's a story of survival that's amazed even seasoned firefighters -- an infant ejected during a car crash ends up ...",
                "date": "2016-11-27",
                "id": "13348419",
                "isDuplicate": false,
                "lang": "eng",
                "sim": 0,
                "source": {
                    "id": "1256",
                    "title": "CNN International",
                    "uri": "edition.cnn.com"
                },
                "time": "11:04:00",
                "title": "Infant ejected from car is found alive in storm drain  ",
                "uri": "554737685",
                "url": "http://www.cnn.com/2016/11/27/us/arkansas-child-survives-car-crash-in-storm-drain-trnd/index.html",
                "wgt": 1
            },
            {
                "body": "Chat with us in Facebook Messenger. Find out what's happening in the world as it unfolds.\n\nStory highlightsForces took parts of the city's east for first time in four yearsTroops have seized control of parts of area's largest district\n\n(CNN)Syrian regime forces have entered eastern Aleppo and have ...",
                "date": "2016-11-27",
                "id": "13338001",
                "isDuplicate": false,
                "lang": "eng",
                "sim": 0.6745098233222961,
                "source": {
                    "id": "1256",
                    "title": "CNN International",
                    "uri": "edition.cnn.com"
                },
                "time": "09:35:00",
                "title": "Syrian forces launch eastern Aleppo ground assault",
                "uri": "554709838",
                "url": "http://www.cnn.com/2016/11/27/middleeast/aleppo-syria-regime-forces/index.html",
                "wgt": 1
            },
            {
                "body": "Chat with us in Facebook Messenger. Find out what's happening in the world as it unfolds.\n\nStory highlightsServed as prime minister under Jacques Chirac from 1996 to 1997Seen as moderate compared with Republican frontrunner Francois Fillon\n\n(CNN)Alain Juppe's chances of becoming France's next ...",
                "date": "2016-11-27",
                "id": "13333833",
                "isDuplicate": true,
                "lang": "eng",
                "sim": 0,
                "source": {
                    "id": "1256",
                    "title": "CNN International",
                    "uri": "edition.cnn.com"
                },
                "time": "09:02:00",
                "title": "France's presidential election: Who is Juppe?",
                "uri": "554698229",
                "url": "http://www.cnn.com/2016/11/25/politics/alain-juppe-french-presidential-election/index.html",
                "wgt": 1
            },
            {
                "body": "Chat with us in Facebook Messenger. Find out what's happening in the world as it unfolds.\n\nStory highlightsFrancois Fillon served as prime minister under Nicolas Sarkozy from 2007 to 2012He wants to end the 35-hour work week and has vowed to be tough on unions\n\n(CNN)He's been called the \"French ...",
                "date": "2016-11-27",
                "id": "13333826",
                "isDuplicate": false,
                "lang": "eng",
                "sim": 0,
                "source": {
                    "id": "1256",
                    "title": "CNN International",
                    "uri": "edition.cnn.com"
                },
                "time": "09:02:00",
                "title": "France's presidential election: Who is Fillon? ",
                "uri": "553887715",
                "url": "http://www.cnn.com/2016/11/25/politics/francois-fillon-french-presidential-election/index.html",
                "wgt": 1
            },
            {
                "body": "Chat with us in Facebook Messenger. Find out what's happening in the world as it unfolds.\n\nStory highlightsAmnesty International, Human Rights watch issue reportsCastro called \"a progressive but deeply flawed leader\"\n\n(CNN)The relentlessly brutal legacy of political repression that marked Fidel ...",
                "date": "2016-11-27",
                "id": "13333097",
                "isDuplicate": true,
                "lang": "eng",
                "sim": 0,
                "source": {
                    "id": "1256",
                    "title": "CNN International",
                    "uri": "edition.cnn.com"
                },
                "time": "08:55:00",
                "title": "Cuba's strides under Castro offset by decades of repression, reports say",
                "uri": "554695247",
                "url": "http://www.cnn.com/2016/11/27/americas/cuba-human-rights-reports/index.html",
                "wgt": 1
            },
            {
                "body": "Chat with us in Facebook Messenger. Find out what's happening in the world as it unfolds.\n\nStory highlightsPolice detain 23 people on suspicion of arsonNetanyahu thanks Abbas for assistance\n\n(CNN)Police have detained 23 people on suspicion of arson in connection with wildfires that swept across ...",
                "date": "2016-11-27",
                "id": "13332450",
                "isDuplicate": false,
                "lang": "eng",
                "sim": 0,
                "source": {
                    "id": "1256",
                    "title": "CNN International",
                    "uri": "edition.cnn.com"
                },
                "time": "08:48:00",
                "title": "Israeli police detain 23 in string of wildfires",
                "uri": "554542789",
                "url": "http://www.cnn.com/2016/11/26/middleeast/israel-wildfires/index.html",
                "wgt": 1
            },
            {
                "body": "Chat with us in Facebook Messenger. Find out what's happening in the world as it unfolds.\n\n(CNN)Civil wars, proxy wars, energy wars and a war on ISIS. When US President-elect Donald Trump, takes office in January, he will face numerous challenges in the Middle East.\n\nIn this series of videos, CNN's ...",
                "date": "2016-11-27",
                "id": "13331238",
                "isDuplicate": false,
                "lang": "eng",
                "sim": 0,
                "source": {
                    "id": "1256",
                    "title": "CNN International",
                    "uri": "edition.cnn.com"
                },
                "time": "08:36:00",
                "title": "Can Donald Trump solve the Middle East's many crises?",
                "uri": "554680142",
                "url": "http://www.cnn.com/2016/11/27/middleeast/middle-east-trump-connect-the-world/index.html",
                "wgt": 1
            },
            {
                "body": "Chat with us in Facebook Messenger. Find out what's happening in the world as it unfolds.\n\n(CNN)For a few hours, Trump Tower in New York City turned into \"Dump Tower\" on Google Maps.\n\nBy early Sunday morning, it appeared \"Dump Tower\" was gone and restored to its proper name on the map service. CNN ...",
                "date": "2016-11-27",
                "id": "13330661",
                "isDuplicate": false,
                "lang": "eng",
                "sim": 0,
                "source": {
                    "id": "1256",
                    "title": "CNN International",
                    "uri": "edition.cnn.com"
                },
                "time": "08:04:00",
                "title": "Trump Tower turns into 'Dump Tower' on Google Maps",
                "uri": "554670365",
                "url": "http://www.cnn.com/2016/11/27/politics/dump-tower-trump-google-maps/index.html",
                "wgt": 1
            },
            {
                "body": "Chat with us in Facebook Messenger. Find out what's happening in the world as it unfolds.\n\nStory highlightsAmnesty International, Human Rights watch issue reportsCastro called \"a progressive but deeply flawed leader\"\n\n(CNN)The relentlessly brutal legacy of political repression that marked Fidel ...",
                "date": "2016-11-27",
                "id": "13324638",
                "isDuplicate": false,
                "lang": "eng",
                "sim": 0,
                "source": {
                    "id": "1256",
                    "title": "CNN International",
                    "uri": "edition.cnn.com"
                },
                "time": "07:39:00",
                "title": "Cuba's strides under Castro offset by decades of repression, reports say",
                "uri": "554667803",
                "url": "http://www.cnn.com/2016/11/27/americas/cuba-human-rights-reports/index.html",
                "wgt": 1
            },
            {
                "body": "Chat with us in Facebook Messenger. Find out what's happening in the world as it unfolds.\n\nStory highlightsAmnesty International, Human Rights watch issue reportsCastro called \"a progressive but deeply flawed leader\"\n\n(CNN)The relentlessly brutal legacy of political repression that marked Fidel ...",
                "date": "2016-11-27",
                "id": "13318858",
                "isDuplicate": false,
                "lang": "eng",
                "sim": 0.9333333373069763,
                "source": {
                    "id": "1256",
                    "title": "CNN International",
                    "uri": "edition.cnn.com"
                },
                "time": "06:36:00",
                "title": "Cuba's strides under Castro offset by decades of repression, reports say",
                "uri": "554649886",
                "url": "http://www.cnn.com/2016/11/27/americas/cuba-human-rights-reports/index.html",
                "wgt": 1
            },
            {
                "body": "Chat with us in Facebook Messenger. Find out what's happening in the world as it unfolds.\n\nStory highlightsDiscovery off British Columbia prompted fears device was inactive nuclear bomb from '50sRoyal Canadian Navy: Object \"appears to be a piece of industrial equipment\"\n\n(CNN)People living near ...",
                "date": "2016-11-27",
                "id": "13312833",
                "isDuplicate": false,
                "lang": "eng",
                "sim": 0,
                "source": {
                    "id": "1256",
                    "title": "CNN International",
                    "uri": "edition.cnn.com"
                },
                "time": "05:25:00",
                "title": "Officials say object is not a lost bomb",
                "uri": "554325663",
                "url": "http://www.cnn.com/2016/11/26/americas/canada-lost-bomb-update/index.html",
                "wgt": 1
            },
            {
                "body": "Chat with us in Facebook Messenger. Find out what's happening in the world as it unfolds.\n\nStory highlightsSchools in Miami could see an influx of students, superintendent saysA surge of immigrants from Cuba has already been coming to the US\n\n(CNN)While leaders in Cuba make preparations for Fidel ...",
                "date": "2016-11-27",
                "id": "13306821",
                "isDuplicate": false,
                "lang": "eng",
                "sim": 0.9686274528503418,
                "source": {
                    "id": "1256",
                    "title": "CNN International",
                    "uri": "edition.cnn.com"
                },
                "time": "04:23:00",
                "title": "Miami schools prepare for 'potential influx' after Castro's death",
                "uri": "554603934",
                "url": "http://www.cnn.com/2016/11/26/us/miami-schools-cuban-immigration/index.html",
                "wgt": 1
            },
            {
                "body": "Chat with us in Facebook Messenger. Find out what's happening in the world as it unfolds.\n\nStory highlightsServed as prime minister under Jacques Chirac from 1996 to 1997Seen as moderate compared with Republican frontrunner Francois Fillon\n\n(CNN)Alain Juppe's chances of becoming France's next ...",
                "date": "2016-11-27",
                "id": "13301299",
                "isDuplicate": false,
                "lang": "eng",
                "sim": 0,
                "source": {
                    "id": "1256",
                    "title": "CNN International",
                    "uri": "edition.cnn.com"
                },
                "time": "03:11:00",
                "title": "France's presidential election: Who is Juppe?",
                "uri": "553899018",
                "url": "http://www.cnn.com/2016/11/25/politics/alain-juppe-french-presidential-election/index.html",
                "wgt": 1
            },
            {
                "body": "Story highlightsFidel Castro was cremated and his ashes soon will be displayed in Revolution SquareHavana quiet while celebrations spill out in Miami streets over news of Castro's death\n\nHavana, Cuba (CNN)The streets of Havana were as somber Saturday as the streets of Little Havana in Miami were ...",
                "date": "2016-11-27",
                "id": "13299203",
                "isDuplicate": false,
                "lang": "eng",
                "sim": 0.8078431487083435,
                "source": {
                    "id": "1256",
                    "title": "CNN International",
                    "uri": "edition.cnn.com"
                },
                "time": "02:35:00",
                "title": "Fidel Castro's death prompts mix of joy, grief",
                "uri": "554318556",
                "url": "http://www.cnn.com/2016/11/26/world/fidel-castro-death-reaction/index.html",
                "wgt": 1
            },
            {
                "body": "Chat with us in Facebook Messenger. Find out what's happening in the world as it unfolds.\n\nStory highlightsActor Ron Glass has died at the age of 71, his agent confirmsGlass died of respiratory failure\n\n(CNN)Actor Ron Glass, known for his role on the police sitcom \"Barney Miller,\" has died, his ...",
                "date": "2016-11-27",
                "id": "13299056",
                "isDuplicate": false,
                "lang": "eng",
                "sim": 0,
                "source": {
                    "id": "1256",
                    "title": "CNN International",
                    "uri": "edition.cnn.com"
                },
                "time": "02:34:00",
                "title": "'Barney Miller' actor Ron Glass dies",
                "uri": "554576459",
                "url": "http://www.cnn.com/2016/11/26/entertainment/ron-glass-barney-miller-actor-dies/index.html",
                "wgt": 1
            },
            {
                "body": "Story highlightsHundreds of thousands of South Koreans hit the streets for fifth consecutive weekMany South Koreans call for resignation of unpopular president after scandal\n\n(CNN)Approval ratings for South Korean President Park Geun-hye have dipped into single digits -- and protests calling for her ...",
                "date": "2016-11-27",
                "id": "13296422",
                "isDuplicate": false,
                "lang": "eng",
                "sim": 0,
                "source": {
                    "id": "1256",
                    "title": "CNN International",
                    "uri": "edition.cnn.com"
                },
                "time": "01:57:00",
                "title": "South Korean protesters demand President Park's resignation",
                "uri": "554293455",
                "url": "http://www.cnn.com/2016/11/26/asia/south-korea-mass-protests/index.html",
                "wgt": 1
            },
            {
                "body": "Chat with us in Facebook Messenger. Find out what's happening in the world as it unfolds.\n\nStory highlightsThree Starbucks stores were vandalized in Albuquerque, FBI saysOne person has been taken into custody\n\n(CNN)One person is in custody after three Starbucks coffee shops were vandalized in ...",
                "date": "2016-11-27",
                "id": "13296312",
                "isDuplicate": false,
                "lang": "eng",
                "sim": 0,
                "source": {
                    "id": "1256",
                    "title": "CNN International",
                    "uri": "edition.cnn.com"
                },
                "time": "01:55:00",
                "title": "One in custody after devices put in 3 NM Starbucks",
                "uri": "554556427",
                "url": "http://www.cnn.com/2016/11/26/us/starbucks-albuquerque-devices/index.html",
                "wgt": 1
            },
            {
                "body": "Story highlightsCuba's Fidel Castro dominated the small island nation for decadesCastro commanded worldwide attention from a relatively small stage\n\n(CNN)Fidel Castro, the Cuban despot who famously proclaimed after his arrest in a failed coup attempt that history would absolve him, has died at age ...",
                "date": "2016-11-27",
                "id": "13289182",
                "isDuplicate": false,
                "lang": "eng",
                "sim": 0.8117647171020508,
                "source": {
                    "id": "1256",
                    "title": "CNN International",
                    "uri": "edition.cnn.com"
                },
                "time": "00:24:00",
                "title": "Former Cuban leader Fidel Castro dies",
                "uri": "554538637",
                "url": "http://www.cnn.com/2016/11/26/americas/fidel-castro-obit/index.html",
                "wgt": 1
            },
            {
                "body": "Story highlightsSuperintendent Eddie Johnson says he has concerns about Wednesday's shootingUnidentified officer says Kajuan Raye was armed but no gun has been found\n\n(CNN)A Chicago police officer who said he shot and killed a black man this week after the teenager pointed a gun at him has been ...",
                "date": "2016-11-27",
                "id": "13293567",
                "isDuplicate": false,
                "lang": "eng",
                "sim": 0,
                "source": {
                    "id": "1256",
                    "title": "CNN International",
                    "uri": "edition.cnn.com"
                },
                "time": "00:10:00",
                "title": "Chicago officer who fatally shot man relieved of powers",
                "uri": "554525716",
                "url": "http://www.cnn.com/2016/11/26/us/chicago-police-shooting/index.html",
                "wgt": 1
            }
        ],
        "totalResults": 71
    }
}