{
    "articles": {
        "count": 27,
        "page": 1,
        "pages": 1,
        "results": [
            {
                "body": "In an interview with the New Statesman, the former British prime minister said the process could be halted.\n\n\"It can be stopped if the British people decide that, having seen what it means, the pain-gain cost-benefit analysis doesn't stack up,\" Blair told the magazine.\n\nThe former Labour Party boss ...",
                "date": "2016-11-24",
                "id": "12873384",
                "isDuplicate": false,
                "lang": "eng",
                "sim": 0,
                "source": {
                    "id": "50",
                    "title": "CNN Money",
                    "uri": "money.cnn.com"
                },
                "time": "22:05:00",
                "title": "Tony Blair says Brexit can be stopped",
                "uri": "553232430",
                "url": "http://money.cnn.com/2016/11/24/news/tony-blair-brexit/index.html",
                "wgt": 1
            },
            {
                "body": "Athos is hoping its workout wear can turn fitness training into a science.\n\nThe wearable tech company makes clothes with built-in sensors to track how different muscles are used during a workout. A Bluetooth-enabled device transmits data back to a smartphone app, allowing users to see which areas ...",
                "date": "2016-11-24",
                "id": "12828980",
                "isDuplicate": true,
                "lang": "eng",
                "sim": 0,
                "source": {
                    "id": "50",
                    "title": "CNN Money",
                    "uri": "money.cnn.com"
                },
                "time": "17:21:00",
                "title": "Athos wants its clothes to be your personal trainer",
                "uri": "553320135",
                "url": "http://money.cnn.com/2016/11/24/technology/athos-wearable-fitness-technology/index.html",
                "wgt": 1
            },
            {
                "body": "Ask Microsoft's Chinese chatbot Xiaoice about Tibetan spiritual leader the Dalai Lama and that's how she responds. She also skirts around highly sensitive topics like the 1989 crackdown on Tiananmen Square protests, Chinese President Xi Jinping or even President-elect Donald Trump.\n\nXiaoice has ...",
                "date": "2016-11-24",
                "id": "12828975",
                "isDuplicate": false,
                "lang": "eng",
                "sim": 0,
                "source": {
                    "id": "50",
                    "title": "CNN Money",
                    "uri": "money.cnn.com"
                },
                "time": "17:21:00",
                "title": "Microsoft's Chinese chatbot won't talk about Tiananmen or Xi Jinping",
                "uri": "553174237",
                "url": "http://money.cnn.com/2016/11/24/technology/microsoft-chatbot-xiaoice-tiananmen-xi-jinping/index.html",
                "wgt": 1
            },
            {
                "body": "That's according to the Organisation for Economic Co-operation and Development, which says in a new report that the poor -- who were hit hard by the financial crisis -- have been left behind in the global recovery.\n\n\"The fruits of the economic recovery have not been evenly shared,\" the OECD said ...",
                "date": "2016-11-24",
                "id": "12817097",
                "isDuplicate": false,
                "lang": "eng",
                "sim": 0,
                "source": {
                    "id": "50",
                    "title": "CNN Money",
                    "uri": "money.cnn.com"
                },
                "time": "16:23:00",
                "title": "The rich are winning the global economic recovery",
                "uri": "553289263",
                "url": "http://money.cnn.com/2016/11/24/news/economy/inequality-economic-recovery/index.html",
                "wgt": 1
            },
            {
                "body": "That's according to the Organisation for Economic Co-operation and Development, which says in a new report that the poor -- who were hit hard by the financial crisis -- have been left behind in the global recovery.\n\n\"The fruits of the economic recovery have not been evenly shared,\" the OECD said ...",
                "date": "2016-11-24",
                "id": "12815630",
                "isDuplicate": false,
                "lang": "eng",
                "sim": 0.8588235378265381,
                "source": {
                    "id": "50",
                    "title": "CNN Money",
                    "uri": "money.cnn.com"
                },
                "time": "16:17:00",
                "title": "The rich are winning the global economic recovery",
                "uri": "553286880",
                "url": "http://money.cnn.com/2016/11/24/news/economy/inequality-economic-recovery/index.html",
                "wgt": 1
            },
            {
                "body": "America is receding from the global economic stage, opening the way for China to take a lead role and a supporting one for Russia.\n\nDonald Trump's decision to withdraw from the Trans-Pacific Partnership (TPP), a controversial trade deal, wasn't taken well by world leaders.\n\n\"The TPP without the ...",
                "date": "2016-11-24",
                "id": "12811944",
                "isDuplicate": true,
                "lang": "eng",
                "sim": 0,
                "source": {
                    "id": "50",
                    "title": "CNN Money",
                    "uri": "money.cnn.com"
                },
                "time": "15:59:00",
                "title": "TPP's death hurts America and helps China + Russia",
                "uri": "553278561",
                "url": "http://money.cnn.com/2016/11/23/news/economy/tpp-trump-america-china-russia/index.html",
                "wgt": 1
            },
            {
                "body": "In an interview with the New Statesman, the former British prime minister said the process could be halted.\n\n\"It can be stopped if the British people decide that, having seen what it means, the pain-gain cost-benefit analysis doesn't stack up,\" Blair told the magazine.\n\nThe former Labour Party boss ...",
                "date": "2016-11-24",
                "id": "12791986",
                "isDuplicate": false,
                "lang": "eng",
                "sim": 0,
                "source": {
                    "id": "50",
                    "title": "CNN Money",
                    "uri": "money.cnn.com"
                },
                "time": "14:24:00",
                "title": "Tony Blair says Brexit can be stopped",
                "uri": "553229228",
                "url": "http://money.cnn.com/2016/11/24/news/tony-blair-brexit/index.html",
                "wgt": 1
            },
            {
                "body": "In an interview with the New Statesman, the former British prime minister said the process could be halted.\n\n\"It can be stopped if the British people decide that, having seen what it means, the pain-gain cost-benefit analysis doesn't stack up,\" Blair told the magazine.\n\nThe former Labour Party boss ...",
                "date": "2016-11-24",
                "id": "12789908",
                "isDuplicate": false,
                "lang": "eng",
                "sim": 0,
                "source": {
                    "id": "50",
                    "title": "CNN Money",
                    "uri": "money.cnn.com"
                },
                "time": "14:14:00",
                "title": "Tony Blair says Brexit can be stopped",
                "uri": "553222942",
                "url": "http://money.cnn.com/2016/11/24/news/tony-blair-brexit/index.html",
                "wgt": 1
            },
            {
                "body": "India's chaotic move to replace most of its cash could slam the brakes on its red hot economy.\n\nThe country overtook China as the world's fastest growing major economy this year, but may fall behind again as the withdrawal of big rupee notes hurts business activity.\n\nAnalysts estimate India's shock ...",
                "date": "2016-11-24",
                "id": "12787073",
                "isDuplicate": false,
                "lang": "eng",
                "sim": 0,
                "source": {
                    "id": "50",
                    "title": "CNN Money",
                    "uri": "money.cnn.com"
                },
                "time": "14:01:00",
                "title": "India's cash crisis could kill its economic boom ",
                "uri": "553215380",
                "url": "http://money.cnn.com/2016/11/24/news/india/india-cash-ban-economy-growth/index.html",
                "wgt": 1
            },
            {
                "body": "India's chaotic move to replace most of its cash could slam the brakes on its red hot economy.\n\nThe country overtook China as the world's fastest growing major economy this year, but may fall behind again as the withdrawal of big rupee notes hurts business activity.\n\nAnalysts estimate India's shock ...",
                "date": "2016-11-24",
                "id": "12785711",
                "isDuplicate": false,
                "lang": "eng",
                "sim": 0.8588235378265381,
                "source": {
                    "id": "50",
                    "title": "CNN Money",
                    "uri": "money.cnn.com"
                },
                "time": "13:55:00",
                "title": "India's cash crisis could kill its economic boom ",
                "uri": "553212185",
                "url": "http://money.cnn.com/2016/11/24/news/india/india-cash-ban-economy-growth/index.html",
                "wgt": 1
            },
            {
                "body": "The English Premier League is awash with money, with its current TV deal reportedly worth nearly $11 billion. But which Premier League players are delivering the best bang for the buck for their clubs? Player ROI, or return on investment, compares players' game performance to their transfer cost and ...",
                "date": "2016-11-24",
                "id": "12783978",
                "isDuplicate": false,
                "lang": "eng",
                "sim": 0,
                "source": {
                    "id": "50",
                    "title": "CNN Money",
                    "uri": "money.cnn.com"
                },
                "time": "13:47:00",
                "title": "Player ROI - CNNMoney",
                "uri": "553205714",
                "url": "http://money.cnn.com/news/player-roi/premier-league-football/index.html",
                "wgt": 1
            },
            {
                "body": "Athos is hoping its workout wear can turn fitness training into a science.\n\nThe wearable tech company makes clothes with built-in sensors to track how different muscles are used during a workout. A Bluetooth-enabled device transmits data back to a smartphone app, allowing users to see which areas ...",
                "date": "2016-11-24",
                "id": "12776918",
                "isDuplicate": false,
                "lang": "eng",
                "sim": 0,
                "source": {
                    "id": "50",
                    "title": "CNN Money",
                    "uri": "money.cnn.com"
                },
                "time": "13:15:00",
                "title": "Athos wants its clothes to be your personal trainer",
                "uri": "553174239",
                "url": "http://money.cnn.com/2016/11/24/technology/athos-wearable-fitness-technology/index.html",
                "wgt": 1
            },
            {
                "body": "The controversial French satirical magazine will next week begin publishing a German edition.\n\nA spokeswoman for the magazine said an initial run of 200,000 copies will be printed in Germany. She noted that the French version of Charlie Hebdo is already popular in the country, which is home to a ...",
                "date": "2016-11-24",
                "id": "12776908",
                "isDuplicate": true,
                "lang": "eng",
                "sim": 0,
                "source": {
                    "id": "50",
                    "title": "CNN Money",
                    "uri": "money.cnn.com"
                },
                "time": "13:15:00",
                "title": "Charlie Hebdo to launch a German edition",
                "uri": "553192916",
                "url": "http://money.cnn.com/2016/11/24/media/charlie-hebdo-german-edition/index.html",
                "wgt": 1
            },
            {
                "body": "The controversial French satirical magazine will next week begin publishing a German edition.\n\nA spokeswoman for the magazine said an initial run of 200,000 copies will be printed in Germany. She noted that the French version of Charlie Hebdo is already popular in the country, which is home to a ...",
                "date": "2016-11-24",
                "id": "12769138",
                "isDuplicate": false,
                "lang": "eng",
                "sim": 0,
                "source": {
                    "id": "50",
                    "title": "CNN Money",
                    "uri": "money.cnn.com"
                },
                "time": "12:39:00",
                "title": "Charlie Hebdo to launch a German edition",
                "uri": "553174238",
                "url": "http://money.cnn.com/2016/11/24/media/charlie-hebdo-german-edition/index.html",
                "wgt": 1
            },
            {
                "body": "Athos is hoping its workout wear can turn fitness training into a science.\n\nThe wearable tech company makes clothes with built-in sensors to track how different muscles are used during a workout. A Bluetooth-enabled device transmits data back to a smartphone app, allowing users to see which areas ...",
                "date": "2016-11-24",
                "id": "12766137",
                "isDuplicate": false,
                "lang": "eng",
                "sim": 0,
                "source": {
                    "id": "50",
                    "title": "CNN Money",
                    "uri": "money.cnn.com"
                },
                "time": "12:25:00",
                "title": "Athos wants its clothes to be your personal trainer",
                "uri": "553165915",
                "url": "http://money.cnn.com/2016/11/24/technology/athos-wearable-fitness-technology/index.html",
                "wgt": 1
            },
            {
                "body": "The controversial French satirical magazine will next week begin publishing a German edition.\n\nA spokeswoman for the magazine said an initial run of 200,000 copies will be printed in Germany. She noted that the French version of Charlie Hebdo is already popular in the country, which is home to a ...",
                "date": "2016-11-24",
                "id": "12765645",
                "isDuplicate": false,
                "lang": "eng",
                "sim": 0,
                "source": {
                    "id": "50",
                    "title": "CNN Money",
                    "uri": "money.cnn.com"
                },
                "time": "12:23:00",
                "title": "Charlie Hebdo to launch a German edition",
                "uri": "553165913",
                "url": "http://money.cnn.com/2016/11/24/media/charlie-hebdo-german-edition/index.html",
                "wgt": 1
            },
            {
                "body": "Ask Microsoft's Chinese chatbot Xiaoice about Tibetan spiritual leader the Dalai Lama and that's how she responds. She also skirts around highly sensitive topics like the 1989 crackdown on Tiananmen Square protests, Chinese President Xi Jinping or even President-elect Donald Trump.\n\nXiaoice has ...",
                "date": "2016-11-24",
                "id": "12764664",
                "isDuplicate": false,
                "lang": "eng",
                "sim": 0,
                "source": {
                    "id": "50",
                    "title": "CNN Money",
                    "uri": "money.cnn.com"
                },
                "time": "12:17:00",
                "title": "Microsoft's Chinese chatbot won't talk about Tiananmen or Xi Jinping",
                "uri": "553149607",
                "url": "http://money.cnn.com/2016/11/24/technology/microsoft-chatbot-xiaoice-tiananmen-xi-jinping/index.html",
                "wgt": 1
            },
            {
                "body": "Ask Microsoft's Chinese chatbot Xiaoice about Tibetan spiritual leader the Dalai Lama and that's how she responds. She also skirts around highly sensitive topics like the 1989 crackdown on Tiananmen Square protests, Chinese President Xi Jinping or even President-elect Donald Trump.\n\nXiaoice has ...",
                "date": "2016-11-24",
                "id": "12757640",
                "isDuplicate": false,
                "lang": "eng",
                "sim": 0,
                "source": {
                    "id": "50",
                    "title": "CNN Money",
                    "uri": "money.cnn.com"
                },
                "time": "11:42:00",
                "title": "Microsoft's Chinese chatbot won't talk about Tiananmen or Xi Jinping",
                "uri": "553144586",
                "url": "http://money.cnn.com/2016/11/24/technology/microsoft-chatbot-xiaoice-tiananmen-xi-jinping/index.html",
                "wgt": 1
            },
            {
                "body": "China's biggest online travel agency is shelling out $1.4 billion to take control of one of the world's top search engines for flights and hotels.\n\nCtrip's deal to buy Skyscanner, a U.K.-based startup, is the latest big money move by a Chinese company into the global travel arena. The spending spree ...",
                "date": "2016-11-24",
                "id": "12732362",
                "isDuplicate": true,
                "lang": "eng",
                "sim": 0,
                "source": {
                    "id": "50",
                    "title": "CNN Money",
                    "uri": "money.cnn.com"
                },
                "time": "09:36:00",
                "title": "China's Ctrip looks abroad with $1.4 billion Skyscanner deal",
                "uri": "553083811",
                "url": "http://money.cnn.com/2016/11/24/technology/ctrip-china-skyscanner-online-travel/index.html",
                "wgt": 1
            },
            {
                "body": "Brothers Mike and Stan Zappa have made a killing this year on the unlikeliest of investments -- Hatchimals.\n\nHatchimals are pegged to be this year's most-wanted toy. They are little furry interactive creatures living inside a large hard-shelled egg. Their coolest feature is they self-hatch, breaking ...",
                "date": "2016-11-24",
                "id": "12732296",
                "isDuplicate": true,
                "lang": "eng",
                "sim": 0,
                "source": {
                    "id": "50",
                    "title": "CNN Money",
                    "uri": "money.cnn.com"
                },
                "time": "09:36:00",
                "title": "Hatchimals stockpile is surprise windfall for Arizona brothers",
                "uri": "553083813",
                "url": "http://money.cnn.com/2016/11/23/smallbusiness/hatchimals-ebay/index.html",
                "wgt": 1
            },
            {
                "body": "Donald Trump made clear Monday that he's focused on immigrant visa programs -- and immigration advocates and tech leaders are paying close attention.\n\nIn a short video address this week, Trump listed the issue as a priority for his first 100 days in office: He said he will \"direct the Department of ...",
                "date": "2016-11-24",
                "id": "12732280",
                "isDuplicate": false,
                "lang": "eng",
                "sim": 0,
                "source": {
                    "id": "50",
                    "title": "CNN Money",
                    "uri": "money.cnn.com"
                },
                "time": "09:35:00",
                "title": "Donald Trump's crackdown on 'visa abuse': Experts weigh in",
                "uri": "552830961",
                "url": "http://money.cnn.com/2016/11/23/technology/trump-immigration-reform/index.html",
                "wgt": 1
            },
            {
                "body": "China's biggest online travel agency is shelling out $1.4 billion to take control of one of the world's top search engines for flights and hotels.\n\nCtrip's deal to buy Skyscanner, a U.K.-based startup, is the latest big money move by a Chinese company into the global travel arena. The spending spree ...",
                "date": "2016-11-24",
                "id": "12730673",
                "isDuplicate": false,
                "lang": "eng",
                "sim": 0,
                "source": {
                    "id": "50",
                    "title": "CNN Money",
                    "uri": "money.cnn.com"
                },
                "time": "09:27:00",
                "title": "China's Ctrip looks abroad with $1.4 billion Skyscanner deal",
                "uri": "553070874",
                "url": "http://money.cnn.com/2016/11/24/technology/ctrip-china-skyscanner-online-travel/index.html",
                "wgt": 1
            },
            {
                "body": "China's biggest online travel agency is shelling out $1.4 billion to take control of one of the world's top search engines for flights and hotels.\n\nCtrip's deal to buy Skyscanner, a U.K.-based startup, is the latest big money move by a Chinese company into the global travel arena. The spending spree ...",
                "date": "2016-11-24",
                "id": "12726747",
                "isDuplicate": false,
                "lang": "eng",
                "sim": 0,
                "source": {
                    "id": "50",
                    "title": "CNN Money",
                    "uri": "money.cnn.com"
                },
                "time": "09:05:00",
                "title": "China's Ctrip looks abroad with $1.4 billion Skyscanner deal",
                "uri": "553067076",
                "url": "http://money.cnn.com/2016/11/24/technology/ctrip-china-skyscanner-online-travel/index.html",
                "wgt": 1
            },
            {
                "body": "Brothers Mike and Stan Zappa have made a killing this year on the unlikeliest of investments -- Hatchimals.\n\nHatchimals are pegged to be this year's most-wanted toy. They are little furry interactive creatures living inside a large hard-shelled egg. Their coolest feature is they self-hatch, breaking ...",
                "date": "2016-11-24",
                "id": "12705068",
                "isDuplicate": false,
                "lang": "eng",
                "sim": 0,
                "source": {
                    "id": "50",
                    "title": "CNN Money",
                    "uri": "money.cnn.com"
                },
                "time": "06:53:00",
                "title": "Hatchimals stockpile is surprise windfall for Arizona brothers",
                "uri": "552719035",
                "url": "http://money.cnn.com/2016/11/23/smallbusiness/hatchimals-ebay/index.html",
                "wgt": 1
            },
            {
                "body": "A long-haired princess, a video game villain, an ice queen, a pillowy robot, cosmopolitan critters, and now a demi-god.\n\nThat's the trajectory of the current Disney Animation renaissance, which is likely to add another success to a string of them this weekend with \"Moana.\"\n\nA musical that stars ...",
                "date": "2016-11-24",
                "id": "12669217",
                "isDuplicate": true,
                "lang": "eng",
                "sim": 0,
                "source": {
                    "id": "50",
                    "title": "CNN Money",
                    "uri": "money.cnn.com"
                },
                "time": "01:38:00",
                "title": "'Moana' set to continue Disney Animation's rebirth at the box office",
                "uri": "552905594",
                "url": "http://money.cnn.com/2016/11/23/media/moana-disney-box-office-projection/index.html",
                "wgt": 1
            },
            {
                "body": "A long-haired princess, a video game villain, an ice queen, a pillowy robot, cosmopolitan critters, and now a demi-god.\n\nThat's the trajectory of the current Disney Animation renaissance, which is likely to add another success to a string of them this weekend with \"Moana.\"\n\nA musical that stars ...",
                "date": "2016-11-24",
                "id": "12668722",
                "isDuplicate": false,
                "lang": "eng",
                "sim": 0,
                "source": {
                    "id": "50",
                    "title": "CNN Money",
                    "uri": "money.cnn.com"
                },
                "time": "01:33:00",
                "title": "'Moana' set to continue Disney Animation's rebirth at the box office",
                "uri": "552774301",
                "url": "http://money.cnn.com/2016/11/23/media/moana-disney-box-office-projection/index.html",
                "wgt": 1
            },
            {
                "body": "The good news: for the first time since the recession, the number of people across the nation who are struggling to put food on the table has decreased. In fact, the number of \"food insecure\" (those unsure they will be able to afford three meals each day) fell by 6 million Americans last year to the ...",
                "date": "2016-11-24",
                "id": "12668333",
                "isDuplicate": true,
                "lang": "eng",
                "sim": 0,
                "source": {
                    "id": "50",
                    "title": "CNN Money",
                    "uri": "money.cnn.com"
                },
                "time": "01:29:00",
                "title": "New York's food pantries under strain and need help",
                "uri": "552903096",
                "url": "http://money.cnn.com/2016/11/23/news/economy/feeding-hungry-thanksgiving/index.html",
                "wgt": 1
            }
        ],
        "totalResults": 27
    }
}