{
    "articles": {
        "count": 55,
        "page": 1,
        "pages": 1,
        "results": [
            {
                "body": "Story highlightsCastro once said Mao's great mistakes was building a cult of personality and abusing his powerCastro's unwillingness to implement economic reforms is a lesson for China, says expert\n\n(CNN)When Cuban revolutionary leader Fidel Castro's death was announced on Saturday, China's ...",
                "date": "2016-11-26",
                "id": "13251170",
                "isDuplicate": false,
                "lang": "eng",
                "sim": 0.3921568691730499,
                "source": {
                    "id": "1256",
                    "title": "CNN International",
                    "uri": "edition.cnn.com"
                },
                "time": "22:44:00",
                "title": "Castro's Cuba and Mao's China: Communist regimes that never saw eye to eye",
                "uri": "554423349",
                "url": "http://www.cnn.com/2016/11/26/asia/castro-mao-cuba-china/index.html",
                "wgt": 1
            },
            {
                "body": "Story highlightsHundreds dance, sing, chant and wave flags into the night in Miami's Little HavanaOne reveler says he is not celebrating a death, but the beginning of liberty for Cubans\n\nMiami (CNN)News of Fidel Castro's death was quick to reach Miami, the center of the Cuban exile community, where ...",
                "date": "2016-11-26",
                "id": "13297803",
                "isDuplicate": false,
                "lang": "eng",
                "sim": 0.545098066329956,
                "source": {
                    "id": "1256",
                    "title": "CNN International",
                    "uri": "edition.cnn.com"
                },
                "time": "22:18:00",
                "title": "Crowds cheer Castro's death in Little Havana",
                "uri": "554335600",
                "url": "http://www.cnn.com/2016/11/26/us/miami-fidel-castro-death-reaction/index.html",
                "wgt": 1
            },
            {
                "body": "Story highlightsJulian Zelizer: Trump could abuse his presidential powerThe media, Congress and the courts need to play roles in not letting that happen, he writes\n\nJulian Zelizer is a professor of history and public affairs at Princeton University and a New America fellow. He is the author of ...",
                "date": "2016-11-26",
                "id": "13236981",
                "isDuplicate": false,
                "lang": "eng",
                "sim": 0,
                "source": {
                    "id": "1256",
                    "title": "CNN International",
                    "uri": "edition.cnn.com"
                },
                "time": "22:12:00",
                "title": "What happens if President Trump abuses power?",
                "uri": "554420518",
                "url": "http://www.cnn.com/2016/11/26/opinions/checking-and-balancing-president-trump-zelizer/index.html",
                "wgt": 1
            },
            {
                "body": "Story highlightsDean Obeidallah: Trump loyalists upset Mitt Romney being considered as secretary of state Some want Romney to apologize first for criticizing Trump in campaign, he says\n\nDean Obeidallah, a former attorney, is the host of SiriusXM's radio's daily program \"The Dean Obeidallah Show\" and ...",
                "date": "2016-11-26",
                "id": "13236969",
                "isDuplicate": false,
                "lang": "eng",
                "sim": 0,
                "source": {
                    "id": "1256",
                    "title": "CNN International",
                    "uri": "edition.cnn.com"
                },
                "time": "22:12:00",
                "title": "Trump should be the one apologizing, not Mitt Romney",
                "uri": "554395618",
                "url": "http://www.cnn.com/2016/11/26/opinions/trump-should-apologize-not-romney-obeidallah/index.html",
                "wgt": 1
            },
            {
                "body": "Story highlightsJohn McTernan: Leaders on the left are mourning Fidel Castro's death The dictator should be a source of shame for them, he writes\n\nJohn McTernan is a former speech writer for former British Prime Minister Tony Blair and ex-communications director to former Australian Prime Minister ...",
                "date": "2016-11-26",
                "id": "13236336",
                "isDuplicate": false,
                "lang": "eng",
                "sim": 0,
                "source": {
                    "id": "1256",
                    "title": "CNN International",
                    "uri": "edition.cnn.com"
                },
                "time": "22:05:00",
                "title": "Socialism should die with Castro ",
                "uri": "554415071",
                "url": "http://www.cnn.com/2016/11/26/opinions/socialism-should-die-with-castro-mcternan/index.html",
                "wgt": 1
            },
            {
                "body": "Chat with us in Facebook Messenger. Find out what's happening in the world as it unfolds.\n\nStory highlightsPolice detain 23 people on suspicion of arsonNetanyahu thanks Abbas for assistance\n\n(CNN)Police have detained 23 people on suspicion of arson in connection with wildfires that swept across ...",
                "date": "2016-11-26",
                "id": "13235650",
                "isDuplicate": false,
                "lang": "eng",
                "sim": 0,
                "source": {
                    "id": "1256",
                    "title": "CNN International",
                    "uri": "edition.cnn.com"
                },
                "time": "21:55:00",
                "title": "Israeli police detain 23 in string of wildfires",
                "uri": "554405746",
                "url": "http://www.cnn.com/2016/11/26/middleeast/israel-wildfires/index.html",
                "wgt": 1
            },
            {
                "body": "Chat with us in Facebook Messenger. Find out what's happening in the world as it unfolds.\n\nStory highlightsTrump charged Green Party nominee Jill Stein is attempting to 'fill her coffers'\"The people have spoken,\" Trump said and declared that the election is over\n\nWashington (CNN)President-elect ...",
                "date": "2016-11-26",
                "id": "13235298",
                "isDuplicate": false,
                "lang": "eng",
                "sim": 0.6941176652908325,
                "source": {
                    "id": "1256",
                    "title": "CNN International",
                    "uri": "edition.cnn.com"
                },
                "time": "21:51:00",
                "title": "Donald Trump blasts recount as 'ridiculous' and 'a scam'",
                "uri": "554415915",
                "url": "http://www.cnn.com/2016/11/26/politics/donald-trump-jill-stein-recount/index.html",
                "wgt": 1
            },
            {
                "body": "Chat with us in Facebook Messenger. Find out what's happening in the world as it unfolds.\n\nStory highlightsTrump charged Green Party nominee Jill Stein is attempting to 'fill her coffers'\"The people have spoken,\" Trump said and declared that the election is over\n\nWashington (CNN)President-elect ...",
                "date": "2016-11-26",
                "id": "13233971",
                "isDuplicate": false,
                "lang": "eng",
                "sim": 0.6784313917160034,
                "source": {
                    "id": "1256",
                    "title": "CNN International",
                    "uri": "edition.cnn.com"
                },
                "time": "21:35:00",
                "title": "Donald Trump blasts recount as 'ridiculous' and 'a scam'",
                "uri": "554409099",
                "url": "http://www.cnn.com/2016/11/26/politics/donald-trump-jill-stein-recount/index.html",
                "wgt": 1
            },
            {
                "body": "Chat with us in Facebook Messenger. Find out what's happening in the world as it unfolds.\n\nStory highlightsChelsea tops EPL after 2-1 win over SpursPhilippe Coutinho injured in Liverpool winMan City beats Burnley to keep paceReal Madrid extends lead in La Liga\n\n(CNN)Chelsea ended Tottenham Hotspur's ...",
                "date": "2016-11-26",
                "id": "13233841",
                "isDuplicate": true,
                "lang": "eng",
                "sim": 0,
                "source": {
                    "id": "1256",
                    "title": "CNN International",
                    "uri": "edition.cnn.com"
                },
                "time": "21:33:00",
                "title": "Pedro wonder strike inspires Chelsea win",
                "uri": "554411440",
                "url": "http://edition.cnn.com/2016/11/26/football/epl-chelsea-coutinho-real-madrid/index.html",
                "wgt": 1
            },
            {
                "body": "Chat with us in Facebook Messenger. Find out what's happening in the world as it unfolds.\n\nStory highlightsChelsea tops EPL after 2-1 win over SpursPhilippe Coutinho injured in Liverpool winMan City beats Burnley to keep paceReal Madrid extends lead in La Liga\n\n(CNN)Chelsea ended Tottenham Hotspur's ...",
                "date": "2016-11-26",
                "id": "13232324",
                "isDuplicate": false,
                "lang": "eng",
                "sim": 0,
                "source": {
                    "id": "1256",
                    "title": "CNN International",
                    "uri": "edition.cnn.com"
                },
                "time": "21:16:00",
                "title": "Pedro wonder strike inspires Chelsea win",
                "uri": "554405767",
                "url": "http://edition.cnn.com/2016/11/26/football/epl-chelsea-coutinho-real-madrid/index.html",
                "wgt": 1
            },
            {
                "body": "Chat with us in Facebook Messenger. Find out what's happening in the world as it unfolds.\n\nStory highlightsAt Fidel Castro's hometown, his relatives mournAfter so many rumors about his health, \"this came as a surprise,\" his half-brother says\n\n(CNN)In the town of B\u00edran, near far eastern tip of Cuba, ...",
                "date": "2016-11-26",
                "id": "13230425",
                "isDuplicate": false,
                "lang": "eng",
                "sim": 0.5372549295425415,
                "source": {
                    "id": "1256",
                    "title": "CNN International",
                    "uri": "edition.cnn.com"
                },
                "time": "20:54:00",
                "title": "Castro's death takes time to absorb in hometown",
                "uri": "554400588",
                "url": "http://www.cnn.com/2016/11/26/americas/cuba-castro-relatives/index.html",
                "wgt": 1
            },
            {
                "body": "Story highlightsLouis Perez: In death, Castro passes into status of historical subject impossible to discuss dispassionately for years to comeHe says Castro defied America; even with his death Cuba not likely to bend to demands of US with incoming Trump administration\n\nLouis A. Perez Jr. is the J. ...",
                "date": "2016-11-26",
                "id": "13228586",
                "isDuplicate": false,
                "lang": "eng",
                "sim": 0.5529412031173706,
                "source": {
                    "id": "1256",
                    "title": "CNN International",
                    "uri": "edition.cnn.com"
                },
                "time": "20:34:00",
                "title": "The man Americans loved to hate",
                "uri": "554395619",
                "url": "http://www.cnn.com/2016/11/26/opinions/cuba-after-castro-perez/index.html",
                "wgt": 1
            },
            {
                "body": "(CNN)Here's a look at the life of Raul Castro, President of Cuba.\n\nPersonal:\n\nBirth date: June 3, 1931Birth place: Biran, CubaBirth name: Raul Modesto Castro RuzFather: Angel Castro, a wealthy Spanish landownerRead MoreMother: Lina Ruz, a cook and maid to Angel Castro's first wifeMarriage: Vilma ...",
                "date": "2016-11-26",
                "id": "13223642",
                "isDuplicate": false,
                "lang": "eng",
                "sim": 0.7019608020782471,
                "source": {
                    "id": "1256",
                    "title": "CNN International",
                    "uri": "edition.cnn.com"
                },
                "time": "19:42:00",
                "title": "Raul Castro Fast Facts",
                "uri": "554379601",
                "url": "http://www.cnn.com/2012/12/13/world/americas/raul-castro---fast-facts/index.html",
                "wgt": 1
            },
            {
                "body": "Chat with us in Facebook Messenger. Find out what's happening in the world as it unfolds.\n\nStory highlightsThe late Fidel Castro long influenced American presidential politicsBoth Democratic and Republican administrations\n\n(CNN)Fidel Castro visited the United States only a handful of times. But the ...",
                "date": "2016-11-26",
                "id": "13219720",
                "isDuplicate": true,
                "lang": "eng",
                "sim": 0,
                "source": {
                    "id": "1256",
                    "title": "CNN International",
                    "uri": "edition.cnn.com"
                },
                "time": "19:03:00",
                "title": "Fidel Castro bedeviled US presidents for decades",
                "uri": "554370732",
                "url": "http://www.cnn.com/2016/11/26/politics/fidel-castro-us-presidential-politics/index.html",
                "wgt": 1
            },
            {
                "body": "(CNN)The Secret Service has new code names for GOP presidential nominee Donald Trump and Indiana Gov. Mike Pence: Mogul and Hoosier.\n\nNearing the White House means you get a Secret Service detail, and that means the elite security agents need to have a new name buzzing into their ears.The codenames ...",
                "date": "2016-11-26",
                "id": "13219440",
                "isDuplicate": false,
                "lang": "eng",
                "sim": 0,
                "source": {
                    "id": "1256",
                    "title": "CNN International",
                    "uri": "edition.cnn.com"
                },
                "time": "19:00:00",
                "title": "Here are the Secret Service codenames for Trump, Pence",
                "uri": "554100864",
                "url": "http://www.cnn.com/2016/07/27/politics/donald-trump-mike-pence-secret-service-codenames/index.html",
                "wgt": 1
            },
            {
                "body": "Chat with us in Facebook Messenger. Find out what's happening in the world as it unfolds.\n\nStory highlightsThe late Fidel Castro long influenced American presidential politicsBoth Democratic and Republican administrations\n\n(CNN)Fidel Castro visited the United States only a handful of times. But the ...",
                "date": "2016-11-26",
                "id": "13216406",
                "isDuplicate": false,
                "lang": "eng",
                "sim": 0,
                "source": {
                    "id": "1256",
                    "title": "CNN International",
                    "uri": "edition.cnn.com"
                },
                "time": "18:32:00",
                "title": "Fidel Castro bedeviled US presidents for decades",
                "uri": "554359150",
                "url": "http://www.cnn.com/2016/11/26/politics/fidel-castro-us-presidential-politics/index.html",
                "wgt": 1
            },
            {
                "body": "Story highlightsCristina Garcia: There was huge enthusiasm for the revolution in 1959, then realpolitik reality set inShe says over decades of repression, Cubans suffered cost of his revolutionary experiment\n\nCristina Garc\u00eda is the author of seven novels, including \"Dreaming in Cuban,\" \"The Ag\u00fcero ...",
                "date": "2016-11-26",
                "id": "13215248",
                "isDuplicate": false,
                "lang": "eng",
                "sim": 0.4039215743541718,
                "source": {
                    "id": "1256",
                    "title": "CNN International",
                    "uri": "edition.cnn.com"
                },
                "time": "18:22:00",
                "title": "Fidel, the promise and the betrayal",
                "uri": "554349223",
                "url": "http://www.cnn.com/2016/11/26/opinions/fidel-castro-promise-and-betrayal-garcia/index.html",
                "wgt": 1
            },
            {
                "body": "Chat with us in Facebook Messenger. Find out what's happening in the world as it unfolds.\n\nStory highlightsCroatia leads Davis Cup final 2-1Wins Saturday's doubles rubberArgentina seeking first titleDiego Maradona at final in Zagreb\n\n(CNN)Argentina's hopes of winning the Davis Cup for the first time ...",
                "date": "2016-11-26",
                "id": "13215242",
                "isDuplicate": false,
                "lang": "eng",
                "sim": 0.7960784435272217,
                "source": {
                    "id": "1256",
                    "title": "CNN International",
                    "uri": "edition.cnn.com"
                },
                "time": "18:22:00",
                "title": "Maradona's Argentina trails in Davis Cup ",
                "uri": "554352289",
                "url": "http://edition.cnn.com/2016/11/26/tennis/tennis-davis-cup-final-argentina-doubles/index.html",
                "wgt": 1
            },
            {
                "body": "Chat with us in Facebook Messenger. Find out what's happening in the world as it unfolds.\n\nStory highlightsThe late Fidel Castro long influenced American presidential politicsBoth Democratic and Republican administrations\n\n(CNN)Fidel Castro visited the United States only a handful of times. But the ...",
                "date": "2016-11-26",
                "id": "13213268",
                "isDuplicate": false,
                "lang": "eng",
                "sim": 0.4588235318660736,
                "source": {
                    "id": "1256",
                    "title": "CNN International",
                    "uri": "edition.cnn.com"
                },
                "time": "18:05:00",
                "title": "Fidel Castro bedeviled US presidents for decades",
                "uri": "554349224",
                "url": "http://www.cnn.com/2016/11/26/politics/fidel-castro-us-presidential-politics/index.html",
                "wgt": 1
            },
            {
                "body": "Story highlightsEric L. Olson: Fidel Castro was symbol of East-West struggle during Cold WarLet's hope Castro's death and Donald Trump's election don't lead to a return to past, he says\n\nEric L. Olson is the associate director of the Latin American Program at the Woodrow Wilson Center. The views ...",
                "date": "2016-11-26",
                "id": "13213199",
                "isDuplicate": false,
                "lang": "eng",
                "sim": 0.5568627715110779,
                "source": {
                    "id": "1256",
                    "title": "CNN International",
                    "uri": "edition.cnn.com"
                },
                "time": "18:04:00",
                "title": "What Castro's death means for US-Cuba ties",
                "uri": "554352288",
                "url": "http://www.cnn.com/2016/11/26/opinions/what-castro-death-means-for-us-cuba-ties/index.html",
                "wgt": 1
            },
            {
                "body": "Story highlightsCruz: Castro's death cannot bring back his thousands of victimsRoyce: No one should rule anywhere near as long as Fidel Castro did\n\nWashington (CNN)American lawmakers -- including those with Cuban ties -- reacted strongly Saturday to Fidel Castro's death.\n\nTexas Sen. Ted Cruz, whose ...",
                "date": "2016-11-26",
                "id": "13211592",
                "isDuplicate": false,
                "lang": "eng",
                "sim": 0.6313725709915161,
                "source": {
                    "id": "1256",
                    "title": "CNN International",
                    "uri": "edition.cnn.com"
                },
                "time": "17:49:00",
                "title": "No tears: US pols react to Fidel Castro's death",
                "uri": "554347857",
                "url": "http://www.cnn.com/2016/11/26/politics/us-lawmakers-politicians-castro-death/index.html",
                "wgt": 1
            },
            {
                "body": "Story highlightsThis is the most detailed Clinton campaign responseNo evidence of hacking has been found, the campaign said\n\nWashington (CNN)Hillary Clinton's campaign said Saturday it will take part in efforts to push for recounts in several key states, joining with Green Party candidate Jill ...",
                "date": "2016-11-26",
                "id": "13208397",
                "isDuplicate": false,
                "lang": "eng",
                "sim": 0.5607843399047852,
                "source": {
                    "id": "1256",
                    "title": "CNN International",
                    "uri": "edition.cnn.com"
                },
                "time": "17:21:00",
                "title": "Clinton campaign: We are taking part in the recount",
                "uri": "554330873",
                "url": "http://www.cnn.com/2016/11/26/politics/clinton-campaign-recount/index.html",
                "wgt": 1
            },
            {
                "body": "Chat with us in Facebook Messenger. Find out what's happening in the world as it unfolds.\n\n(CNN)Here's a look at the life of former Cuban leader Fidel Castro.\n\nPersonal:\n\nBirth date: August 13, 1926 Death date: November 26, 2016Birth place: Biran, CubaBirth name: Fidel Alejandro Castro RuzRead ...",
                "date": "2016-11-26",
                "id": "13208082",
                "isDuplicate": false,
                "lang": "eng",
                "sim": 0.7372549176216125,
                "source": {
                    "id": "1256",
                    "title": "CNN International",
                    "uri": "edition.cnn.com"
                },
                "time": "17:18:00",
                "title": "Fidel Castro Fast Facts",
                "uri": "554336522",
                "url": "http://www.cnn.com/2012/12/04/world/americas/fidel-castro---fast-facts/index.html",
                "wgt": 1
            },
            {
                "body": "Story highlightsArmy Corps of Engineers gives protesters December 5 deadline to moveTribal leader: \"Our resolve to protect our water is stronger than ever\"\n\n(CNN)A new confrontation is brewing over the Dakota Access Pipeline.\n\nProtesters fighting pipeline construction must vacate property near the ...",
                "date": "2016-11-26",
                "id": "13207711",
                "isDuplicate": false,
                "lang": "eng",
                "sim": 0,
                "source": {
                    "id": "1256",
                    "title": "CNN International",
                    "uri": "edition.cnn.com"
                },
                "time": "17:15:00",
                "title": "Dakota Pipeline: Army Corps orders protesters out",
                "uri": "554106553",
                "url": "http://www.cnn.com/2016/11/25/us/dakota-pipeline-access-army-corps/index.html",
                "wgt": 1
            },
            {
                "body": "(CNN)Someone said \"gun!\" while we were shooting a scene in a crowded cafe in Minas Gerais, Brazil, and the next thing I knew my director, Mo Fallon, had dropped his camera, dragged me to the floor and covered me with his body.\n\nA split second later, assistant cameraman Josh Flannigan piled on. Mo ...",
                "date": "2016-11-26",
                "id": "13207402",
                "isDuplicate": false,
                "lang": "eng",
                "sim": 0,
                "source": {
                    "id": "1256",
                    "title": "CNN International",
                    "uri": "edition.cnn.com"
                },
                "time": "17:13:00",
                "title": "Where Brazil's best cooks come from",
                "uri": "553975809",
                "url": "http://www.cnn.com/2016/11/25/travel/bourdain-parts-unknown-minas-gerais-essay/index.html",
                "wgt": 1
            },
            {
                "body": "Chat with us in Facebook Messenger. Find out what's happening in the world as it unfolds.\n\n(CNN)Every year, an estimated 2 million couples in the US vow to stick together \"for better or for worse.\"\n\nBut what happens when the \"worse\" part of marriage unexpectedly includes one person serving a lengthy ...",
                "date": "2016-11-26",
                "id": "13207429",
                "isDuplicate": true,
                "lang": "eng",
                "sim": 0,
                "source": {
                    "id": "1256",
                    "title": "CNN International",
                    "uri": "edition.cnn.com"
                },
                "time": "17:13:00",
                "title": "Married to an inmate: the ultimate test of commitment",
                "uri": "554334943",
                "url": "http://www.cnn.com/2016/11/24/us/marriage-prison-love-lisa-ling/index.html",
                "wgt": 1
            },
            {
                "body": "Chat with us in Facebook Messenger. Find out what's happening in the world as it unfolds.\n\nStory highlightsPresident-elect Trump has threatened to undo Obama's efforts to bring the US and Cuba closer togetherObama struck a deal to reopen diplomatic relations with Cuba\n\n(CNN)Cuba's longtime ...",
                "date": "2016-11-26",
                "id": "13205301",
                "isDuplicate": false,
                "lang": "eng",
                "sim": 0,
                "source": {
                    "id": "1256",
                    "title": "CNN International",
                    "uri": "edition.cnn.com"
                },
                "time": "16:55:00",
                "title": "What now for US-Cuba relations?",
                "uri": "554258264",
                "url": "http://www.cnn.com/2016/11/26/politics/fidel-castro-trump/index.html",
                "wgt": 1
            },
            {
                "body": "Chat with us in Facebook Messenger. Find out what's happening in the world as it unfolds.\n\n(CNN)President Barack Obama reacted to the death of Fidel Castro in a statement released by the White House Saturday morning, offering condolences to his family and extending a hand of friendship to the Cuban ...",
                "date": "2016-11-26",
                "id": "13203979",
                "isDuplicate": false,
                "lang": "eng",
                "sim": 0.5843137502670288,
                "source": {
                    "id": "1256",
                    "title": "CNN International",
                    "uri": "edition.cnn.com"
                },
                "time": "16:44:00",
                "title": "Obama: My prayers are with the Cuban people",
                "uri": "554325660",
                "url": "http://www.cnn.com/2016/11/26/politics/president-obama-fidel-castro-death/index.html",
                "wgt": 1
            },
            {
                "body": "Chat with us in Facebook Messenger. Find out what's happening in the world as it unfolds.\n\nStory highlightsFidel Castro was a throwback to a bygone era, writes Nic RobertsonRelations between US and Cuba improvingRaul Castro has said he will step down in 2018\n\n(CNN)Fidel Castro's death is the end of ...",
                "date": "2016-11-26",
                "id": "13203982",
                "isDuplicate": false,
                "lang": "eng",
                "sim": 0,
                "source": {
                    "id": "1256",
                    "title": "CNN International",
                    "uri": "edition.cnn.com"
                },
                "time": "16:44:00",
                "title": "After Fidel Castro's death, can Cuba finally move on?",
                "uri": "554318557",
                "url": "http://www.cnn.com/2016/11/26/americas/fidel-castro-cuba-future/index.html",
                "wgt": 1
            },
            {
                "body": "Story highlightsThe controversial revolutionary leader died FridayFidel Castro was 90 years old\n\nWashington (CNN)President-elect Donald Trump initially took to Twitter on Saturday to react in only four words to Fidel Castro's death, before issuing a longer statement condemning the \"brutal dictator\" ...",
                "date": "2016-11-26",
                "id": "13201334",
                "isDuplicate": false,
                "lang": "eng",
                "sim": 0,
                "source": {
                    "id": "1256",
                    "title": "CNN International",
                    "uri": "edition.cnn.com"
                },
                "time": "16:22:00",
                "title": "Donald Trump: Fidel Castro is dead!",
                "uri": "554293454",
                "url": "http://www.cnn.com/2016/11/26/politics/trump-reacts-to-castro-death/index.html",
                "wgt": 1
            },
            {
                "body": "Chat with us in Facebook Messenger. Find out what's happening in the world as it unfolds.\n\nStory highlightsFidel Castro was a throwback to a bygone era, writes Nic RobertsonRelations between US and Cuba improvingRaul Castro has said he will step down in 2018\n\n(CNN)Fidel Castro's death is the end of ...",
                "date": "2016-11-26",
                "id": "13200114",
                "isDuplicate": false,
                "lang": "eng",
                "sim": 0.5137255191802979,
                "source": {
                    "id": "1256",
                    "title": "CNN International",
                    "uri": "edition.cnn.com"
                },
                "time": "16:10:00",
                "title": "After Fidel Castro's death, can Cuba finally move on?",
                "uri": "554306143",
                "url": "http://www.cnn.com/2016/11/26/americas/fidel-castro-cuba-future/index.html",
                "wgt": 1
            },
            {
                "body": "Chat with us in Facebook Messenger. Find out what's happening in the world as it unfolds.\n\n(CNN)President Barack Obama reacted to the death of Fidel Castro in a statement released by the White House Saturday morning, offering condolences to his family and extending a hand of friendship to the Cuban ...",
                "date": "2016-11-26",
                "id": "13198359",
                "isDuplicate": false,
                "lang": "eng",
                "sim": 0.4705882370471954,
                "source": {
                    "id": "1256",
                    "title": "CNN International",
                    "uri": "edition.cnn.com"
                },
                "time": "15:55:00",
                "title": "Obama: My prayers are with the Cuban people",
                "uri": "554303454",
                "url": "http://www.cnn.com/2016/11/26/politics/president-obama-fidel-castro-death/index.html",
                "wgt": 1
            },
            {
                "body": "Chat with us in Facebook Messenger. Find out what's happening in the world as it unfolds.\n\nStory highlightsDiscovery off British Columbia prompted fears device was inactive nuclear bomb from '50sRoyal Canadian Navy: Object \"appears to be a piece of industrial equipment\"\n\n(CNN)People living near ...",
                "date": "2016-11-26",
                "id": "13198137",
                "isDuplicate": false,
                "lang": "eng",
                "sim": 0,
                "source": {
                    "id": "1256",
                    "title": "CNN International",
                    "uri": "edition.cnn.com"
                },
                "time": "15:53:00",
                "title": "Officials say object is not a lost bomb",
                "uri": "554309150",
                "url": "http://www.cnn.com/2016/11/26/americas/canada-lost-bomb-update/index.html",
                "wgt": 1
            },
            {
                "body": "Story highlightsCruz: Castro's death cannot bring back his thousands of victimsRoyce: No one should rule anywhere near as long as Fidel Castro did\n\nWashington (CNN)American lawmakers -- especially those with Cuban ties -- reacted strongly Saturday to Fidel Castro's death.\n\nTexas Sen. Ted Cruz, whose ...",
                "date": "2016-11-26",
                "id": "13193898",
                "isDuplicate": false,
                "lang": "eng",
                "sim": 0.5254902243614197,
                "source": {
                    "id": "1256",
                    "title": "CNN International",
                    "uri": "edition.cnn.com"
                },
                "time": "15:16:00",
                "title": "No tears: US pols react to Fidel Castro's death",
                "uri": "554287893",
                "url": "http://www.cnn.com/2016/11/26/politics/us-lawmakers-politicians-castro-death/index.html",
                "wgt": 1
            },
            {
                "body": "Story highlightsHundreds dance, sing, chant and wave flags into the night in Miami's Little HavanaOne reveler says he is not celebrating a death, but the beginning of liberty for Cubans\n\nMiami (CNN)News of Fidel Castro's death was quick to reach Miami, the center of the Cuban exile community, where ...",
                "date": "2016-11-26",
                "id": "13193458",
                "isDuplicate": false,
                "lang": "eng",
                "sim": 0,
                "source": {
                    "id": "1256",
                    "title": "CNN International",
                    "uri": "edition.cnn.com"
                },
                "time": "15:12:00",
                "title": "Crowds cheer Castro's death in Little Havana",
                "uri": "554270983",
                "url": "http://www.cnn.com/2016/11/26/us/miami-fidel-castro-death-reaction/index.html",
                "wgt": 1
            },
            {
                "body": "Chat with us in Facebook Messenger. Find out what's happening in the world as it unfolds.\n\nStory highlightsLewis Hamilton on pole for Abu Dhabi GPNico Rosberg seconds fastestHamilton trails Rosberg by 12 points\n\n(CNN)Lewis Hamilton produced a stunning lap of the Yas Marina circuit to claim pole ...",
                "date": "2016-11-26",
                "id": "13192058",
                "isDuplicate": true,
                "lang": "eng",
                "sim": 0,
                "source": {
                    "id": "1256",
                    "title": "CNN International",
                    "uri": "edition.cnn.com"
                },
                "time": "15:01:00",
                "title": "First blood to Hamilton in F1 title decider",
                "uri": "554293456",
                "url": "http://edition.cnn.com/2016/11/26/motorsport/abu-dhabi-hamilton-pole-rosberg/index.html",
                "wgt": 1
            },
            {
                "body": "Chat with us in Facebook Messenger. Find out what's happening in the world as it unfolds.\n\nStory highlightsLewis Hamilton on pole for Abu Dhabi GPNico Rosberg seconds fastestHamilton trails Rosberg by 12 points\n\n(CNN)Lewis Hamilton produced a stunning lap of the Yas Marina circuit to claim pole ...",
                "date": "2016-11-26",
                "id": "13191244",
                "isDuplicate": false,
                "lang": "eng",
                "sim": 0.6352941393852234,
                "source": {
                    "id": "1256",
                    "title": "CNN International",
                    "uri": "edition.cnn.com"
                },
                "time": "14:53:00",
                "title": "First blood to Hamilton in F1 title decider",
                "uri": "554287894",
                "url": "http://edition.cnn.com/2016/11/26/motorsport/abu-dhabi-hamilton-pole-rosberg/index.html",
                "wgt": 1
            },
            {
                "body": "Story highlightsThe controversial revolutionary leader died FridayFidel Castro was 90 years old\n\n(CNN)President-elect Donald Trump reacted Saturday to the death of controversial Cuban leader Fidel Castro in a four word tweet.\n\n\"Fidel Castro is dead!\" Trump tweeted on the news of the 90-year-old's ...",
                "date": "2016-11-26",
                "id": "13186427",
                "isDuplicate": false,
                "lang": "eng",
                "sim": 0.5411764979362488,
                "source": {
                    "id": "1256",
                    "title": "CNN International",
                    "uri": "edition.cnn.com"
                },
                "time": "14:13:00",
                "title": "Donald Trump: Fidel Castro is dead!",
                "uri": "554268756",
                "url": "http://www.cnn.com/2016/11/26/politics/trump-reacts-to-castro-death/index.html",
                "wgt": 1
            },
            {
                "body": "Chat with us in Facebook Messenger. Find out what's happening in the world as it unfolds.\n\nStory highlightsProtest organizers call for 2 million South Koreans to hit the streetsMany in South Korea have called for resignation of its unpopular president after scandal\n\n(CNN)Approval ratings for South ...",
                "date": "2016-11-26",
                "id": "13183361",
                "isDuplicate": false,
                "lang": "eng",
                "sim": 0,
                "source": {
                    "id": "1256",
                    "title": "CNN International",
                    "uri": "edition.cnn.com"
                },
                "time": "13:50:00",
                "title": "South Korean protesters demand President Park's resignation",
                "uri": "554269521",
                "url": "http://www.cnn.com/2016/11/26/asia/south-korea-mass-protests/index.html",
                "wgt": 1
            },
            {
                "body": "Chat with us in Facebook Messenger. Find out what's happening in the world as it unfolds.\n\nStory highlightsCloud of steam, gas and ash spews more than 3 miles into the airAuthorities say ash could fall in towns\n\n(CNN)Mexico's Popocat\u00e9petl volcano surprised observers with a startling sight Friday: a ...",
                "date": "2016-11-26",
                "id": "13182811",
                "isDuplicate": false,
                "lang": "eng",
                "sim": 0,
                "source": {
                    "id": "1256",
                    "title": "CNN International",
                    "uri": "edition.cnn.com"
                },
                "time": "13:45:00",
                "title": "Mexico's Popocatepetl Volcano spews ash miles into the air",
                "uri": "554010139",
                "url": "http://www.cnn.com/2016/11/25/americas/mexico-popocatepetl-volcano-ash/index.html",
                "wgt": 1
            },
            {
                "body": "Story highlightsHundreds dance, sing, chant and wave flags into the night in Miami's Little HavanaOne reveler says he is not celebrating a death, but the beginning of liberty for Cubans\n\nMiami (CNN)News of Fidel Castro's death was quick to reach Miami, the center of the Cuban exile community, where ...",
                "date": "2016-11-26",
                "id": "13182801",
                "isDuplicate": false,
                "lang": "eng",
                "sim": 0,
                "source": {
                    "id": "1256",
                    "title": "CNN International",
                    "uri": "edition.cnn.com"
                },
                "time": "13:44:00",
                "title": "Crowds cheer Castro's death in Little Havana",
                "uri": "554204880",
                "url": "http://www.cnn.com/2016/11/26/us/miami-fidel-castro-death-reaction/index.html",
                "wgt": 1
            },
            {
                "body": "Chat with us in Facebook Messenger. Find out what's happening in the world as it unfolds.\n\nStory highlightsProtest organizers call for 2 million South Koreans to hit the streetsMany in South Korea have called for resignation of its unpopular president after scandal\n\n(CNN)Approval ratings for South ...",
                "date": "2016-11-26",
                "id": "13179783",
                "isDuplicate": false,
                "lang": "eng",
                "sim": 0.5803921818733215,
                "source": {
                    "id": "1256",
                    "title": "CNN International",
                    "uri": "edition.cnn.com"
                },
                "time": "13:21:00",
                "title": "South Korean protesters demand President Park's resignation",
                "uri": "554232167",
                "url": "http://www.cnn.com/2016/11/26/asia/south-korea-mass-protests/index.html",
                "wgt": 1
            },
            {
                "body": "Chat with us in Facebook Messenger. Find out what's happening in the world as it unfolds.\n\nStory highlightsMore than 34% of the country's school buses reportedly owned by contractors earlier this decadeOne of those companies, Durham School Services, operated a bus involved in a fatal wreck in ...",
                "date": "2016-11-26",
                "id": "13177117",
                "isDuplicate": false,
                "lang": "eng",
                "sim": 0,
                "source": {
                    "id": "1256",
                    "title": "CNN International",
                    "uri": "edition.cnn.com"
                },
                "time": "13:00:00",
                "title": "Chattanooga crash: How common are outsourced school bus services?",
                "uri": "552924236",
                "url": "http://www.cnn.com/2016/11/23/us/chattanooga-school-bus-crash-outsourcing-qa/index.html",
                "wgt": 1
            },
            {
                "body": "Chat with us in Facebook Messenger. Find out what's happening in the world as it unfolds.\n\nStory highlightsPresident-elect Trump has threatened to undo Obama's efforts to bring the US and Cuba closer togetherObama struck a deal to reopen diplomatic relations with Cuba\n\n(CNN)Cuba's longtime ...",
                "date": "2016-11-26",
                "id": "13158764",
                "isDuplicate": false,
                "lang": "eng",
                "sim": 0,
                "source": {
                    "id": "1256",
                    "title": "CNN International",
                    "uri": "edition.cnn.com"
                },
                "time": "10:21:00",
                "title": "What now for US-Cuba relations?",
                "uri": "554204879",
                "url": "http://www.cnn.com/2016/11/26/politics/fidel-castro-trump/index.html",
                "wgt": 1
            },
            {
                "body": "Chat with us in Facebook Messenger. Find out what's happening in the world as it unfolds.\n\n(CNN)Former Cuban leader Fidel Castro has died at age 90, his brother announced. He will be cremated early Saturday.\n\nThe Cold War-era despot lived long enough to see a historic thaw in relations between Cuba ...",
                "date": "2016-11-26",
                "id": "13155626",
                "isDuplicate": false,
                "lang": "eng",
                "sim": 0.3686274588108063,
                "source": {
                    "id": "1256",
                    "title": "CNN International",
                    "uri": "edition.cnn.com"
                },
                "time": "09:54:00",
                "title": "Live updates: Cuba's Fidel Castro dies at 90",
                "uri": "554193563",
                "url": "http://www.cnn.com/2016/11/26/americas/fidel-castro-blog/index.html",
                "wgt": 1
            },
            {
                "body": "Story highlightsCelebrations spill out in Miami over death of Fidel CastroWorld leaders post their words of respect over former Cuban leader\n\n(CNN)The death of Fidel Castro triggered both celebrations and mourning, as supporters grieved over the revolutionary and others welcomed the death of the ...",
                "date": "2016-11-26",
                "id": "13145897",
                "isDuplicate": false,
                "lang": "eng",
                "sim": 0.6117647290229797,
                "source": {
                    "id": "1256",
                    "title": "CNN International",
                    "uri": "edition.cnn.com"
                },
                "time": "08:22:00",
                "title": "Fidel Castro's death prompts mix of joy and grief",
                "uri": "554157925",
                "url": "http://www.cnn.com/2016/11/26/world/fidel-castro-death-reaction/index.html",
                "wgt": 1
            },
            {
                "body": "Chat with us in Facebook Messenger. Find out what's happening in the world as it unfolds.\n\nThis story was originally published in 2009.\n\n(CNN)I was 5 years old and my dad and I were on our way to the neighborhood bakery to buy a loaf of bread. It was early on the morning of January 1, 1959. A ...",
                "date": "2016-11-26",
                "id": "13148323",
                "isDuplicate": false,
                "lang": "eng",
                "sim": 0,
                "source": {
                    "id": "1256",
                    "title": "CNN International",
                    "uri": "edition.cnn.com"
                },
                "time": "07:49:00",
                "title": "Memories of boyhood in the heat of the Cuban revolution",
                "uri": "554168760",
                "url": "http://www.cnn.com/2016/11/26/americas/remembering-cuban-revolution/index.html",
                "wgt": 1
            },
            {
                "body": "Story highlightsJulian Zelizer: The world has changed dramatically since Castro first came to powerNow it's politically feasible for President Obama to visit Cuba, Zelizer saysAmerica's embargo has lost its political rationale, he says\n\nJulian Zelizer is a professor of history and public affairs at ...",
                "date": "2016-11-26",
                "id": "13140278",
                "isDuplicate": false,
                "lang": "eng",
                "sim": 0.7529411911964417,
                "source": {
                    "id": "1256",
                    "title": "CNN International",
                    "uri": "edition.cnn.com"
                },
                "time": "07:29:00",
                "title": "Why Cuba is no longer a third rail in U.S. politics",
                "uri": "554153257",
                "url": "http://www.cnn.com/2016/03/21/opinions/why-cuba-no-longer-third-rail-in-us-politics-opinion-zelizer/index.html",
                "wgt": 1
            },
            {
                "body": "Chat with us in Facebook Messenger. Find out what's happening in the world as it unfolds.\n\nThis story was originally published in 2009.\n\n(CNN)I was 5 years old and my dad and I were on our way to the neighborhood bakery to buy a loaf of bread. It was early on the morning of January 1, 1959. A ...",
                "date": "2016-11-26",
                "id": "13139742",
                "isDuplicate": false,
                "lang": "eng",
                "sim": 0.43529412150383,
                "source": {
                    "id": "1256",
                    "title": "CNN International",
                    "uri": "edition.cnn.com"
                },
                "time": "07:23:00",
                "title": "Memories of boyhood in the heat of the Cuban revolution",
                "uri": "554150258",
                "url": "http://www.cnn.com/2016/11/26/americas/remembering-cuban-revolution/index.html",
                "wgt": 1
            },
            {
                "body": "Story highlightsCuban officials claim there have been 600 attempts on Castro's lifePlots included poison pills and a toxic dive suit\n\nHavana, Cuba (CNN)Fidel Castro turned 90 on Saturday, and few people may be as shocked by the former Cuban leader's longevity as Castro himself.\n\nHe has lived much of ...",
                "date": "2016-11-26",
                "id": "13135118",
                "isDuplicate": false,
                "lang": "eng",
                "sim": 0.5764706134796143,
                "source": {
                    "id": "1256",
                    "title": "CNN International",
                    "uri": "edition.cnn.com"
                },
                "time": "06:34:00",
                "title": "Cuba's Fidel Castro: Survivor turns 90 ",
                "uri": "554133591",
                "url": "http://www.cnn.com/2016/08/12/americas/cuba-fidel-castro-at-90-after-assassination-plots/index.html",
                "wgt": 1
            },
            {
                "body": "Story highlightsFidel Castro dominated the small island nation for decadesCastro was one of the few people on the planet who could be identified by one name\n\n(CNN)Fidel Castro, the Cuban despot who famously proclaimed after his arrest in a failed coup attempt that history would absolve him, has died ...",
                "date": "2016-11-26",
                "id": "13135112",
                "isDuplicate": false,
                "lang": "eng",
                "sim": 0.7215686440467834,
                "source": {
                    "id": "1256",
                    "title": "CNN International",
                    "uri": "edition.cnn.com"
                },
                "time": "06:34:00",
                "title": "Former Cuban leader Fidel Castro dies",
                "uri": "554133590",
                "url": "http://www.cnn.com/2016/11/26/americas/fidel-castro-obit/index.html",
                "wgt": 1
            },
            {
                "body": "Chat with us in Facebook Messenger. Find out what's happening in the world as it unfolds.\n\n(CNN)Former Cuban leader Fidel Castro has died at age 90, Cuban state media reported .\n\n\"There are few individuals in the 20th century who had a more profound impact on a single country than Fidel Castro had ...",
                "date": "2016-11-26",
                "id": "13131773",
                "isDuplicate": false,
                "lang": "eng",
                "sim": 0,
                "source": {
                    "id": "1256",
                    "title": "CNN International",
                    "uri": "edition.cnn.com"
                },
                "time": "05:56:00",
                "title": "Former Cuban leader Fidel Castro dies",
                "uri": "554126247",
                "url": "http://www.cnn.com/2016/11/26/americas/fidel-castro-obit/index.html",
                "wgt": 1
            },
            {
                "body": "Chat with us in Facebook Messenger. Find out what's happening in the world as it unfolds.\n\n(CNN)Former Cuban leader Fidel Castro has died at age 90, Cuban state media reported .\n\n\"There are few individuals in the 20th century who had a more profound impact on a single country than Fidel Castro had ...",
                "date": "2016-11-26",
                "id": "13131341",
                "isDuplicate": false,
                "lang": "eng",
                "sim": 0.5921568870544434,
                "source": {
                    "id": "1256",
                    "title": "CNN International",
                    "uri": "edition.cnn.com"
                },
                "time": "05:51:00",
                "title": "Former Cuban leader Fidel Castro dies",
                "uri": "554124111",
                "url": "http://www.cnn.com/2016/11/26/americas/fidel-castro-obit/index.html",
                "wgt": 1
            },
            {
                "body": "Story highlightsArmy Corps of Engineers gives protesters December 5 deadline to moveTribal leader: \"Our resolve to protect our water is stronger than ever\"\n\n(CNN)A new confrontation is brewing over the Dakota Access Pipeline.\n\nProtesters fighting pipeline construction must vacate property near the ...",
                "date": "2016-11-26",
                "id": "13121737",
                "isDuplicate": false,
                "lang": "eng",
                "sim": 0.6784313917160034,
                "source": {
                    "id": "1256",
                    "title": "CNN International",
                    "uri": "edition.cnn.com"
                },
                "time": "03:59:00",
                "title": "Dakota Pipeline: Army Corps orders protesters out",
                "uri": "554090306",
                "url": "http://www.cnn.com/2016/11/25/us/dakota-pipeline-access-army-corps/index.html",
                "wgt": 1
            },
            {
                "body": "Story highlightsMerrick: Those who voted for Hillary Clinton or Remain need to take a step back and breatheYes, Trump and Brexit were major, seismic events, but they were based on very marginal results\n\nJane Merrick is a British political journalist and former political editor of the Independent on ...",
                "date": "2016-11-26",
                "id": "13119106",
                "isDuplicate": false,
                "lang": "eng",
                "sim": 0,
                "source": {
                    "id": "1256",
                    "title": "CNN International",
                    "uri": "edition.cnn.com"
                },
                "time": "03:18:00",
                "title": "In 2017, liberals need to grow a spine",
                "uri": "553862954",
                "url": "http://www.cnn.com/2016/11/25/opinions/liberals-populism-2017-merrick-opinion/index.html",
                "wgt": 1
            }
        ],
        "totalResults": 55
    }
}