{
    "articles": {
        "count": 72,
        "page": 1,
        "pages": 1,
        "results": [
            {
                "body": "The Mets should embrace their big-market reality with Jay Bruce\n\nYou will find copycats no matter where you look, right?\n\nThe whole TV world tries to create the next \"Mad Men\" period piece. You stumble by a salad joint about every two blocks in Manhattan. Join the crowd and get yourself a pair of ...",
                "date": "2016-12-10",
                "id": "3494904",
                "isDuplicate": false,
                "lang": "eng",
                "sim": 0,
                "source": {
                    "id": "981",
                    "title": "New York Post",
                    "uri": "nypost.com"
                },
                "time": "23:46:00",
                "title": "How MLB is smartly losing its perpetually middling teams",
                "uri": "563424630",
                "url": "http://nypost.com/2016/12/10/how-mlb-is-smartly-losing-its-perpetually-middling-teams/",
                "wgt": 1
            },
            {
                "body": "As a newlywed in the 1980s, a Japanese martial arts master named Ichiro expected only good things. He and his wife, Tomoko, lived among the cherry blossoms in Saitima, a prosperous city just outside of Tokyo. The couple had their first child, a boy named Tim. They owned their house, and took out a ...",
                "date": "2016-12-10",
                "id": "3493019",
                "isDuplicate": false,
                "lang": "eng",
                "sim": 0,
                "source": {
                    "id": "981",
                    "title": "New York Post",
                    "uri": "nypost.com"
                },
                "time": "23:24:00",
                "title": "The chilling stories behind Japan's 'evaporating people'",
                "uri": "563419723",
                "url": "http://nypost.com/2016/12/10/the-chilling-stories-behind-japans-evaporating-people/",
                "wgt": 1
            },
            {
                "body": "LOS ANGELES -- Carmelo Anthony and Phil Jackson staged a peace summit at practice Saturday -- with the Zen Master clarifying his critical remarks. Anthony said he felt good about the conversation but still took a little tweak at the salty Zen Master, saying he has \"got to be careful the choice of ...",
                "date": "2016-12-10",
                "id": "3490661",
                "isDuplicate": false,
                "lang": "eng",
                "sim": 0.6784313917160034,
                "source": {
                    "id": "981",
                    "title": "New York Post",
                    "uri": "nypost.com"
                },
                "time": "23:02:00",
                "title": "Carmelo doesn't sound over it as he and Phil make peace",
                "uri": "563413733",
                "url": "http://nypost.com/2016/12/10/carmelo-doesnt-sound-over-it-as-he-and-phil-make-peace/",
                "wgt": 1
            },
            {
                "body": "Joel Grayson, bookseller from Manhattan children's bookstore Books of Wonder, sums up the joy of finding that ideal read: \"The best part of our jobs is knowing you are putting the right book in the right kid's hands.\"\n\nWe feel the same way.\n\nFor every person on your list -- young or old, foodie or ...",
                "date": "2016-12-10",
                "id": "3484364",
                "isDuplicate": false,
                "lang": "eng",
                "sim": 0,
                "source": {
                    "id": "981",
                    "title": "New York Post",
                    "uri": "nypost.com"
                },
                "time": "21:52:00",
                "title": "These 32 books will please everyone on your gift list",
                "uri": "563396112",
                "url": "http://nypost.com/2016/12/10/these-32-books-will-please-everyone-on-your-gift-list/",
                "wgt": 1
            },
            {
                "body": "NEW ORLEANS -- The man who fatally shot retired New Orleans Saints star Will Smith insisted Saturday that he did so only after a drunken, irate Smith retrieved a gun from his damaged SUV following an April 9 car crash.\n\n\"I knew for a fact that I was going to get shot,\" Cardell Hayes, 29, told the ...",
                "date": "2016-12-10",
                "id": "3482197",
                "isDuplicate": true,
                "lang": "eng",
                "sim": 0,
                "source": {
                    "id": "981",
                    "title": "New York Post",
                    "uri": "nypost.com"
                },
                "time": "21:28:00",
                "title": "Killer of Saints' Will Smith tells his side of the story",
                "uri": "563389622",
                "url": "http://nypost.com/2016/12/10/killer-of-saints-will-smith-tells-his-side-of-the-story/",
                "wgt": 1
            },
            {
                "body": "This is the heartbreaking scene inside the Bronx apartment where precious baby sisters Ibanez Ambrose, 2, and Scylee Ambrose, 1, met their death as steam scalded them from a radiator that exploded as they slept.\n\nThe letters of the alphabet are on the wall of the girls' room. A crib and a playpen ...",
                "date": "2016-12-10",
                "id": "3481520",
                "isDuplicate": false,
                "lang": "eng",
                "sim": 0,
                "source": {
                    "id": "981",
                    "title": "New York Post",
                    "uri": "nypost.com"
                },
                "time": "21:22:00",
                "title": "Inside the room where two tragic tots were killed by radiator",
                "uri": "563388050",
                "url": "http://nypost.com/2016/12/10/inside-the-room-where-two-tragic-tots-were-killed-by-radiator/",
                "wgt": 1
            },
            {
                "body": "President-elect Donald Trump was greeted with cheers and jumping cadets at the annual Army-Navy football game in Baltimore.\n\nThe incoming president waved to the crowd from outside a private box as he arrived at the stadium during the first quarter of the storied rivalry.\n\nTrump was inside the box of ...",
                "date": "2016-12-10",
                "id": "3480252",
                "isDuplicate": false,
                "lang": "eng",
                "sim": 0.6549019813537598,
                "source": {
                    "id": "981",
                    "title": "New York Post",
                    "uri": "nypost.com"
                },
                "time": "21:09:00",
                "title": "Donald Trump raucously cheered at Army-Navy game",
                "uri": "563384201",
                "url": "http://nypost.com/2016/12/10/donald-trump-raucously-cheered-at-army-navy-game/",
                "wgt": 1
            },
            {
                "body": "Carmelo Anthony baffled and hurt that Phil Jackson picked a fight\n\nKnicks rookie Ron Baker started the \"Three-Scope'' five games ago -- an invention that embodies the club's sophomoric live-wire act on the bench.\n\nWhenever a Knick drains a 3-pointer, Baker is up on his feet, his fingers forming two ...",
                "date": "2016-12-10",
                "id": "3478266",
                "isDuplicate": false,
                "lang": "eng",
                "sim": 0,
                "source": {
                    "id": "981",
                    "title": "New York Post",
                    "uri": "nypost.com"
                },
                "time": "20:46:00",
                "title": "Behind the rollicking spectacle that is now the Knicks bench",
                "uri": "563378131",
                "url": "http://nypost.com/2016/12/10/behind-the-rollicking-spectacle-that-is-now-the-knicks-bench/",
                "wgt": 1
            },
            {
                "body": "ISTANBUL - A suspected car bomb outside a football stadium in central Istanbul wounded at least 20 people on Saturday hours after the end of a match between two of Turkey's top teams, Interior Minister Suleyman Soylu said.\n\nArmed police sealed off streets around the Vodafone Arena, home to the ...",
                "date": "2016-12-10",
                "id": "3475335",
                "isDuplicate": true,
                "lang": "eng",
                "sim": 0,
                "source": {
                    "id": "981",
                    "title": "New York Post",
                    "uri": "nypost.com"
                },
                "time": "20:18:00",
                "title": "Several injured after explosion outside Istanbul stadium",
                "uri": "563370350",
                "url": "http://nypost.com/2016/12/10/several-injured-after-explosion-outside-istanbul-stadium/",
                "wgt": 1
            },
            {
                "body": "The 1960s countercultural novelist Ken Kesey famously, if obscurely, proclaimed, \"You're either on the bus or off the bus.\" More New Yorkers than ever are opting for off, but there's nothing mysterious about why. Just hop the M4 or Q32 at Fifth Avenue and 42nd Street for a joyride to Penn ...",
                "date": "2016-12-10",
                "id": "3473466",
                "isDuplicate": false,
                "lang": "eng",
                "sim": 0,
                "source": {
                    "id": "981",
                    "title": "New York Post",
                    "uri": "nypost.com"
                },
                "time": "20:01:00",
                "title": "This is the absolute worst way to travel in New York City",
                "uri": "563364743",
                "url": "http://nypost.com/2016/12/10/this-is-the-absolute-worst-way-to-travel-in-new-york-city/",
                "wgt": 1
            },
            {
                "body": "SANTA CLARA, Calif. -- The returns began to stream in before the paint -- or was it blood? -- had dried from the Jets' embarrassing 41-10 loss to the Colts last Monday.\n\nSupport for coach Todd Bowles. It was not his fault, they said. The players, after all, play.\n\nLast Monday was more than merely a ...",
                "date": "2016-12-10",
                "id": "3473459",
                "isDuplicate": false,
                "lang": "eng",
                "sim": 0.501960813999176,
                "source": {
                    "id": "981",
                    "title": "New York Post",
                    "uri": "nypost.com"
                },
                "time": "20:01:00",
                "title": "It's up to Jets players whether they'll ax or spare Todd Bowles",
                "uri": "563364742",
                "url": "http://nypost.com/2016/12/10/its-up-to-jets-players-whether-theyll-ax-or-spare-todd-bowles/",
                "wgt": 1
            },
            {
                "body": "The heavyweight division has been an afterthought in boxing in recent years, but that's slowly changing to the point at which it could be one of the most interesting in 2017.\n\nThe IBF heavyweight champion, Anthony Joshua (17-0, 17 KOs) of England, a young, hard slugger, defends his title against ...",
                "date": "2016-12-10",
                "id": "3470041",
                "isDuplicate": false,
                "lang": "eng",
                "sim": 0.6000000238418579,
                "source": {
                    "id": "981",
                    "title": "New York Post",
                    "uri": "nypost.com"
                },
                "time": "19:29:00",
                "title": "Rising heavyweight champ must win one fight for his dream bout",
                "uri": "563354311",
                "url": "http://nypost.com/2016/12/10/rising-heavyweight-champ-must-win-one-fight-for-his-dream-bout/",
                "wgt": 1
            },
            {
                "body": "U.S. President-elect Donald Trump is expected to name the chief executive of Exxon Mobil Corp as the country's top diplomat, NBC News reported Saturday.\n\nExxon chief Rex Tillerson emerged on Friday as Trump's leading candidate for U.S. secretary of state and met with him Saturday morning, a ...",
                "date": "2016-12-10",
                "id": "3466996",
                "isDuplicate": false,
                "lang": "eng",
                "sim": 0.6196078658103943,
                "source": {
                    "id": "981",
                    "title": "New York Post",
                    "uri": "nypost.com"
                },
                "time": "19:02:00",
                "title": "Trump expected to pick Exxon CEO Tillerson for Secretary of State",
                "uri": "563346064",
                "url": "http://nypost.com/2016/12/10/trump-expected-to-pick-exxon-ceo-tillerson-for-secretary-of-state/",
                "wgt": 1
            },
            {
                "body": "Alejandro Gonzalez Jr., a super bantamweight fighter and the son of a former world champion, was found dead Friday in Mexico. He was 23.\n\nGonzalez's body, as well as two others, was found in a car in Guadalajara, according to multiple reports. According to ESPN, the body of Gonzalez's grandfather ...",
                "date": "2016-12-10",
                "id": "3463742",
                "isDuplicate": false,
                "lang": "eng",
                "sim": 0.5921568870544434,
                "source": {
                    "id": "981",
                    "title": "New York Post",
                    "uri": "nypost.com"
                },
                "time": "18:32:00",
                "title": "Young boxer found dead in car in Mexico",
                "uri": "563336850",
                "url": "http://nypost.com/2016/12/10/young-boxer-found-dead-in-car-in-mexico/",
                "wgt": 1
            },
            {
                "body": "Giants think cold snap a boon vs. Cowboys, but one vet disagrees\n\nThe Giants will be getting some help for their sagging offense, but not quite the reinforcements they were hoping to gain for Sunday night's game against the Cowboys.\n\nRunning back Shane Vereen was activated off injured reserve on ...",
                "date": "2016-12-10",
                "id": "3461684",
                "isDuplicate": false,
                "lang": "eng",
                "sim": 0.6196078658103943,
                "source": {
                    "id": "981",
                    "title": "New York Post",
                    "uri": "nypost.com"
                },
                "time": "18:13:00",
                "title": "Giants get injury clarity, but not all the help they wanted",
                "uri": "563331400",
                "url": "http://nypost.com/2016/12/10/giants-get-injury-clarity-but-not-all-the-help-they-wanted/",
                "wgt": 1
            },
            {
                "body": "Scandal continues to plague the Port Authority, the bi-state agency that is supposed to ensure the security and safe operation not only of America's highest value terrorism target, the 16-acre World Trade Center complex, but also the bridges, tunnels, trains, ports and airports in New York and New ...",
                "date": "2016-12-10",
                "id": "3458345",
                "isDuplicate": false,
                "lang": "eng",
                "sim": 0,
                "source": {
                    "id": "981",
                    "title": "New York Post",
                    "uri": "nypost.com"
                },
                "time": "17:45:00",
                "title": "Inside the terrible, no good mess of the Port Authority police",
                "uri": "563321922",
                "url": "http://nypost.com/2016/12/10/inside-the-terrible-no-good-mess-of-the-port-authority-police/",
                "wgt": 1
            },
            {
                "body": "Santacon's drunken Kris Kringles found coal in their stockings this morning in the form of neighborhood activists jeering the annual Manhattan bar crawl.\n\nTwo protesters were arrested around 11 a.m., just as about 1,000 Santas gathered at the Flatiron building to begin their boozy trek through ...",
                "date": "2016-12-10",
                "id": "3457448",
                "isDuplicate": false,
                "lang": "eng",
                "sim": 0,
                "source": {
                    "id": "981",
                    "title": "New York Post",
                    "uri": "nypost.com"
                },
                "time": "17:35:00",
                "title": "Santacon protesters and revelers clash during bar crawl",
                "uri": "563319281",
                "url": "http://nypost.com/2016/12/10/santacon-protesters-and-revelers-clash-during-bar-crawl/",
                "wgt": 1
            },
            {
                "body": "Colin Kaepernick's decision to kneel during the national anthem to protest racial inequality and police violence has made the San Francisco 49ers quarterback a polarizing figure, to say the least. There were even those who questioned whether his own family supported his stance.\n\nOn Friday, ...",
                "date": "2016-12-10",
                "id": "3457289",
                "isDuplicate": false,
                "lang": "eng",
                "sim": 0.8666666746139526,
                "source": {
                    "id": "981",
                    "title": "New York Post",
                    "uri": "nypost.com"
                },
                "time": "17:35:00",
                "title": "Kaepernick's parents break silence after Navy admiral 'attack'",
                "uri": "563319282",
                "url": "http://nypost.com/2016/12/10/kaepernicks-parents-break-silence-after-navy-admiral-attack/",
                "wgt": 1
            },
            {
                "body": "{* #userInformationForm *} {* traditionalSignIn_emailAddress *} {* traditionalSignIn_password *} {* traditionalSignIn_signInButton *} {* /userInformationForm *} {* #registrationForm *} {* traditionalRegistration_emailAddress *} {* traditionalRegistration_password *} {* ...",
                "date": "2016-12-10",
                "id": "3437801",
                "isDuplicate": true,
                "lang": "eng",
                "sim": 0,
                "source": {
                    "id": "981",
                    "title": "New York Post",
                    "uri": "nypost.com"
                },
                "time": "15:03:00",
                "title": "Missing teen who was allegedly called 'terrorist' on subway found",
                "uri": "563268458",
                "url": "http://nypost.com/2016/12/10/missing-teen-who-was-allegedly-called-terrorist-on-subway-found/",
                "wgt": 1
            },
            {
                "body": "Ivanka Trump's stalker is back in action after a two-year hiatus -- but he now has the Secret Service to contend with.\n\nJustin Massler, 34, is in Bellevue Hospital after the Secret Service nabbed him, TMZ reported.\n\nMassler fled a Nevada mental health facility in November, and turned up Nov. 29 up ...",
                "date": "2016-12-10",
                "id": "3430315",
                "isDuplicate": false,
                "lang": "eng",
                "sim": 0.7450980544090271,
                "source": {
                    "id": "981",
                    "title": "New York Post",
                    "uri": "nypost.com"
                },
                "time": "14:08:00",
                "title": "Secret Service nabs Ivanka Trump's accused stalker near Trump Tower",
                "uri": "563248769",
                "url": "http://nypost.com/2016/12/10/secret-service-nabs-ivanka-trumps-accused-stalker-near-trump-tower/",
                "wgt": 1
            },
            {
                "body": "NEW YORK -- Donald Trump is tweeting about television again - this time accusing CNN of reporting \"rediculous\" fake news and asserting that he won't let his television show conflict with his presidency.\n\nTrump's Saturday morning tweets follow an announcement by Mark Burnett, the creator of \"The ...",
                "date": "2016-12-10",
                "id": "3424906",
                "isDuplicate": false,
                "lang": "eng",
                "sim": 0.9372549057006836,
                "source": {
                    "id": "981",
                    "title": "New York Post",
                    "uri": "nypost.com"
                },
                "time": "13:23:00",
                "title": "Trump calls CNN reporting 'rediculous' fake news",
                "uri": "563234376",
                "url": "http://nypost.com/2016/12/10/trump-calls-cnn-reporting-rediculous-fake-news/",
                "wgt": 1
            },
            {
                "body": "MANAMA, Bahrain -- U.S. Defense Secretary Ash Carter said Saturday that as many as 200 more American troops are being sent to Syria to help Kurdish and Arab fighters capture the Islamic State group's key stronghold of Raqqa.\n\nThe extra troops will include special operations forces and are in ...",
                "date": "2016-12-10",
                "id": "3393079",
                "isDuplicate": true,
                "lang": "eng",
                "sim": 0.8705882430076599,
                "source": {
                    "id": "981",
                    "title": "New York Post",
                    "uri": "nypost.com"
                },
                "time": "08:58:00",
                "title": "US sending 200 more troops to Syria to battle ISIS",
                "uri": "563148169",
                "url": "http://nypost.com/2016/12/10/us-sending-200-more-troops-to-syria-to-battle-isis/",
                "wgt": 1
            },
            {
                "body": "CHICAGO -- Alain Vigneault is good at trusting his eyes.\n\nThe Rangers coach continued his successful run of coach's challenges when he questioned Marian Hossa's goal 6:00 into the third period because of offsides and the officials overturned it, keeping the game scoreless.\n\nThe Rangers won 1-0 over ...",
                "date": "2016-12-10",
                "id": "3391332",
                "isDuplicate": false,
                "lang": "eng",
                "sim": 0.6470588445663452,
                "source": {
                    "id": "981",
                    "title": "New York Post",
                    "uri": "nypost.com"
                },
                "time": "08:41:00",
                "title": "Alain Vigneault's replay challenge saves Rangers",
                "uri": "563142564",
                "url": "http://nypost.com/2016/12/10/alain-vigneaults-replay-challenge-saves-rangers/",
                "wgt": 1
            },
            {
                "body": "A nationally ranked competitive eater has become the first person to finish a 3-foot-long, 5-and-a-half pound burrito.\n\nPablo Martinez, who is ranked 20th in the world by Major League Eating, finished Taqueria Yareli's famous Anaconda burrito in 13 minutes and 8 seconds.\n\nJoey Ybarra, Martinez's ...",
                "date": "2016-12-10",
                "id": "3391331",
                "isDuplicate": false,
                "lang": "eng",
                "sim": 0,
                "source": {
                    "id": "981",
                    "title": "New York Post",
                    "uri": "nypost.com"
                },
                "time": "08:41:00",
                "title": "Competive eater devours 3-foot-long 'Anaconda' burrito",
                "uri": "563142563",
                "url": "http://nypost.com/2016/12/10/competive-eater-devours-3-foot-long-anaconda-burrito/",
                "wgt": 1
            },
            {
                "body": "ENGLEWOOD, Colo. -- Broncos linebacker Brandon Marshall posted on social media a racist, threatening letter that denounced him for taking a knee during the national anthem earlier this season. He said he wanted to expose the racism that exists in society.\n\nMarshall said he received the letter a ...",
                "date": "2016-12-10",
                "id": "3390438",
                "isDuplicate": false,
                "lang": "eng",
                "sim": 0.8666666746139526,
                "source": {
                    "id": "981",
                    "title": "New York Post",
                    "uri": "nypost.com"
                },
                "time": "08:33:00",
                "title": "Broncos' Brandon Marshall shares racist hate-mail",
                "uri": "563140131",
                "url": "http://nypost.com/2016/12/10/broncos-brandon-marshall-shares-racist-hate-mail/",
                "wgt": 1
            },
            {
                "body": "WASHINGTON -- With less than hour to spare, the Senate late Friday backed legislation averting a government shutdown as coal-state Democrats retreated on long-term health care benefits for retired miners but promised a renewed fight for the working class next year.\n\nThe vote was 63-36 and sent the ...",
                "date": "2016-12-10",
                "id": "3385524",
                "isDuplicate": true,
                "lang": "eng",
                "sim": 0,
                "source": {
                    "id": "981",
                    "title": "New York Post",
                    "uri": "nypost.com"
                },
                "time": "07:48:00",
                "title": "Shutdown averted as Senate backs stop-gap spending bill",
                "uri": "563126283",
                "url": "http://nypost.com/2016/12/10/shutdown-averted-as-senate-backs-stop-gap-spending-bill/",
                "wgt": 1
            },
            {
                "body": "ALBANY -- Nine months ago, Daniel O'Donnell, brother of talk show host Rosie O'Donnell and an openly gay member of the New York State Assembly, described mixed martial arts as, \"gay porn with a different ending.\"\n\nThat comment serves as an example of the inaccurate and sometimes idiotic opposition ...",
                "date": "2016-12-10",
                "id": "3383086",
                "isDuplicate": false,
                "lang": "eng",
                "sim": 0.7019608020782471,
                "source": {
                    "id": "981",
                    "title": "New York Post",
                    "uri": "nypost.com"
                },
                "time": "07:31:00",
                "title": "UFC's  Albany debut a mixed bag",
                "uri": "563121169",
                "url": "http://nypost.com/2016/12/10/ufcs-albany-debut-a-mixed-bag/",
                "wgt": 1
            },
            {
                "body": "New Yorkers are making a last-ditch effort to sabotage SantaCon -- posting flyers across the city that say the event is cancelled -- in the attempt to put an end to the debauchery, a report says.\n\n\"Our country feels so divided right now that we are all searching for things that unify us,\" a ...",
                "date": "2016-12-10",
                "id": "3382705",
                "isDuplicate": false,
                "lang": "eng",
                "sim": 0.8274509906768799,
                "source": {
                    "id": "981",
                    "title": "New York Post",
                    "uri": "nypost.com"
                },
                "time": "07:27:00",
                "title": "Desperate New Yorkers make last-ditch effort to sabotage SantaCon",
                "uri": "563120017",
                "url": "http://nypost.com/2016/12/10/desperate-new-yorkers-make-last-ditch-effort-to-sabotage-santacon/",
                "wgt": 1
            },
            {
                "body": "Celebrity stylist Law Roach has moved in front of the cameras as a judge on the rebooted version of \"America's Next Top Model,\" premiering Monday on VH1 with British singer/actress Rita Ora replacing Tyra Banks as host.\n\n\"I don't think, culturally, that 'Top Model' gets the credit it deserves,\" says ...",
                "date": "2016-12-10",
                "id": "3381080",
                "isDuplicate": false,
                "lang": "eng",
                "sim": 0,
                "source": {
                    "id": "981",
                    "title": "New York Post",
                    "uri": "nypost.com"
                },
                "time": "07:12:00",
                "title": "Tyra-free 'ANTM' reboot features Celine Dion's 'Image Architect'",
                "uri": "563115908",
                "url": "http://nypost.com/2016/12/10/tyra-free-antm-reboot-features-celine-dions-image-architect/",
                "wgt": 1
            },
            {
                "body": "Arturo O'Farrill may have gone kicking and screaming to Cuban father Chico's jazz gigs, but listening to all that Latin music paid off: This weekend, the 56-year-old Grammy winner returns to his father's homeland with a tour celebrating the late musician's 95th birthday. The Mexican-born, ...",
                "date": "2016-12-10",
                "id": "3379985",
                "isDuplicate": false,
                "lang": "eng",
                "sim": 0,
                "source": {
                    "id": "981",
                    "title": "New York Post",
                    "uri": "nypost.com"
                },
                "time": "07:02:00",
                "title": "Where jazz musician Arturo O'Farrill gets his favorite Cuban food",
                "uri": "563112836",
                "url": "http://nypost.com/2016/12/10/where-jazz-musician-arturo-ofarrill-gets-his-favorite-cuban-food/",
                "wgt": 1
            },
            {
                "body": "Whether you're shopping for a friend or relative who's moved away or for someone here who shares your affinity for all things Big Apple, consider giving the gift of New York City this year: our icons, our love-hate relationships, our unmatched style.\n\nHere's our guide to the quirkiest, most ...",
                "date": "2016-12-10",
                "id": "3379821",
                "isDuplicate": false,
                "lang": "eng",
                "sim": 0,
                "source": {
                    "id": "981",
                    "title": "New York Post",
                    "uri": "nypost.com"
                },
                "time": "06:58:00",
                "title": "Here's where to buy iconic NYC holiday presents",
                "uri": "563111958",
                "url": "http://nypost.com/2016/12/10/heres-where-to-buy-iconic-nyc-holiday-presents/",
                "wgt": 1
            },
            {
                "body": "SACRAMENTO , Calif. -- Carmelo Anthony went from a star on Instagram to a star in Sacramento. But he needed a late hand from Joakim Noah and his suddenly soft free-throw stroke.\n\nAnthony made two controversial Instagram posts aimed at Knicks president Phil Jackson, then posted 23 of his 33 points in ...",
                "date": "2016-12-10",
                "id": "3379067",
                "isDuplicate": false,
                "lang": "eng",
                "sim": 0.7450980544090271,
                "source": {
                    "id": "981",
                    "title": "New York Post",
                    "uri": "nypost.com"
                },
                "time": "06:50:00",
                "title": "Carmelo Anthony answers critic Jackson with monster game",
                "uri": "563110236",
                "url": "http://nypost.com/2016/12/10/carmelo-anthony-answers-critic-jackson-with-monster-game/",
                "wgt": 1
            },
            {
                "body": "An Upper East Side lawyer is suing his neighbor, socialite Lisa Maria Falcone, to force her to turn off what he says is nonstop holiday music blasting out of a loudspeaker in her Christmas display.\n\n\"It's not like she plays it a half-hour every day,'' said Nick Wilder, who's representing himself in ...",
                "date": "2016-12-10",
                "id": "3377676",
                "isDuplicate": false,
                "lang": "eng",
                "sim": 0.9607843160629272,
                "source": {
                    "id": "981",
                    "title": "New York Post",
                    "uri": "nypost.com"
                },
                "time": "06:34:00",
                "title": "New York elite at war over nonstop Christmas music",
                "uri": "563105683",
                "url": "http://nypost.com/2016/12/10/new-york-elite-at-war-over-nonstop-christmas-music/",
                "wgt": 1
            },
            {
                "body": "Board member trampled shareholders' rights by helping Zuckerberg: suit\n\nA \"first-class restaurant\" in Hell's Kitchen has turned into a rowdy nightclub, according to a new lawsuit by the building's landlord, who wants to shut down the parties.\n\nThe tapas restaurant Mezze Bar at Ninth Avenue near 47th ...",
                "date": "2016-12-10",
                "id": "3373612",
                "isDuplicate": false,
                "lang": "eng",
                "sim": 0,
                "source": {
                    "id": "981",
                    "title": "New York Post",
                    "uri": "nypost.com"
                },
                "time": "05:44:00",
                "title": "'First-class restaurant' is really a rowdy late-night spot: suit",
                "uri": "563088218",
                "url": "http://nypost.com/2016/12/10/first-class-restaurant-is-really-a-rowdy-late-night-spot-suit/",
                "wgt": 1
            },
            {
                "body": "Three people were injured when an out-of-control car plowed into a home in Queens on Friday, police said.\n\nCops said the 47-year-old woman was driving with her young daughter west on 161st Avenue near 85th Street in Howard Beach when she stepped on the gas instead of the brake and drove straight ...",
                "date": "2016-12-10",
                "id": "3372913",
                "isDuplicate": false,
                "lang": "eng",
                "sim": 0,
                "source": {
                    "id": "981",
                    "title": "New York Post",
                    "uri": "nypost.com"
                },
                "time": "05:36:00",
                "title": "Three injured after SUV plows through brick wall of home",
                "uri": "563086361",
                "url": "http://nypost.com/2016/12/10/three-injured-after-suv-plows-through-brick-wall-of-home/",
                "wgt": 1
            },
            {
                "body": "When Andy Puzder, the likely Labor secretary pick of President-elect Donald Trump talks about replacing employees with robots, it is not an idle thought.\n\nPuzder, the chief executive of the parent of Carl's Jr. and Hardee's fast-food chains, held meetings this summer about replacing some of the ...",
                "date": "2016-12-10",
                "id": "3372914",
                "isDuplicate": false,
                "lang": "eng",
                "sim": 0.6549019813537598,
                "source": {
                    "id": "981",
                    "title": "New York Post",
                    "uri": "nypost.com"
                },
                "time": "05:36:00",
                "title": "Trump's cabinet pick considered replacing chefs with robots",
                "uri": "563086360",
                "url": "http://nypost.com/2016/12/10/trumps-cabinet-pick-considered-replacing-chefs-with-robots/",
                "wgt": 1
            },
            {
                "body": "Marcato Capital aims to franchise almost all Buffalo Wild Wings\n\nNew York's top financial services regulator used \"inaccurate\" and \"incomplete\" data earlier this year when it blasted the state's pension fund for paying exorbitantly high fees on its hedge fund investments, the state Comptroller said ...",
                "date": "2016-12-10",
                "id": "3372023",
                "isDuplicate": false,
                "lang": "eng",
                "sim": 0.6470588445663452,
                "source": {
                    "id": "981",
                    "title": "New York Post",
                    "uri": "nypost.com"
                },
                "time": "05:27:00",
                "title": "Comptroller: Regulator's claims against hedge funds 'unsupported'",
                "uri": "563083489",
                "url": "http://nypost.com/2016/12/10/comptroller-regulators-claims-against-hedge-funds-unsupported/",
                "wgt": 1
            },
            {
                "body": "The Bronx District Attorney's Office is launching an investigation into...\n\nDespite multiple commitments to make all shelters safe for homeless residents, conditions at the city's 280 cluster sites -- the same mixed-residential buildings where a radiator leak this week killed two toddlers -- have ...",
                "date": "2016-12-10",
                "id": "3372045",
                "isDuplicate": false,
                "lang": "eng",
                "sim": 0.5058823823928833,
                "source": {
                    "id": "981",
                    "title": "New York Post",
                    "uri": "nypost.com"
                },
                "time": "05:27:00",
                "title": "Conditions 'sliding backwards' at city's mixed homeless shelters",
                "uri": "563083490",
                "url": "http://nypost.com/2016/12/10/conditions-sliding-backwards-at-citys-mixed-homeless-shelters/",
                "wgt": 1
            },
            {
                "body": "Lloyd Blankfein, CEO of the Wall Street bank, is considering splitting the president and chief operating officer roles in the wake of Gary Cohn's expected departure for the Trump administration, The Post has learned.\n\nThe two top contenders for the position are David Solomon, the bank's co-head of ...",
                "date": "2016-12-10",
                "id": "3371089",
                "isDuplicate": false,
                "lang": "eng",
                "sim": 0.6196078658103943,
                "source": {
                    "id": "981",
                    "title": "New York Post",
                    "uri": "nypost.com"
                },
                "time": "05:19:00",
                "title": "The race is on to become new No. 2 at Goldman Sachs",
                "uri": "563080038",
                "url": "http://nypost.com/2016/12/10/the-race-is-on-to-become-new-no-2-at-goldman-sachs/",
                "wgt": 1
            },
            {
                "body": "The sister of the man accused of killing Etan Patz described in court Friday how their Bible-thumping father would whip them both with belts and forbid them from having sleepovers or birthday parties.\n\n\"Everything revolved around the church,\" Carmen Foschini, 53, testified.\n\n\"If we misbehaved, he ...",
                "date": "2016-12-10",
                "id": "3371093",
                "isDuplicate": false,
                "lang": "eng",
                "sim": 0,
                "source": {
                    "id": "981",
                    "title": "New York Post",
                    "uri": "nypost.com"
                },
                "time": "05:19:00",
                "title": "Sister of accused Etan Patz killer says dad whipped them as kids",
                "uri": "563080036",
                "url": "http://nypost.com/2016/12/10/sister-of-accused-etan-patz-killer-says-dad-whipped-them-as-kids/",
                "wgt": 1
            },
            {
                "body": "Seamless and Grubhub are having trouble staying online -- again.\n\nThe food-delivery sites, run by parent company Grubhub Inc., have lately suffered a slew of major service outages -- at least half a dozen in the last two months alone -- with several lasting more than an hour each.\n\nMost recent was ...",
                "date": "2016-12-10",
                "id": "3371096",
                "isDuplicate": false,
                "lang": "eng",
                "sim": 0,
                "source": {
                    "id": "981",
                    "title": "New York Post",
                    "uri": "nypost.com"
                },
                "time": "05:19:00",
                "title": "Seamless, Grubhub suffering constant site crashes",
                "uri": "563080037",
                "url": "http://nypost.com/2016/12/10/seamless-grubhub-suffering-constant-site-crashes/",
                "wgt": 1
            },
            {
                "body": "The producers of Broadway's \"Anastasia\" are being sued by an heir of the author of the alleged original play, who has demanded the production be barred from opening its doors in April, even as tickets are being sold.\n\nJean-Etienne de Becdelievre, of Paris, accused the Broadway production and its ...",
                "date": "2016-12-10",
                "id": "3370033",
                "isDuplicate": false,
                "lang": "eng",
                "sim": 0,
                "source": {
                    "id": "981",
                    "title": "New York Post",
                    "uri": "nypost.com"
                },
                "time": "05:09:00",
                "title": "'Anastasia' producers sued for plagiarism",
                "uri": "563077623",
                "url": "http://nypost.com/2016/12/10/anastasia-producers-sued-for-plagiarism/",
                "wgt": 1
            },
            {
                "body": "The network, owned by Sony and AT&T, has asked the Federal Communications Commission to step in to help enforce a court order that would put it back on Altice's basic tier.\n\nGSN got booted from Cablevision's expanded package back in 2011.\n\nIt was placed on a sport tier, which requires an added fee, ...",
                "date": "2016-12-10",
                "id": "3369290",
                "isDuplicate": false,
                "lang": "eng",
                "sim": 0.5137255191802979,
                "source": {
                    "id": "981",
                    "title": "New York Post",
                    "uri": "nypost.com"
                },
                "time": "05:00:00",
                "title": "Game Show Network fights to get back on Cablevision's basic tier",
                "uri": "563075303",
                "url": "http://nypost.com/2016/12/09/game-show-network-fights-to-get-back-on-cablevisions-basic-tier/",
                "wgt": 1
            },
            {
                "body": "Salvatore Lucchesse, who is accused of savagely beating Jaden Jordan last month, was arraigned Friday in Brooklyn Supreme Court on an \u00adindictment charging him only with assault and endangering the welfare of a minor.\n\nBut Acting DA Eric Gonzalez said the charges \"are expected to be upgraded'' ...",
                "date": "2016-12-10",
                "id": "3368199",
                "isDuplicate": false,
                "lang": "eng",
                "sim": 0.6823529601097107,
                "source": {
                    "id": "981",
                    "title": "New York Post",
                    "uri": "nypost.com"
                },
                "time": "04:49:00",
                "title": "Slain tot's dad blasts accused killer's 'crocodile tears'",
                "uri": "563072549",
                "url": "http://nypost.com/2016/12/09/slain-tots-dad-blasts-accused-killers-crocodile-tears/",
                "wgt": 1
            },
            {
                "body": "CHICAGO -- There was hardly any hesitation in Alain Vigneault bringing out one of his favorite refrains -- even if it has begun to sound stale.\n\n\"I think everybody knows that Hank's the guy, Hank's our No. 1. But I think at this time, Antti's game is just a little bit better than Hank and we need to ...",
                "date": "2016-12-10",
                "id": "3367915",
                "isDuplicate": false,
                "lang": "eng",
                "sim": 0.8274509906768799,
                "source": {
                    "id": "981",
                    "title": "New York Post",
                    "uri": "nypost.com"
                },
                "time": "04:46:00",
                "title": "Rangers' goalie swap pays off with Antti Raanta shutout win",
                "uri": "563071638",
                "url": "http://nypost.com/2016/12/09/rangers-goalie-swap-pays-off-with-antti-raanta-shutout-win/",
                "wgt": 1
            },
            {
                "body": "Easter paraders will be sashaying past plenty of sneaker stores next spring.\n\nIn the past several months, the world's largest sneaker makers have either signed major retail leases or opened stores on Fifth Avenue -- the grand avenue made famous, in part, by New Yorkers parading their Easter finest ...",
                "date": "2016-12-10",
                "id": "3367901",
                "isDuplicate": false,
                "lang": "eng",
                "sim": 0,
                "source": {
                    "id": "981",
                    "title": "New York Post",
                    "uri": "nypost.com"
                },
                "time": "04:46:00",
                "title": "Fifth Avenue is fast becoming a sneakerhead's paradise",
                "uri": "563071637",
                "url": "http://nypost.com/2016/12/09/fifth-avenue-is-fast-becoming-a-sneakerheads-paradise/",
                "wgt": 1
            },
            {
                "body": "Former Fox anchor Gretchen Carlson settles suit against Roger Ailes\n\n21st Century Fox on Friday said it is in late-stage talks with Sky, the British pay-TV service, to buy the 60 percent of the company it doesn't already own.\n\nFox's preliminary agreement is for $13.52 per share in cash, or $14 ...",
                "date": "2016-12-10",
                "id": "3366939",
                "isDuplicate": false,
                "lang": "eng",
                "sim": 0.7333333492279053,
                "source": {
                    "id": "981",
                    "title": "New York Post",
                    "uri": "nypost.com"
                },
                "time": "04:35:00",
                "title": "21st Century Fox discusses taking over Sky",
                "uri": "563067857",
                "url": "http://nypost.com/2016/12/09/21st-century-fox-discusses-taking-over-sky/",
                "wgt": 1
            },
            {
                "body": "Jets defense completely quit in nationally televised collapse\n\nIf the Giants have any chance of keeping alive their scant hopes of catching the Cowboys in the NFC East, the gang's all got to be there for them Sunday night at MetLife Stadium.\n\nThat means every player on defense -- from defensive ...",
                "date": "2016-12-10",
                "id": "3366108",
                "isDuplicate": false,
                "lang": "eng",
                "sim": 0,
                "source": {
                    "id": "981",
                    "title": "New York Post",
                    "uri": "nypost.com"
                },
                "time": "04:27:00",
                "title": "Giants' strategy for stopping Ezekiel Elliott: 'Camera club'",
                "uri": "563065792",
                "url": "http://nypost.com/2016/12/09/giants-strategy-for-stopping-ezekiel-elliott-camera-club/",
                "wgt": 1
            },
            {
                "body": "For the sixth straight season, the Jets won't be part of the playoffs.\n\nIn the final month of another disappointing year, the Jets will have multiple opportunities to play spoiler against division rivals, but Sunday's game against the 49ers -- likely to be played in a half-empty stadium against one ...",
                "date": "2016-12-10",
                "id": "3364672",
                "isDuplicate": false,
                "lang": "eng",
                "sim": 0.4705882370471954,
                "source": {
                    "id": "981",
                    "title": "New York Post",
                    "uri": "nypost.com"
                },
                "time": "04:15:00",
                "title": "Jets find two reasons to give their all with nothing on the line",
                "uri": "563062849",
                "url": "http://nypost.com/2016/12/09/jets-find-two-reasons-to-give-their-all-with-nothing-on-the-line/",
                "wgt": 1
            },
            {
                "body": "Widow of math whiz killed in crane collapse suing to protect evidence\n\nA city probe of a fatal crane collapse on a windy February morning in lower Manhattan found that the operator made a string of mistakes that led the crane to topple -- including lowering the boom at an \u00adimproper angle.\n\nThe ...",
                "date": "2016-12-10",
                "id": "3363125",
                "isDuplicate": false,
                "lang": "eng",
                "sim": 0.658823549747467,
                "source": {
                    "id": "981",
                    "title": "New York Post",
                    "uri": "nypost.com"
                },
                "time": "04:02:00",
                "title": "Operator found responsible for deadly crane collapse",
                "uri": "563059063",
                "url": "http://nypost.com/2016/12/09/operator-found-responsible-for-deadly-crane-collapse/",
                "wgt": 1
            },
            {
                "body": "The NYPD cop suspended for being drunk on the job had a sobering morning on Friday -- walking into his upstate house clutching a \u00adgiant Dr Pepper cup.\n\nOfficer Richard Evans, 44, refused to comment outside the Newburgh home at about 9 a.m., hours after The Post reported that he was stripped of his ...",
                "date": "2016-12-10",
                "id": "3363122",
                "isDuplicate": false,
                "lang": "eng",
                "sim": 0.6980392336845398,
                "source": {
                    "id": "981",
                    "title": "New York Post",
                    "uri": "nypost.com"
                },
                "time": "04:02:00",
                "title": "'Drunk' cop has nothing to say after being stripped of gun and badge",
                "uri": "563059062",
                "url": "http://nypost.com/2016/12/09/drunk-cop-has-nothing-to-say-after-being-stripped-of-gun-and-badge/",
                "wgt": 1
            },
            {
                "body": "Surgeon General Vivek Murthy tossed a bone to the puritanical ideologues of the anti-smoking movement this week with a warning that the rise in vaping by young people is \"a major public health concern.\"\n\n\"Any tobacco use, including e-cigarettes, is a health threat,\" Dr. Murthy insisted, ...",
                "date": "2016-12-10",
                "id": "3363116",
                "isDuplicate": false,
                "lang": "eng",
                "sim": 0.5333333611488342,
                "source": {
                    "id": "981",
                    "title": "New York Post",
                    "uri": "nypost.com"
                },
                "time": "04:02:00",
                "title": "Surgeon General sides with ideologues on vaping",
                "uri": "563059064",
                "url": "http://nypost.com/2016/12/09/surgeon-general-sides-with-ideologues-on-vaping/",
                "wgt": 1
            },
            {
                "body": "Jeremy Lin has taken the next step toward his return.\n\nFriday afternoon, for the first time since suffering a strained hamstring Nov. 2, Lin was back at practice. During the 37-day hiatus, the Nets have used a host of different players in the point guard position with limited success, contributing ...",
                "date": "2016-12-10",
                "id": "3361967",
                "isDuplicate": false,
                "lang": "eng",
                "sim": 0.7098039388656616,
                "source": {
                    "id": "981",
                    "title": "New York Post",
                    "uri": "nypost.com"
                },
                "time": "03:45:00",
                "title": "Jeremy Lin is almost back and not a moment too soon for Nets",
                "uri": "563055926",
                "url": "http://nypost.com/2016/12/09/jeremy-lin-is-almost-back-and-not-a-moment-too-soon-for-nets/",
                "wgt": 1
            },
            {
                "body": "Jason Pierre-Paul's absence makes life more difficult for this Giant\n\nDiscussions of coach Ben McAdoo's diner menu-sized play sheet along the sidelines virtually have become part of every Giants game. Rumor claims you could read the King James version of the Bible faster than McAdoo's sheet.\n\n\"It is ...",
                "date": "2016-12-10",
                "id": "3359265",
                "isDuplicate": false,
                "lang": "eng",
                "sim": 0,
                "source": {
                    "id": "981",
                    "title": "New York Post",
                    "uri": "nypost.com"
                },
                "time": "03:08:00",
                "title": "Ben McAdoo's cryptic reason for comically oversized playbook",
                "uri": "563048217",
                "url": "http://nypost.com/2016/12/09/ben-mcadoos-cryptic-reason-for-comically-oversized-playbook/",
                "wgt": 1
            },
            {
                "body": "{* #userInformationForm *} {* traditionalSignIn_emailAddress *} {* traditionalSignIn_password *} {* traditionalSignIn_signInButton *} {* /userInformationForm *} {* #registrationForm *} {* traditionalRegistration_emailAddress *} {* traditionalRegistration_password *} {* ...",
                "date": "2016-12-10",
                "id": "3359269",
                "isDuplicate": true,
                "lang": "eng",
                "sim": 0,
                "source": {
                    "id": "981",
                    "title": "New York Post",
                    "uri": "nypost.com"
                },
                "time": "03:08:00",
                "title": "The day in photos: Dec. 9, 2016",
                "uri": "563048215",
                "url": "http://nypost.com/2016/12/09/the-day-in-photos-dec-9-2016/",
                "wgt": 1
            },
            {
                "body": "Donald Trump pledged to clean up the dysfunctional Veterans Administration. He should add to his list reforming the Centers for Disease Control and Prevention, the other health agency with blood on its hands.\n\nA scary new superbug -- Candida auris -- has popped up in hospitals in New York, New ...",
                "date": "2016-12-10",
                "id": "3359258",
                "isDuplicate": false,
                "lang": "eng",
                "sim": 0,
                "source": {
                    "id": "981",
                    "title": "New York Post",
                    "uri": "nypost.com"
                },
                "time": "03:08:00",
                "title": "Another US health agency with blood on its hands",
                "uri": "563048216",
                "url": "http://nypost.com/2016/12/09/another-us-health-agency-with-blood-on-its-hands/",
                "wgt": 1
            },
            {
                "body": "As the homeless shelter population this week surged to a record high, City Hall and its allies insist it would be worse without Mayor de Blasio's new policies.\n\nThen it got tragically worse: Two babies were scalded to death in their tiny beds after a freak radiator accident in a Bronx slum ...",
                "date": "2016-12-10",
                "id": "3358128",
                "isDuplicate": false,
                "lang": "eng",
                "sim": 0,
                "source": {
                    "id": "981",
                    "title": "New York Post",
                    "uri": "nypost.com"
                },
                "time": "02:53:00",
                "title": "De Blasio's disastrous shelter scramble",
                "uri": "563044929",
                "url": "http://nypost.com/2016/12/09/de-blasios-disastrous-shelter-scramble/",
                "wgt": 1
            },
            {
                "body": "You probably forgot Devin Smith was still on the Jets roster.\n\nIt's usually difficult for second-round draft picks to hide, but Smith's brief NFL career has been so star-crossed since the Jets took the receiver with the 37th overall pick in 2015 that he has virtually been invisible -- except on the ...",
                "date": "2016-12-10",
                "id": "3356444",
                "isDuplicate": false,
                "lang": "eng",
                "sim": 0.6627451181411743,
                "source": {
                    "id": "981",
                    "title": "New York Post",
                    "uri": "nypost.com"
                },
                "time": "02:33:00",
                "title": "Injury-plagued Jets receiver waiting for his chance to shine",
                "uri": "563040053",
                "url": "http://nypost.com/2016/12/09/injury-plagued-jets-receiver-waiting-for-his-chance-to-shine/",
                "wgt": 1
            },
            {
                "body": "CHICAGO -- There was hardly any hesitation as Alain Vigneault brought out one of his favorite refrains -- even if it has begun to sound stale.\n\n\"I think everybody knows that Hank's the guy, Hank's our No. 1, but I think at this time, Antti [Raanta]'s game is just a little bit better than Hank and we ...",
                "date": "2016-12-10",
                "id": "3355778",
                "isDuplicate": false,
                "lang": "eng",
                "sim": 0.8156862854957581,
                "source": {
                    "id": "981",
                    "title": "New York Post",
                    "uri": "nypost.com"
                },
                "time": "02:22:00",
                "title": "Rangers: Henrik Lundqvist not our best goalie right now",
                "uri": "563037811",
                "url": "http://nypost.com/2016/12/09/rangers-henrik-lundqvist-not-our-best-goalie-right-now/",
                "wgt": 1
            },
            {
                "body": "Hillary Clinton has emerged from, in her own words, \"taking selfies in the woods\" to embrace the latest Democratic excuse for her election loss: so-called fake news.\n\nThe latest, that is, in a growing list of scapegoats that so far includes FBI Director James Comey, Russian interference, Anthony ...",
                "date": "2016-12-10",
                "id": "3353323",
                "isDuplicate": false,
                "lang": "eng",
                "sim": 0.4627451002597809,
                "source": {
                    "id": "981",
                    "title": "New York Post",
                    "uri": "nypost.com"
                },
                "time": "01:53:00",
                "title": "Hillary's latest lame excuse for losing",
                "uri": "563031234",
                "url": "http://nypost.com/2016/12/09/hillarys-latest-lame-excuse-for-losing/",
                "wgt": 1
            },
            {
                "body": "Liberals who claim history's on their side got a cold wake-up call\n\nIn the course of a couple of tweets, Donald Trump may have ended the image of the GOP as the party of corporate America.\n\nAfter striking a Carrier deal to preserve about 800 jobs, the president-elect slapped the Indiana company ...",
                "date": "2016-12-10",
                "id": "3352533",
                "isDuplicate": false,
                "lang": "eng",
                "sim": 0.9725490212440491,
                "source": {
                    "id": "981",
                    "title": "New York Post",
                    "uri": "nypost.com"
                },
                "time": "01:43:00",
                "title": "Trump is turning the GOP into the Workers' party",
                "uri": "563028575",
                "url": "http://nypost.com/2016/12/09/trump-is-turning-the-gop-into-the-workers-party/",
                "wgt": 1
            },
            {
                "body": "Victor Cruz blames a Donald Trump 'mindset' for racist vandalism\n\nOdell Beckham Jr. was fined $12,154 for verbal abuse and excessive profanity toward an official on the field after last week's 24-14 loss to the Steelers in Pittsburgh.\n\nBeckham also could be hit with an additional fine for his ...",
                "date": "2016-12-10",
                "id": "3352158",
                "isDuplicate": false,
                "lang": "eng",
                "sim": 0.7215686440467834,
                "source": {
                    "id": "981",
                    "title": "New York Post",
                    "uri": "nypost.com"
                },
                "time": "01:38:00",
                "title": "Odell Beckham fined for verbal abuse toward an official",
                "uri": "563026150",
                "url": "http://nypost.com/2016/12/09/odell-beckham-fined-for-verbal-abuse-toward-an-official/",
                "wgt": 1
            },
            {
                "body": "A boozed up Romanian man accidentally chopped off his buddy's penis with a chainsaw as his wife and son watched in horror, a report says.\n\n\"We were cutting wood and ... suddenly, I saw my husband covered in blood,\" recalled the shaken-up woman, who chose to remain anonymous.\n\nAccording to the Daily ...",
                "date": "2016-12-10",
                "id": "3352151",
                "isDuplicate": false,
                "lang": "eng",
                "sim": 0,
                "source": {
                    "id": "981",
                    "title": "New York Post",
                    "uri": "nypost.com"
                },
                "time": "01:38:00",
                "title": "Drunk dude accidentally chops off friend's penis with chainsaw",
                "uri": "563026149",
                "url": "http://nypost.com/2016/12/09/drunk-dude-accidentally-chops-off-friends-penis-with-chainsaw/",
                "wgt": 1
            },
            {
                "body": "Three crooks who used stolen credit cards to buy $29,000 worth of luxury goods were arrested in Queens Thursday night, police said.\n\nVictor Lobos, 51, Katherine Perez-Rojas, 25, and Juan Salgado, 27, have been preying upon unsuspecting victims in popular Midtown retail shops since June -- and for ...",
                "date": "2016-12-10",
                "id": "3351030",
                "isDuplicate": false,
                "lang": "eng",
                "sim": 0,
                "source": {
                    "id": "981",
                    "title": "New York Post",
                    "uri": "nypost.com"
                },
                "time": "01:27:00",
                "title": "Trio arrested in $29K credit-card fraud scheme",
                "uri": "563023305",
                "url": "http://nypost.com/2016/12/09/trio-arrested-in-29k-credit-card-fraud-scheme/",
                "wgt": 1
            },
            {
                "body": "Racist graffiti at Giants player home being investigated as hate crime\n\nCoach Ben McAdoo believes his Giants have more than a snowball's chance in hell Sunday against the Cowboys.\n\nEspecially if there are snowballs in East Rutherford.\n\nThe early forecast for Sunday night when the Giants face ...",
                "date": "2016-12-10",
                "id": "3346547",
                "isDuplicate": false,
                "lang": "eng",
                "sim": 0.7686274647712708,
                "source": {
                    "id": "981",
                    "title": "New York Post",
                    "uri": "nypost.com"
                },
                "time": "00:40:00",
                "title": "Giants think cold snap a boon vs. Cowboys but one vet disagrees",
                "uri": "563011010",
                "url": "http://nypost.com/2016/12/09/giants-think-cold-snap-a-boon-vs-cowboys-but-one-vet-disagrees/",
                "wgt": 1
            },
            {
                "body": "Ladies and gentlemen of the working world, let's take a quick poll.\n\nHave many of you have ever spent a liiiiiiiiittle bit of self-indulgent extra time on the loo, even when it wasn't necessary?\n\nBe honest. This is a safe space.\n\nPerhaps there was someone in the cubicle next to you, and you were ...",
                "date": "2016-12-10",
                "id": "3345930",
                "isDuplicate": false,
                "lang": "eng",
                "sim": 0,
                "source": {
                    "id": "981",
                    "title": "New York Post",
                    "uri": "nypost.com"
                },
                "time": "00:35:00",
                "title": "Here's how much you make while you're pooping at work",
                "uri": "563009445",
                "url": "http://nypost.com/2016/12/09/heres-how-much-you-make-while-youre-pooping-at-work/",
                "wgt": 1
            },
            {
                "body": "Six students at a Long Island high school had to be taken to hospital Friday after eating too much pot-laced candy, officials said.\n\nA Sachem North High School student took the candy bar - which was prepackaged and included a label saying it contained marijuana - into the school and shared it with ...",
                "date": "2016-12-10",
                "id": "3345914",
                "isDuplicate": false,
                "lang": "eng",
                "sim": 0.7254902124404907,
                "source": {
                    "id": "981",
                    "title": "New York Post",
                    "uri": "nypost.com"
                },
                "time": "00:35:00",
                "title": "Pot candy sends six high school students to hospital",
                "uri": "563009444",
                "url": "http://nypost.com/2016/12/09/pot-candy-sends-six-high-school-students-to-hospital/",
                "wgt": 1
            },
            {
                "body": "A man accused of raping and murdering a bright Idaho college student -- then dumping her naked body near a stream -- was busted in New York City, police sources said Friday.\n\nThe NYPD officers arrested Bruce Marchant, 61, at a veterans hospital in Manhattan for the murder of 18-year-old Sierra Bush ...",
                "date": "2016-12-10",
                "id": "3344727",
                "isDuplicate": false,
                "lang": "eng",
                "sim": 0.7921568751335144,
                "source": {
                    "id": "981",
                    "title": "New York Post",
                    "uri": "nypost.com"
                },
                "time": "00:25:00",
                "title": "Man accused of raping, killing Idaho student busted in NYC",
                "uri": "563006204",
                "url": "http://nypost.com/2016/12/09/man-accused-of-raping-killing-idaho-student-busted-in-nyc/",
                "wgt": 1
            },
            {
                "body": "A Spanish tourist was struck and killed by a truck while trying to cross a busy Manhattan street Friday evening, police sources said.\n\nThe 58-year-old woman was crossing at W. 39th Street and 10th Avenue when the truck slammed into her at about 6 p.m., according to cops.\n\nThe woman was taken to ...",
                "date": "2016-12-10",
                "id": "3344717",
                "isDuplicate": false,
                "lang": "eng",
                "sim": 0,
                "source": {
                    "id": "981",
                    "title": "New York Post",
                    "uri": "nypost.com"
                },
                "time": "00:25:00",
                "title": "Tourist dies after she's hit by truck while crossing busy street",
                "uri": "563006202",
                "url": "http://nypost.com/2016/12/09/tourist-dies-after-shes-hit-by-truck-while-crossing-busy-street/",
                "wgt": 1
            },
            {
                "body": "The improbable story of Bryce Petty, who's no longer 'fat' Bryce Petty\n\nJoe Mihalich knew Kentucky was coming to town. The date was set more than a year ago.\n\nBut when the Hofstra coach finally started preparing this week for John Calipari's latest crop of All-Americans, the soaring, sprinting ...",
                "date": "2016-12-10",
                "id": "3343839",
                "isDuplicate": false,
                "lang": "eng",
                "sim": 0.7647058963775635,
                "source": {
                    "id": "981",
                    "title": "New York Post",
                    "uri": "nypost.com"
                },
                "time": "00:18:00",
                "title": "Hofstra relishing Kentucky test: 'Why can't we beat them?'",
                "uri": "563003965",
                "url": "http://nypost.com/2016/12/09/hofstra-relishing-kentucky-test-why-cant-we-beat-them/",
                "wgt": 1
            },
            {
                "body": "Donald Trump shut down corporations with possible ties to Saudi Arabia in the days after the presidential election, it was revealed Friday.\n\nA number of corporations, all of which were registered in Delaware, were shuttered after Trump's victory against Hillary Clinton -- four had connections to a ...",
                "date": "2016-12-10",
                "id": "3343183",
                "isDuplicate": false,
                "lang": "eng",
                "sim": 0.7019608020782471,
                "source": {
                    "id": "981",
                    "title": "New York Post",
                    "uri": "nypost.com"
                },
                "time": "00:13:00",
                "title": "Trump lawyer says Saudi-linked businesses were shut down",
                "uri": "563002542",
                "url": "http://nypost.com/2016/12/09/trump-lawyer-says-saudi-linked-businesses-were-shut-down/",
                "wgt": 1
            },
            {
                "body": "Cops arrested a gunman who blasted a state correction officer five times and shot his wife once in the shoulder during a home invasion in Queens last month, police said Friday.\n\nShea Roberts, 24, was arrested about 10 a.m. Tuesday on Mathias Avenue in Jamaica, police said.\n\nThat was the same street ...",
                "date": "2016-12-10",
                "id": "3342124",
                "isDuplicate": false,
                "lang": "eng",
                "sim": 0.529411792755127,
                "source": {
                    "id": "981",
                    "title": "New York Post",
                    "uri": "nypost.com"
                },
                "time": "00:03:00",
                "title": "Suspect arrested in violent invasion of jail guard's home",
                "uri": "562999591",
                "url": "http://nypost.com/2016/12/09/suspect-arrested-in-violent-invasion-of-jail-guards-home/",
                "wgt": 1
            }
        ],
        "totalResults": 72
    }
}