{
    "articles": {
        "count": 90,
        "page": 1,
        "pages": 1,
        "results": [
            {
                "body": "For the last 11 seasons, the Rangers have gone where Henrik Lundqvist has taken them. It will be no different this year.\n\nBut here we are, almost one-third into 2016-17 following a 4-2 victory over the Hurricanes at the Garden on Saturday afternoon in which the Blueshirts spent the first 29 minutes ...",
                "date": "2016-12-03",
                "id": "15055688",
                "isDuplicate": false,
                "lang": "eng",
                "sim": 0.8078431487083435,
                "source": {
                    "id": "13",
                    "title": "New York Post",
                    "uri": "nypost.com"
                },
                "time": "23:43:00",
                "title": "The one word separating this Lundqvist from the great Lundqvist",
                "uri": "559094014",
                "url": "http://nypost.com/2016/12/03/the-one-word-separating-this-lundqvist-from-the-great-lundqvist/",
                "wgt": 1
            },
            {
                "body": "NASHVILLE, Tenn. -- Mike Cammalleri's second goal of the game with 18 seconds remaining on the clock in overtime capped New Jersey's comeback from three goals down in the third period and gave the Devils a 5-4 win over the Predators on Saturday.\n\nTaylor Hall took a pass from Cammalleri and brought ...",
                "date": "2016-12-03",
                "id": "15054360",
                "isDuplicate": true,
                "lang": "eng",
                "sim": 0,
                "source": {
                    "id": "13",
                    "title": "New York Post",
                    "uri": "nypost.com"
                },
                "time": "23:28:00",
                "title": "Devils storm back from 3-goal deficit for thrilling OT win",
                "uri": "559090128",
                "url": "http://nypost.com/2016/12/03/devils-storm-back-from-3-goal-deficit-for-thrilling-ot-win/",
                "wgt": 1
            },
            {
                "body": "Unlike last December, when Mets officials arrived at the winter meetings on a mission to add significant pieces, the next five days for general manager Sandy Alderson and his staff in National Harbor, Md., likely will be about fine-tuning the roster.\n\nYoenis Cespedes' return on a four-year contract ...",
                "date": "2016-12-03",
                "id": "15051032",
                "isDuplicate": false,
                "lang": "eng",
                "sim": 0.6823529601097107,
                "source": {
                    "id": "13",
                    "title": "New York Post",
                    "uri": "nypost.com"
                },
                "time": "22:58:00",
                "title": "How the Mets' shopping list looks after Cespedes splash",
                "uri": "559081044",
                "url": "http://nypost.com/2016/12/03/how-the-mets-shopping-list-looks-after-cespedes-splash/",
                "wgt": 1
            },
            {
                "body": "A man was decapitated Saturday after he fell between the cars of a moving subway train, officials said.\n\nThe unidentified man was between two cars of a southbound F train when he fell in the tunnel north of the West 4th Street station in Greenwich Village at about 3:05 p.m., said officials.\n\n\"He ...",
                "date": "2016-12-03",
                "id": "15050194",
                "isDuplicate": false,
                "lang": "eng",
                "sim": 0,
                "source": {
                    "id": "13",
                    "title": "New York Post",
                    "uri": "nypost.com"
                },
                "time": "22:50:00",
                "title": "Man decapitated after falling between subway cars",
                "uri": "559078760",
                "url": "http://nypost.com/2016/12/03/man-decapitated-after-falling-between-subway-cars/",
                "wgt": 1
            },
            {
                "body": "INDIANAPOLIS -- Steeling himself against the cold outside the Carrier air-conditioning plant on Thursday, Brian Dyson is ecstatic.\n\n\"Look, when Trump came here and said he was going to save jobs, I saw that as just another promise from a politician. Now I realize he is not a politician but a ...",
                "date": "2016-12-03",
                "id": "15049509",
                "isDuplicate": false,
                "lang": "eng",
                "sim": 0.6431372761726379,
                "source": {
                    "id": "13",
                    "title": "New York Post",
                    "uri": "nypost.com"
                },
                "time": "22:42:00",
                "title": "This town gives Trump a second look after the Carrier deal",
                "uri": "559076609",
                "url": "http://nypost.com/2016/12/03/this-town-gives-trump-a-second-look-after-the-carrier-deal/",
                "wgt": 1
            },
            {
                "body": "NASSAU, Bahamas -- Guessing what Tiger Woods was going to shoot in his third round of the Hero World Challenge on Saturday was a hot-button topic on Friday night.\n\nAlthough the local casinos on the island don't set odds on golf, amateur oddsmakers among some journalists covering the tournament set a ...",
                "date": "2016-12-03",
                "id": "15047898",
                "isDuplicate": false,
                "lang": "eng",
                "sim": 0.8039215803146362,
                "source": {
                    "id": "13",
                    "title": "New York Post",
                    "uri": "nypost.com"
                },
                "time": "22:25:00",
                "title": "Tiger Woods crashes back to earth after another dazzling start",
                "uri": "559071035",
                "url": "http://nypost.com/2016/12/03/tiger-woods-crashes-back-to-earth-after-another-dazzling-start/",
                "wgt": 1
            },
            {
                "body": "They are the \"Cardiac Kids'' of the NFL right now, darlings of the fourth quarter.\n\nBut, in the end, what will this mean for the Lions?\n\nHave their NFL-high six fourth-quarter comebacks this season hardened the Lions for a postseason run that leads to a first playoff victory since 1991?\n\nOr is the ...",
                "date": "2016-12-03",
                "id": "15047229",
                "isDuplicate": false,
                "lang": "eng",
                "sim": 0.7450980544090271,
                "source": {
                    "id": "13",
                    "title": "New York Post",
                    "uri": "nypost.com"
                },
                "time": "22:18:00",
                "title": "Are confounding Lions defying or confirming their critics?",
                "uri": "559069102",
                "url": "http://nypost.com/2016/12/03/are-confounding-lions-defying-or-confirming-their-critics/",
                "wgt": 1
            },
            {
                "body": "California mom Sherri Papini survived her alleged three-week ordeal in part by cuddling a piece of fabric as if it were her 2-year-old daughter, according to her husband.\n\n\"She told me she took a piece of cloth and rolled it up like it was Violet, and she rocked it. She was so strong,\" Keith Papini ...",
                "date": "2016-12-03",
                "id": "15045636",
                "isDuplicate": false,
                "lang": "eng",
                "sim": 0.6666666865348816,
                "source": {
                    "id": "13",
                    "title": "New York Post",
                    "uri": "nypost.com"
                },
                "time": "22:06:00",
                "title": "How this jogger survived a 3-week kidnapping nightmare",
                "uri": "559065206",
                "url": "http://nypost.com/2016/12/03/how-this-jogger-survived-a-3-week-kidnapping-nightmare/",
                "wgt": 1
            },
            {
                "body": "The iconic awning that graced punk mecca CBGB goes on the auction block Saturday at Sotheby's.\n\nThe hand-painted vinyl canopy -- emblazoned with the signature CBGB OMFUG and 315 Bowery address -- covered the entrance from 1988 to 2003. The mysterious OMFUG phrase stood for \"Other Music For Uplifting ...",
                "date": "2016-12-03",
                "id": "15043889",
                "isDuplicate": false,
                "lang": "eng",
                "sim": 0,
                "source": {
                    "id": "13",
                    "title": "New York Post",
                    "uri": "nypost.com"
                },
                "time": "21:50:00",
                "title": "Iconic CBGB awning expected to fetch $35K at auction",
                "uri": "559060519",
                "url": "http://nypost.com/2016/12/03/iconic-cbgb-awning-expected-to-fetch-35k-at-auction/",
                "wgt": 1
            },
            {
                "body": "Darrelle Revis has made plenty of news through the years with his contract negotiations. The next time he is at the bargaining table, though, he will have a different view.\n\nRevis fired longtime agents Neil Schwartz and Jonathan Feinsod in May. He does not plan on replacing them.\n\n\"I'm not going to ...",
                "date": "2016-12-03",
                "id": "15043989",
                "isDuplicate": false,
                "lang": "eng",
                "sim": 0.8470588326454163,
                "source": {
                    "id": "13",
                    "title": "New York Post",
                    "uri": "nypost.com"
                },
                "time": "21:50:00",
                "title": "Jets will have to negotiate with Darrelle Revis himself",
                "uri": "559060713",
                "url": "http://nypost.com/2016/12/03/jets-will-have-to-negotiate-with-darrelle-revis-himself/",
                "wgt": 1
            },
            {
                "body": "So goes \"Ra Ra Rasputin,\" the 1978 song by Boney M. It wasn't exactly a mainstream hit, but the fact that he was celebrated in a cheesy 1970s song is pretty good evidence that Rasputin, the wild-eyed Siberian holy man who gained the ear of Romanov Tsar Nicholas and his wife, Alexandra, still manages ...",
                "date": "2016-12-03",
                "id": "15043564",
                "isDuplicate": false,
                "lang": "eng",
                "sim": 0,
                "source": {
                    "id": "13",
                    "title": "New York Post",
                    "uri": "nypost.com"
                },
                "time": "21:46:00",
                "title": "How an irresistible Russian charmed a king -- and paid for it with his",
                "uri": "559059338",
                "url": "http://nypost.com/2016/12/03/how-an-irresistible-russian-charmed-a-king-and-paid-for-it-with-his-life/",
                "wgt": 1
            },
            {
                "body": "NATIONAL HARBOR, Md. -- A year ago, Brian Cashman arrived at the winter meetings looking for a regular second baseman and turned Adam Warren and Brendan Ryan into Starlin Castro, and Justin Wilson into Luis Cessa and Chad Green.\n\nNow, Cashman enters this year's MLB meat market at the Gaylord ...",
                "date": "2016-12-03",
                "id": "15042393",
                "isDuplicate": false,
                "lang": "eng",
                "sim": 0.7450980544090271,
                "source": {
                    "id": "13",
                    "title": "New York Post",
                    "uri": "nypost.com"
                },
                "time": "21:35:00",
                "title": "Yankees head to winter meetings with cash, needs and hesitation",
                "uri": "559055902",
                "url": "http://nypost.com/2016/12/03/yankees-head-to-winter-meetings-with-cash-needs-and-hesitation/",
                "wgt": 1
            },
            {
                "body": "The city is investigating a Manhattan apartment on Airbnb that became a nightmare for a California couple.\n\nThe Post reported last Sunday how talent agent Annette van Duren and her producer husband Alan Sacks were booted after just one night from a flat at 451 West 22nd St. in Chelsea for which they ...",
                "date": "2016-12-03",
                "id": "15041438",
                "isDuplicate": false,
                "lang": "eng",
                "sim": 0.4588235318660736,
                "source": {
                    "id": "13",
                    "title": "New York Post",
                    "uri": "nypost.com"
                },
                "time": "21:25:00",
                "title": "City investigates California couple's Airbnb fiasco",
                "uri": "559053094",
                "url": "http://nypost.com/2016/12/03/city-investigates-california-couples-airbnb-fiasco/",
                "wgt": 1
            },
            {
                "body": "Rangers put forth another lackluster effort in loss to Sabres\n\nChris Kreider scored twice less than 5 minutes apart late in the third period to lift the Rangers to a 4-2 victory over the Hurricanes on Saturday at the Garden.\n\nDerek Stepan had a goal and two assists and Michael Grabner also scored, ...",
                "date": "2016-12-03",
                "id": "15038882",
                "isDuplicate": false,
                "lang": "eng",
                "sim": 0.9764705896377563,
                "source": {
                    "id": "13",
                    "title": "New York Post",
                    "uri": "nypost.com"
                },
                "time": "21:03:00",
                "title": "Chris Kreider takes over as Rangers leave Carolina behind",
                "uri": "559046043",
                "url": "http://nypost.com/2016/12/03/chris-kreider-takes-over-as-rangers-leave-carolina-behind/",
                "wgt": 1
            },
            {
                "body": "In 1986, 18-year-old Sebastian Bach sang rock classics at the wedding of rock photographer Mark Weiss.\n\nAmong the attendees were the parents of Jon Bon Jovi, whose \"Slippery When Wet\" album had just made him a star. And Bach was about to taste stardom, too.\n\nAccording to Bach's new memoir, \"18 and ...",
                "date": "2016-12-03",
                "id": "15038872",
                "isDuplicate": false,
                "lang": "eng",
                "sim": 0.5803921818733215,
                "source": {
                    "id": "13",
                    "title": "New York Post",
                    "uri": "nypost.com"
                },
                "time": "21:03:00",
                "title": "Jon Bon Jovi's dad 'threatened to kill' Skid Row's Sebastian Bach",
                "uri": "559046041",
                "url": "http://nypost.com/2016/12/03/jon-bon-jovis-dad-threatened-to-kill-skid-rows-sebastian-bach/",
                "wgt": 1
            },
            {
                "body": "You want to talk baseball non-stop for four days? It'll be that way in National Harbor, Md., this coming week for the winter meetings, with many industry folks arriving Sunday. Trades will be executed, free-agent deals completed and maybe we'll get lucky and a manager or two -- bet heavily on Terry ...",
                "date": "2016-12-03",
                "id": "15036990",
                "isDuplicate": false,
                "lang": "eng",
                "sim": 0.6274510025978088,
                "source": {
                    "id": "13",
                    "title": "New York Post",
                    "uri": "nypost.com"
                },
                "time": "20:44:00",
                "title": "The 10 hottest names as MLB rumors about to hit fever pitch",
                "uri": "559040032",
                "url": "http://nypost.com/2016/12/03/the-10-hottest-names-as-mlb-rumors-about-to-hit-fever-pitch/",
                "wgt": 1
            },
            {
                "body": "NFL still scared to address crass, uncouth social media behavior\n\nWhen I called my father back home in Oregon on a recent Sunday, he rattled off his thoughts about the election, the health of his two dogs and queries about holiday plans. But, as the child of a sports-loving house (Go, Ducks!), I was ...",
                "date": "2016-12-03",
                "id": "15033623",
                "isDuplicate": false,
                "lang": "eng",
                "sim": 0,
                "source": {
                    "id": "13",
                    "title": "New York Post",
                    "uri": "nypost.com"
                },
                "time": "20:14:00",
                "title": "American football could fall like the gladiators of ancient Rome",
                "uri": "559030361",
                "url": "http://nypost.com/2016/12/03/american-football-could-fall-like-the-gladiators-of-ancient-rome/",
                "wgt": 1
            },
            {
                "body": "It has become so difficult to get a Hatchimal, the hot new toy of the season, that parents have reportedly taken to giving their kids apology letters from Santa. One reads: \"Dear Children, Due to the current climate within the North Pole, Hatchimals will no longer be given out as presents. We are ...",
                "date": "2016-12-03",
                "id": "15025016",
                "isDuplicate": false,
                "lang": "eng",
                "sim": 0,
                "source": {
                    "id": "13",
                    "title": "New York Post",
                    "uri": "nypost.com"
                },
                "time": "19:04:00",
                "title": "Hatchimals could have a worrying side effect on your child",
                "uri": "559005973",
                "url": "http://nypost.com/2016/12/03/hatchimals-could-have-a-worrying-side-effect-on-your-child/",
                "wgt": 1
            },
            {
                "body": "Bellevue -- the city's largest public hospital -- has been synonymous with bedlam since it opened in 1826. The New York Times described it in the early 1900s: \"It gathers the dead and dying from the rivers and streets and is kept busy night and day with the misery of the living.\"\n\nBut as Pulitzer ...",
                "date": "2016-12-03",
                "id": "15025010",
                "isDuplicate": false,
                "lang": "eng",
                "sim": 0,
                "source": {
                    "id": "13",
                    "title": "New York Post",
                    "uri": "nypost.com"
                },
                "time": "19:04:00",
                "title": "Bellevue's doctors invented the procedures you take for granted",
                "uri": "559005972",
                "url": "http://nypost.com/2016/12/03/bellevues-doctors-invented-the-procedures-you-take-for-granted/",
                "wgt": 1
            },
            {
                "body": "MLB finally avoids lockout: Here are eight highlights in the deal\n\nCross one familiar name off the Yankees' designated hitter hunt.\n\nCarlos Beltran will not be reuniting in The Bronx next season, after agreeing to a one-year deal worth $16 million with the Astros on Saturday, ESPN first ...",
                "date": "2016-12-03",
                "id": "15023667",
                "isDuplicate": false,
                "lang": "eng",
                "sim": 0.6823529601097107,
                "source": {
                    "id": "13",
                    "title": "New York Post",
                    "uri": "nypost.com"
                },
                "time": "18:53:00",
                "title": "Yankees miss out on Carlos Beltran",
                "uri": "559002229",
                "url": "http://nypost.com/2016/12/03/yankees-miss-out-on-carlos-beltran/",
                "wgt": 1
            },
            {
                "body": "They were the It girls of their day: fabulous, famous, well-educated and wealthy. No wonder the Schuyler sisters turn heads in \"Hamilton\" -- they're as revolutionary as their male counterparts, only better dressed.\n\nSo who better to model the season's best party dresses than the actresses -- Mandy ...",
                "date": "2016-12-03",
                "id": "15022358",
                "isDuplicate": false,
                "lang": "eng",
                "sim": 0,
                "source": {
                    "id": "13",
                    "title": "New York Post",
                    "uri": "nypost.com"
                },
                "time": "18:43:00",
                "title": "See what these 'Hamilton' actresses look like out of hoop skirts",
                "uri": "558998705",
                "url": "http://nypost.com/2016/12/03/see-what-these-hamilton-actresses-look-like-out-of-hoop-skirts/",
                "wgt": 1
            },
            {
                "body": "The NFL is allowing players to wear custom cleats this week to honor causes of their choice, and when Reggie Bush takes the field for the Buffalo Bills on Sunday, he'll pay tribute to the recently slain Joe McKnight.\n\nUnfortunately, there is a small mistake on the cleats. McKnight was born in 1988, ...",
                "date": "2016-12-03",
                "id": "15020900",
                "isDuplicate": false,
                "lang": "eng",
                "sim": 0.7490196228027344,
                "source": {
                    "id": "13",
                    "title": "New York Post",
                    "uri": "nypost.com"
                },
                "time": "18:31:00",
                "title": "Reggie Bush's heartfelt tribute to Joe McKnight",
                "uri": "558994640",
                "url": "http://nypost.com/2016/12/03/reggie-bushs-heartfelt-tribute-to-joe-mcknight/",
                "wgt": 1
            },
            {
                "body": "A city sanitation worker was busted on weapons possession charges when he took a gun to his urinalysis test in Lower Manhattan, police sources said.\n\nAnthony Greico, 43, was caught with a .22 caliber handgun when he went through security at the Beaver Street sanitation facility about 11:30 a.m. ...",
                "date": "2016-12-03",
                "id": "15017942",
                "isDuplicate": false,
                "lang": "eng",
                "sim": 0,
                "source": {
                    "id": "13",
                    "title": "New York Post",
                    "uri": "nypost.com"
                },
                "time": "18:07:00",
                "title": "City worker busted for taking gun to work",
                "uri": "558985388",
                "url": "http://nypost.com/2016/12/03/city-worker-busted-for-taking-gun-to-work/",
                "wgt": 1
            },
            {
                "body": "Charles Barkley put his foot in his mouth, and Rachel Nichols is ensuring the bitter taste lingers.\n\nNichols, who returned to ESPN last year after three years at TNT, took issue with her former colleague's comments, in which Barkley said the Warriors play \"little girly basketball.\"\n\nOn \"The Jump\" on ...",
                "date": "2016-12-03",
                "id": "15017940",
                "isDuplicate": false,
                "lang": "eng",
                "sim": 0.6039215922355652,
                "source": {
                    "id": "13",
                    "title": "New York Post",
                    "uri": "nypost.com"
                },
                "time": "18:07:00",
                "title": "Rachel Nichols shreds Charles Barkley after 'girly' rip",
                "uri": "558985387",
                "url": "http://nypost.com/2016/12/03/rachel-nichols-shreds-charles-barkley-after-girly-rip/",
                "wgt": 1
            },
            {
                "body": "Warren Beatty is back and better than ever in 'Rules Don't Apply'\n\nAt both Harvard and Columbia this fall we've seen how students who dare to privately act out against PC standards are inspiring crazed nuclear strikes from campus administrators, disproportionate punishment that in turn is bound to ...",
                "date": "2016-12-03",
                "id": "15017951",
                "isDuplicate": false,
                "lang": "eng",
                "sim": 0,
                "source": {
                    "id": "13",
                    "title": "New York Post",
                    "uri": "nypost.com"
                },
                "time": "18:07:00",
                "title": "Ivy League colleges are turning into ruthless PC prisons",
                "uri": "558985389",
                "url": "http://nypost.com/2016/12/03/ivy-league-colleges-are-turning-into-ruthless-pc-prisons/",
                "wgt": 1
            },
            {
                "body": "An emotionally disturbed woman was arrested on the 24th floor of Trump Tower early Saturday, police sources said.\n\nValarie Blazek, 31, entered the building through a tenants' entrance about 12:10 a.m.\n\nSecret Service agents on the 24th floor spotted her talking to herself and realized she didn't ...",
                "date": "2016-12-03",
                "id": "15012248",
                "isDuplicate": false,
                "lang": "eng",
                "sim": 0,
                "source": {
                    "id": "13",
                    "title": "New York Post",
                    "uri": "nypost.com"
                },
                "time": "17:27:00",
                "title": "'Disturbed' woman arrested inside Trump Tower",
                "uri": "558970339",
                "url": "http://nypost.com/2016/12/03/disturbed-woman-arrested-inside-trump-tower/",
                "wgt": 1
            },
            {
                "body": "TRENTON, N.J. -- Keys to the New Jersey lab where Thomas Edison invented the phonograph are up for auction in Dallas, along with some of the lightbulbs that he perfected.\n\nA Pittsburgh man acquired the items from his great aunt, who was married to one of the attorneys whose law firm represented ...",
                "date": "2016-12-03",
                "id": "15009881",
                "isDuplicate": true,
                "lang": "eng",
                "sim": 0,
                "source": {
                    "id": "13",
                    "title": "New York Post",
                    "uri": "nypost.com"
                },
                "time": "17:11:00",
                "title": "Thomas Edison's lab keys, lightbulbs go up for auction",
                "uri": "558964779",
                "url": "http://nypost.com/2016/12/03/thomas-edisons-lab-keys-lightbulbs-go-up-for-auction/",
                "wgt": 1
            },
            {
                "body": "The man who gunned down ex-Jet Joe McKnight was standing over the dying running back and screaming at him after the shooting, according to a second witness whose account contradicts police statements about the incident.\n\nThe witness told TMZ that she heard Ronald Gasser arguing with McKnight before ...",
                "date": "2016-12-03",
                "id": "15004849",
                "isDuplicate": false,
                "lang": "eng",
                "sim": 0.5882353186607361,
                "source": {
                    "id": "13",
                    "title": "New York Post",
                    "uri": "nypost.com"
                },
                "time": "16:38:00",
                "title": "Second witness says shooter screamed at McKnight's body",
                "uri": "558952474",
                "url": "http://nypost.com/2016/12/03/second-witness-says-shooter-screamed-at-mcknights-body/",
                "wgt": 1
            },
            {
                "body": "CHAPECO, Brazil -- On a rainy Saturday that only accentuated the grief, 20,000 people filled a tiny stadium under umbrellas and plastic ponchos to say goodbye to members of the Chapecoense soccer club who died in a plane crash.\n\nThe accident Monday in the Colombian Andes claimed most of the team's ...",
                "date": "2016-12-03",
                "id": "15001945",
                "isDuplicate": true,
                "lang": "eng",
                "sim": 0,
                "source": {
                    "id": "13",
                    "title": "New York Post",
                    "uri": "nypost.com"
                },
                "time": "16:18:00",
                "title": "Fans fill stadium to say goodbye to Brazilian soccer players",
                "uri": "558944611",
                "url": "http://nypost.com/2016/12/03/fans-fill-stadium-to-say-goodbye-to-brazilian-soccer-players/",
                "wgt": 1
            },
            {
                "body": "OAKLAND, Calif. -- At least nine people died in a blaze that broke out during a party in a warehouse late Friday night in the San Francisco Bay Area, according to fire officials.\n\nOakland Fire Chief Teresa Deloche-Reed says at least another 13 people are unaccounted for as of Saturday morning.\n\nThe ...",
                "date": "2016-12-03",
                "id": "15001940",
                "isDuplicate": true,
                "lang": "eng",
                "sim": 0,
                "source": {
                    "id": "13",
                    "title": "New York Post",
                    "uri": "nypost.com"
                },
                "time": "16:18:00",
                "title": "Several reported dead after fire breaks out at warehouse rave",
                "uri": "558944610",
                "url": "http://nypost.com/2016/12/03/several-reported-dead-after-fire-breaks-out-at-warehouse-rave/",
                "wgt": 1
            },
            {
                "body": "A serial bus bandit threatened to kill himself while in police custody Friday night, police sources said.\n\nStaten Islander Nickolas Ellias was hospitalized about 10:30 p.m. after he tied his shirt to a holding cell at the 120th Precinct and told a cell attendant he wanted to kill himself, sources ...",
                "date": "2016-12-03",
                "id": "14994230",
                "isDuplicate": false,
                "lang": "eng",
                "sim": 0.615686297416687,
                "source": {
                    "id": "13",
                    "title": "New York Post",
                    "uri": "nypost.com"
                },
                "time": "15:24:00",
                "title": "Man charged with stealing bus twice threatens suicide",
                "uri": "558921165",
                "url": "http://nypost.com/2016/12/03/man-charged-with-stealing-bus-twice-threatens-suicide/",
                "wgt": 1
            },
            {
                "body": "LONDON -- A former German soldier has left his life's savings to a small Scottish village where he was held as a prisoner of war during World War II.\n\nHeinrich Steinmeyer, a Waffen SS soldier, was 19 when he was captured and was brought to the POW camp at Cultybraggan near the village of Comrie in ...",
                "date": "2016-12-03",
                "id": "14994243",
                "isDuplicate": true,
                "lang": "eng",
                "sim": 0,
                "source": {
                    "id": "13",
                    "title": "New York Post",
                    "uri": "nypost.com"
                },
                "time": "15:24:00",
                "title": "Ex-German POW leaves life savings to Scottish village",
                "uri": "558921166",
                "url": "http://nypost.com/2016/12/03/ex-german-pow-leaves-life-savings-to-scottish-village/",
                "wgt": 1
            },
            {
                "body": "COPENHAGEN, Denmark -- The investigation into how an iron gate stolen from the Nazis' Dachau concentration camp in southern Germany ended up in western Norway may be complicated because \"no useable evidence\" has been found, police said Saturday.\n\nPolice spokeswoman Kari Bjoerkhaug Trones says the ...",
                "date": "2016-12-03",
                "id": "14992761",
                "isDuplicate": true,
                "lang": "eng",
                "sim": 0,
                "source": {
                    "id": "13",
                    "title": "New York Post",
                    "uri": "nypost.com"
                },
                "time": "15:13:00",
                "title": "Stolen Nazi concentration camp gate found in Norway",
                "uri": "558916874",
                "url": "http://nypost.com/2016/12/03/stolen-nazi-concentration-camp-gate-found-in-norway/",
                "wgt": 1
            },
            {
                "body": "China lodged a diplomatic protest on Saturday after U.S. President-elect Donald Trump spoke by phone with President Tsai Ing-wen of Taiwan, but blamed the self-ruled island Beijing claims as its own for the \"petty\" move.\n\nThe 10-minute telephone call with Taiwan's leadership was the first by a U.S. ...",
                "date": "2016-12-03",
                "id": "14977429",
                "isDuplicate": true,
                "lang": "eng",
                "sim": 0,
                "source": {
                    "id": "13",
                    "title": "New York Post",
                    "uri": "nypost.com"
                },
                "time": "13:25:00",
                "title": "China lodges protest after Trump's call with Taiwan",
                "uri": "558877638",
                "url": "http://nypost.com/2016/12/03/china-lodges-protest-after-trumps-call-with-taiwan/",
                "wgt": 1
            },
            {
                "body": "Cyber Monday may be over, but heli-holidays are just beginning. After debuting its first-ever chopper to and from Woodbury Common in New York, the chichi helicopter company Blade is set to offer flights during select weekends, starting mid-December.\n\nWhat professional shopper has an hour to waste to ...",
                "date": "2016-12-03",
                "id": "14974188",
                "isDuplicate": false,
                "lang": "eng",
                "sim": 0,
                "source": {
                    "id": "13",
                    "title": "New York Post",
                    "uri": "nypost.com"
                },
                "time": "13:05:00",
                "title": "Go holiday shopping by helicopter",
                "uri": "558869332",
                "url": "http://nypost.com/2016/12/03/go-holiday-shopping-by-helicopter/",
                "wgt": 1
            },
            {
                "body": "Eva Mendes is the ultimate yummy mummy. Even when she's wearing men's sweatpants and running after her 2-year-old daughter, Esmeralda, while caring for her 7-month-old tot, Amada, the actress, model and creative director for Circa Beauty still manages to find a few minutes to apply just a smidge of ...",
                "date": "2016-12-03",
                "id": "14974187",
                "isDuplicate": false,
                "lang": "eng",
                "sim": 0,
                "source": {
                    "id": "13",
                    "title": "New York Post",
                    "uri": "nypost.com"
                },
                "time": "13:05:00",
                "title": "How Eva Mendez keeps her skin glowing",
                "uri": "558869331",
                "url": "http://nypost.com/2016/12/03/how-eva-mendez-keeps-her-skin-glowing/",
                "wgt": 1
            },
            {
                "body": "BIG SPRING, Texas -- Officials say eight people were injured when a bus carrying high school cheerleaders crashed with a tractor-trailer rig in Texas.\n\nMultiple news media report the Iraan-Sheffield bus carrying the cheerleaders crashed in Howard County after a football game late Friday ...",
                "date": "2016-12-03",
                "id": "14971172",
                "isDuplicate": true,
                "lang": "eng",
                "sim": 0,
                "source": {
                    "id": "13",
                    "title": "New York Post",
                    "uri": "nypost.com"
                },
                "time": "12:41:00",
                "title": "Multiple injured after bus carrying cheerleaders crashes",
                "uri": "558861602",
                "url": "http://nypost.com/2016/12/03/multiple-injured-after-bus-carrying-cheerleaders-crashes/",
                "wgt": 1
            },
            {
                "body": "Television's reboot craze is in full throttle, but, thankfully, one over-indulged genre has earned my equivalent of the \"Fickle Finger of Fate\" award: the '60s-era drama.\n\nThis week alone, Showtime cancelled \"Masters of Sex\" after four seasons, while Amazon unplugged \"Good Girls Revolt\" after one ...",
                "date": "2016-12-03",
                "id": "14967275",
                "isDuplicate": false,
                "lang": "eng",
                "sim": 0,
                "source": {
                    "id": "13",
                    "title": "New York Post",
                    "uri": "nypost.com"
                },
                "time": "12:12:00",
                "title": "Period TV dramas have become pass\u00e9",
                "uri": "558850903",
                "url": "http://nypost.com/2016/12/03/period-tv-dramas-have-become-passe/",
                "wgt": 1
            },
            {
                "body": "She's sometimes called Clara, other times Marie. But by any name, she's still the sweetheart of that great holiday classic \"The Nutcracker.\" No matter what form it's taken over time -- ballet, jazz, hip-hop -- this suite of dances always starts with a young girl's fantasy, and has launched more than ...",
                "date": "2016-12-03",
                "id": "14965634",
                "isDuplicate": false,
                "lang": "eng",
                "sim": 0,
                "source": {
                    "id": "13",
                    "title": "New York Post",
                    "uri": "nypost.com"
                },
                "time": "12:01:00",
                "title": "Meet New York's 4 'Nutcracker' princesses",
                "uri": "558846628",
                "url": "http://nypost.com/2016/12/03/meet-new-yorks-4-nutcracker-princesses/",
                "wgt": 1
            },
            {
                "body": "Make your holiday season a sweet one with these pastries perfect for this time of year.\n\nThese chocolate-covered, heart-shaped honey cookies may look basic, but they're anything but. The traditional Danish treats are made with a honey starter that ferments for a month, and the dough itself takes ...",
                "date": "2016-12-03",
                "id": "14965631",
                "isDuplicate": false,
                "lang": "eng",
                "sim": 0,
                "source": {
                    "id": "13",
                    "title": "New York Post",
                    "uri": "nypost.com"
                },
                "time": "12:01:00",
                "title": "Gorge on NYC's best holiday pastries",
                "uri": "558846626",
                "url": "http://nypost.com/2016/12/03/gorge-on-nycs-best-holiday-pastries/",
                "wgt": 1
            },
            {
                "body": "Fantasy football: WRs key to victory, especially this Seahawks standout\n\nWith the fantasy playoffs just over the horizon, there still is a lot to be decided. With injuries, there is never an offseason, and timing is everything.\n\nSammy Watkins returned, only to have more soreness in his foot. Adrian ...",
                "date": "2016-12-03",
                "id": "14955382",
                "isDuplicate": false,
                "lang": "eng",
                "sim": 0,
                "source": {
                    "id": "13",
                    "title": "New York Post",
                    "uri": "nypost.com"
                },
                "time": "10:47:00",
                "title": "Fantasy football: Why you shouldn't be afraid to play Andrew Luck",
                "uri": "558820110",
                "url": "http://nypost.com/2016/12/03/fantasy-football-why-you-shouldnt-be-afraid-to-play-andrew-luck/",
                "wgt": 1
            },
            {
                "body": "MLB finally avoids lockout: Here are eight highlights in the deal\n\nMuch in the way Elaine's refusal to take her coat off irked everyone on \"Seinfeld,\" the 14-year connection between baseball's All-Star Game and World Series greatly annoyed the game's players. Tony Clark, an All-Star himself in 2001 ...",
                "date": "2016-12-03",
                "id": "14953113",
                "isDuplicate": false,
                "lang": "eng",
                "sim": 0.4627451002597809,
                "source": {
                    "id": "13",
                    "title": "New York Post",
                    "uri": "nypost.com"
                },
                "time": "10:31:00",
                "title": "Players union head: New CBA shields integrity of World Series",
                "uri": "558814496",
                "url": "http://nypost.com/2016/12/03/players-union-head-new-cba-shields-integrity-of-world-series/",
                "wgt": 1
            },
            {
                "body": "Rangers put forth another lackluster effort in loss to Sabres\n\nHere is the line Rangers coach Alain Vigneault drives home as often as possible -- with his team, with the media, with anyone who will listen.\n\n\"There are no easy games,\" he said once again after Friday's practice. \"There are 30 good ...",
                "date": "2016-12-03",
                "id": "14951442",
                "isDuplicate": false,
                "lang": "eng",
                "sim": 0.572549045085907,
                "source": {
                    "id": "13",
                    "title": "New York Post",
                    "uri": "nypost.com"
                },
                "time": "10:18:00",
                "title": "Alain Vigneault points to Islanders to motivate Rangers",
                "uri": "558810001",
                "url": "http://nypost.com/2016/12/03/alain-vigneault-points-to-islanders-to-motivate-rangers/",
                "wgt": 1
            },
            {
                "body": "McKnight has family ties to cops investigating deadly shooting\n\nThere's probably a little rust on center Nick Mangold, Jets coach Todd Bowles said.\n\nBut little short of plague -- or maybe an 18-wheeler -- will stop Mangold from returning to the Jets on Monday against the Colts.\n\n\"I've been wanting ...",
                "date": "2016-12-03",
                "id": "14949795",
                "isDuplicate": false,
                "lang": "eng",
                "sim": 0.7254902124404907,
                "source": {
                    "id": "13",
                    "title": "New York Post",
                    "uri": "nypost.com"
                },
                "time": "10:05:00",
                "title": "'Getting better': Nick Mangold pushing to play vs. Colts",
                "uri": "558805586",
                "url": "http://nypost.com/2016/12/03/getting-better-nick-mangold-pushing-to-play-vs-colts/",
                "wgt": 1
            },
            {
                "body": "Looking at the 5 games that'll decide if Giants are threats or frauds\n\nMaybe it was the 18-foot jumper Kyle O'Quinn knocked down early in the fourth quarter, the one that temporarily halted a Timberwolves blitzkrieg and restored a modicum of order to the proceedings ...\n\nNo, no, that wasn't it. ...",
                "date": "2016-12-03",
                "id": "14948311",
                "isDuplicate": false,
                "lang": "eng",
                "sim": 0.5176470875740051,
                "source": {
                    "id": "13",
                    "title": "New York Post",
                    "uri": "nypost.com"
                },
                "time": "09:53:00",
                "title": "Joakim Noah, who? Kyle O'Quinn makes MSG his playground",
                "uri": "558800527",
                "url": "http://nypost.com/2016/12/03/joakim-noah-who-kyle-oquinn-makes-msg-his-playground/",
                "wgt": 1
            },
            {
                "body": "College star who warmed NBA draft hearts miraculously coming back\n\nMichele Roberts, the Executive Director of the National Basketball Players Association, was among the award recipients at a recent National Association of Black Journalists convention. Another honoree, Earl \"The Pearl\" Monroe, while ...",
                "date": "2016-12-03",
                "id": "14947981",
                "isDuplicate": false,
                "lang": "eng",
                "sim": 0,
                "source": {
                    "id": "13",
                    "title": "New York Post",
                    "uri": "nypost.com"
                },
                "time": "09:50:00",
                "title": "47 surgeries later, Earl Monroe among NBA legends receiving medical",
                "uri": "558799719",
                "url": "http://nypost.com/2016/12/03/47-surgeries-later-earl-monroe-among-nba-legends-receiving-medical-help-from-union/",
                "wgt": 1
            },
            {
                "body": "Cops release sketch of dead baby girl in effort to revive 1993 case\n\nAn inmate serving time for bank robbery was rearrested in prison Friday for the cold case murder of an 89-year-old man in 2012.\n\nHarry Pacheco, 40, is accused of killing Demaso Llano during a botched home invasion in Corona, Queens ...",
                "date": "2016-12-03",
                "id": "14933790",
                "isDuplicate": false,
                "lang": "eng",
                "sim": 0.7686274647712708,
                "source": {
                    "id": "13",
                    "title": "New York Post",
                    "uri": "nypost.com"
                },
                "time": "07:55:00",
                "title": "Bank robber arrested in jail for cold case murder of elderly man",
                "uri": "558759423",
                "url": "http://nypost.com/2016/12/03/bank-robber-arrested-in-jail-for-cold-case-murder-of-elderly-man/",
                "wgt": 1
            },
            {
                "body": "The white man accused of gunning down black ex-Jets running back Joe McKnight was released from police custody early Friday -- as officials contradicted witness claims the athlete was killed as he lay helpless in the street.\n\nRonald Gasser, 54, who allegedly shot the former football player Thursday ...",
                "date": "2016-12-03",
                "id": "14932638",
                "isDuplicate": false,
                "lang": "eng",
                "sim": 0.7529411911964417,
                "source": {
                    "id": "13",
                    "title": "New York Post",
                    "uri": "nypost.com"
                },
                "time": "07:46:00",
                "title": "Bizarre twists emerge in killing of ex-Jets star",
                "uri": "558756547",
                "url": "http://nypost.com/2016/12/03/bizarre-twists-emerge-in-killing-of-ex-jets-star/",
                "wgt": 1
            },
            {
                "body": "On Friday, the Warriors head coach joined CSN Bay Area's Monte Poole's Warriors Insider podcast and spoke on subjects ranging from basketball to race relations.\n\nTucked in the back half of the podcast were Kerr's thoughts on the increasing legalization and decriminalization of marijuana, along with ...",
                "date": "2016-12-03",
                "id": "14930978",
                "isDuplicate": false,
                "lang": "eng",
                "sim": 0.686274528503418,
                "source": {
                    "id": "13",
                    "title": "New York Post",
                    "uri": "nypost.com"
                },
                "time": "07:32:00",
                "title": "Steve Kerr: I smoked marijuana to ease back pain",
                "uri": "558752198",
                "url": "http://nypost.com/2016/12/03/steve-kerr-i-smoked-marijuana-to-ease-back-pain/",
                "wgt": 1
            },
            {
                "body": "PITTSBURGH -- A Pennsylvania high school student who posted on social media an image of a fake license to hunt black people has been removed from school.\n\nOfficials in the Highlands School District in suburban Pittsburgh tell KDKA-TV the student posted an image with a racial slur for black people on ...",
                "date": "2016-12-03",
                "id": "14930786",
                "isDuplicate": false,
                "lang": "eng",
                "sim": 0.9490196108818054,
                "source": {
                    "id": "13",
                    "title": "New York Post",
                    "uri": "nypost.com"
                },
                "time": "07:30:00",
                "title": "Student booted from school after making license 'to hunt black people'",
                "uri": "558751751",
                "url": "http://nypost.com/2016/12/03/student-booted-from-school-after-making-license-to-hunt-black-people/",
                "wgt": 1
            },
            {
                "body": "PORTLAND, Ore. -- A 4-year-old macaw named \"Bird\" is an instant celebrity after appearing in a posed booking mug shot in Oregon with his unfortunate owner.\n\nCraig Buckner left Bird in a tree outside court in Washington County while he went in for an appearance Thursday in an ongoing drug and theft ...",
                "date": "2016-12-03",
                "id": "14929570",
                "isDuplicate": false,
                "lang": "eng",
                "sim": 0,
                "source": {
                    "id": "13",
                    "title": "New York Post",
                    "uri": "nypost.com"
                },
                "time": "07:19:00",
                "title": "Bird becomes instant celeb after posing with owner in epic mugshot",
                "uri": "558748559",
                "url": "http://nypost.com/2016/12/03/bird-becomes-instant-celeb-after-posing-with-owner-in-epic-mugshot/",
                "wgt": 1
            },
            {
                "body": "For as long as standings have been used in sports, players have pretended not to pay attention to them, claiming to be unaware how other teams are doing, regardless of how implausible it may seem.\n\nOn Friday, there was no point in pretending.\n\nThe previous night, many Giants players watched the NFC ...",
                "date": "2016-12-03",
                "id": "14929571",
                "isDuplicate": false,
                "lang": "eng",
                "sim": 0.6117647290229797,
                "source": {
                    "id": "13",
                    "title": "New York Post",
                    "uri": "nypost.com"
                },
                "time": "07:19:00",
                "title": "Defiant Giants on hot Cowboys : 'They haven't won NFC East yet'",
                "uri": "558748558",
                "url": "http://nypost.com/2016/12/03/defiant-giants-on-hot-cowboys-they-havent-won-nfc-east-yet/",
                "wgt": 1
            },
            {
                "body": "MILWAUKEE -- There's something about the third quarter that brings out the worst in the Nets. Or more accurately, brings their worst to the surface.\n\nBrooklyn has been outscored by 7.6 points in the third quarter this season, the worst margin in any period in the entire NBA. They were even worse ...",
                "date": "2016-12-03",
                "id": "14928506",
                "isDuplicate": false,
                "lang": "eng",
                "sim": 0.6784313917160034,
                "source": {
                    "id": "13",
                    "title": "New York Post",
                    "uri": "nypost.com"
                },
                "time": "07:11:00",
                "title": "Nets coach: Third-quarter woes an 'energy' problem",
                "uri": "558745612",
                "url": "http://nypost.com/2016/12/03/nets-coach-third-quarter-woes-an-energy-problem/",
                "wgt": 1
            },
            {
                "body": "Smith, who is rehabbing from a torn right ACL suffered Oct. 23, is probably done with the Jtets, but he expects to play as an NFL quarterback again. And he takes to heart some advice his mother presented at one of his lowest points.\n\n\"My mom told me something that was pretty special,\" Smith said ...",
                "date": "2016-12-03",
                "id": "14927388",
                "isDuplicate": false,
                "lang": "eng",
                "sim": 0,
                "source": {
                    "id": "13",
                    "title": "New York Post",
                    "uri": "nypost.com"
                },
                "time": "07:01:00",
                "title": "Rehabbing Geno Smith agrees with his mom: 'Best' yet to come",
                "uri": "558742530",
                "url": "http://nypost.com/2016/12/03/rehabbing-geno-smith-agrees-with-his-mom-best-yet-to-come/",
                "wgt": 1
            },
            {
                "body": "MILWAUKEE -- The Nets signed restricted free agent Donatas Motiejunas to a front-loaded four-year, $37 million offer sheet Friday, The Post has confirmed. Now, they have to actually land the Houston big man.\n\nBoth Rockets coach Mike D'Antoni and general manager Daryl Morey have said they hope to ...",
                "date": "2016-12-03",
                "id": "14924417",
                "isDuplicate": false,
                "lang": "eng",
                "sim": 0.8235294222831726,
                "source": {
                    "id": "13",
                    "title": "New York Post",
                    "uri": "nypost.com"
                },
                "time": "06:29:00",
                "title": "Nets sign Donatas Motiejunas to $37M offer sheet",
                "uri": "558727953",
                "url": "http://nypost.com/2016/12/03/nets-sign-donatas-motiejunas-to-37m-offer-sheet/",
                "wgt": 1
            },
            {
                "body": "Last season, Joseph Chartouny helped Fordham secure its first winning record in nine years. He led all freshmen in the nation in assists and was named the Atlantic 10 Rookie of the Year.\n\nBut a transition that looked seamless was a well-disguised struggle. Adjusting to life in The Bronx was far more ...",
                "date": "2016-12-03",
                "id": "14923118",
                "isDuplicate": false,
                "lang": "eng",
                "sim": 0,
                "source": {
                    "id": "13",
                    "title": "New York Post",
                    "uri": "nypost.com"
                },
                "time": "06:16:00",
                "title": "Fordham sophomore sensation can take dominance to new level",
                "uri": "558724332",
                "url": "http://nypost.com/2016/12/03/fordham-sophomore-sensation-can-take-dominance-to-new-level/",
                "wgt": 1
            },
            {
                "body": "A Colorado landlord is facing criminal charges after he was caught on video using a tenant's bedroom to have sex, police say.\n\nLogan Pierce got the shock of his life at work the other day when he got an alert on his cellphone from one of the security cameras in his apartment at Skyway Condominiums, ...",
                "date": "2016-12-03",
                "id": "14923104",
                "isDuplicate": false,
                "lang": "eng",
                "sim": 0.8901960849761963,
                "source": {
                    "id": "13",
                    "title": "New York Post",
                    "uri": "nypost.com"
                },
                "time": "06:16:00",
                "title": "Landlord busted for using tenant's home as personal sex pad",
                "uri": "558724331",
                "url": "http://nypost.com/2016/12/03/landlord-busted-for-using-tenants-home-as-personal-sex-pad/",
                "wgt": 1
            },
            {
                "body": "A rookie season always is a learning experience for any player in any sport. Factor in the fact Christian Hackenberg's only playing time came in preseason and that his reps have been with the scout team, and the Jets quarterback has been in watch-and-learn mode virtually every minute of every ...",
                "date": "2016-12-03",
                "id": "14923096",
                "isDuplicate": false,
                "lang": "eng",
                "sim": 0.7490196228027344,
                "source": {
                    "id": "13",
                    "title": "New York Post",
                    "uri": "nypost.com"
                },
                "time": "06:16:00",
                "title": "Jets QB Christian Hackenberg fine watching, learning - for now",
                "uri": "558724330",
                "url": "http://nypost.com/2016/12/03/jets-qb-christian-hackenberg-fine-watching-learning-for-now/",
                "wgt": 1
            },
            {
                "body": "Antonio Brown might be the best wide receiver in the NFL, but even the Steelers' star is just another wide-eyed fan when he watches Odell Beckham Jr.\n\n\"Definitely tuning in to see him,\" Brown told reporters heading into Sunday's matchup at Heinz Field. \"He's an exciting player. I always watch his ...",
                "date": "2016-12-03",
                "id": "14921984",
                "isDuplicate": false,
                "lang": "eng",
                "sim": 0.7411764860153198,
                "source": {
                    "id": "13",
                    "title": "New York Post",
                    "uri": "nypost.com"
                },
                "time": "06:07:00",
                "title": "Steelers' star can't avert eyes from Odell Beckham  highlight reel",
                "uri": "558721278",
                "url": "http://nypost.com/2016/12/03/steelers-star-cant-avert-eyes-from-odell-beckham-highlight-reel/",
                "wgt": 1
            },
            {
                "body": "Airbnb threw in the towel in its battle with the Big Apple on Friday, agreeing not to contest the city's new policy of imposing fines up to $7,500 on people who use the Web site to illegally rent out their apartments.\n\nThe legal settlement -- which leaves AirBnb's clients hung out to dry -- gives ...",
                "date": "2016-12-03",
                "id": "14918878",
                "isDuplicate": false,
                "lang": "eng",
                "sim": 0.5568627715110779,
                "source": {
                    "id": "13",
                    "title": "New York Post",
                    "uri": "nypost.com"
                },
                "time": "05:33:00",
                "title": "Airbnb agrees to abide by NYC's short-term rental fines",
                "uri": "558712049",
                "url": "http://nypost.com/2016/12/03/airbnb-agrees-to-abide-by-nycs-short-term-rental-fines/",
                "wgt": 1
            },
            {
                "body": "The case for Colin Kaepernick as your fantasy streaming answer\n\nIf you get a flat while driving along a remote back road, you don't expect there to be a tire shop just around the corner in the middle of nowhere. You're going to have to use a spare for a while.\n\nIt means your progress will be slower. ...",
                "date": "2016-12-03",
                "id": "14917989",
                "isDuplicate": false,
                "lang": "eng",
                "sim": 0,
                "source": {
                    "id": "13",
                    "title": "New York Post",
                    "uri": "nypost.com"
                },
                "time": "05:25:00",
                "title": "How fantasy owners can fill Rob Gronkowski gaping hole",
                "uri": "558709910",
                "url": "http://nypost.com/2016/12/03/how-fantasy-owners-can-fill-rob-gronkowski-gaping-hole/",
                "wgt": 1
            },
            {
                "body": "How Rangers could answer the big question about their defense\n\nIt seems Kevin Klein needed just one game to sit and watch in order to get the message.\n\nThe Rangers' stout defenseman was set to return to the lineup for Saturday's Garden matinee against the Hurricanes after he was a healthy scratch ...",
                "date": "2016-12-03",
                "id": "14917957",
                "isDuplicate": false,
                "lang": "eng",
                "sim": 0,
                "source": {
                    "id": "13",
                    "title": "New York Post",
                    "uri": "nypost.com"
                },
                "time": "05:25:00",
                "title": "Rangers' Kevin Klein on benching: Message received",
                "uri": "558709904",
                "url": "http://nypost.com/2016/12/03/rangers-kevin-klein-on-benching-message-received/",
                "wgt": 1
            },
            {
                "body": "Army Sgt. Bowe Bergdahl-held captive for five years after being captured by the Taliban in Afghanistan-has requested a pardon from President Obama, Fox News has learned from two senior US officials.\n\nAccording to a well-placed source, Bergdahl thanked the president for rescuing him in May 2014 in a ...",
                "date": "2016-12-03",
                "id": "14917952",
                "isDuplicate": false,
                "lang": "eng",
                "sim": 0.9333333373069763,
                "source": {
                    "id": "13",
                    "title": "New York Post",
                    "uri": "nypost.com"
                },
                "time": "05:25:00",
                "title": "Bowe Bergdahl requests pardon from Obama",
                "uri": "558709907",
                "url": "http://nypost.com/2016/12/03/bowe-bergdahl-requests-pardon-from-obama/",
                "wgt": 1
            },
            {
                "body": "{* #userInformationForm *} {* traditionalSignIn_emailAddress *} {* traditionalSignIn_password *} {* traditionalSignIn_signInButton *} {* /userInformationForm *} {* #registrationForm *} {* traditionalRegistration_emailAddress *} {* traditionalRegistration_password *} {* ...",
                "date": "2016-12-03",
                "id": "14917357",
                "isDuplicate": true,
                "lang": "eng",
                "sim": 0,
                "source": {
                    "id": "13",
                    "title": "New York Post",
                    "uri": "nypost.com"
                },
                "time": "05:19:00",
                "title": "The day in photos: Dec. 2, 2016",
                "uri": "558708263",
                "url": "http://nypost.com/2016/12/03/the-day-in-photos-dec-2-2016/",
                "wgt": 1
            },
            {
                "body": "When Victor Cruz became Victor Cruz, it was in December, when the weather turns colder and every football game can carry playoff implications. Who can forget his Christmas Eve game against the Jets in 2011 when his 99-yard touchdown reception helped trigger a magical Super Bowl run?\n\nCruz has missed ...",
                "date": "2016-12-03",
                "id": "14915845",
                "isDuplicate": false,
                "lang": "eng",
                "sim": 0.6549019813537598,
                "source": {
                    "id": "13",
                    "title": "New York Post",
                    "uri": "nypost.com"
                },
                "time": "05:03:00",
                "title": "Victor Cruz loving every minute of Giants' playoff push",
                "uri": "558703906",
                "url": "http://nypost.com/2016/12/02/victor-cruz-loving-every-minute-of-giants-playoff-push/",
                "wgt": 1
            },
            {
                "body": "LOS ANGELES -- A professor was stabbed to death on the University of Southern California campus in Los Angeles on Friday and a suspect arrested in his death is a male student, a police spokeswoman said.\n\nLos Angeles Police Officer Meghan Aguilar did not immediately release the names of the professor ...",
                "date": "2016-12-03",
                "id": "14914202",
                "isDuplicate": true,
                "lang": "eng",
                "sim": 0,
                "source": {
                    "id": "13",
                    "title": "New York Post",
                    "uri": "nypost.com"
                },
                "time": "04:48:00",
                "title": "Professor fatally stabbed in USC campus building",
                "uri": "558699720",
                "url": "http://nypost.com/2016/12/02/professor-fatally-stabbed-in-usc-campus-building/",
                "wgt": 1
            },
            {
                "body": "Here are blockbusters to blow up Mets and Yankees offseasons\n\nJacob deGrom is ready to snap his fingers and -- presto -- return to form as a potential ace of the Mets' rotation.\n\nAfter undergoing September surgery to relocate the ulnar nerve in his right elbow, deGrom felt discomfort any time he ...",
                "date": "2016-12-03",
                "id": "14913830",
                "isDuplicate": false,
                "lang": "eng",
                "sim": 0.8352941274642944,
                "source": {
                    "id": "13",
                    "title": "New York Post",
                    "uri": "nypost.com"
                },
                "time": "04:45:00",
                "title": "Jacob deGrom knows he's healthy: He can snap his fingers",
                "uri": "558698928",
                "url": "http://nypost.com/2016/12/02/jacob-degrom-knows-hes-healthy-he-can-snap-his-fingers/",
                "wgt": 1
            },
            {
                "body": "City officials have intentionally ground Midtown to a halt with the hidden purpose of making drivers so miserable that they leave their cars at home and turn to mass transit or bicycles, high-level sources told The Post.\n\nToday's gridlock is the result of an effort by the Bloomberg and de\u2009Blasio ...",
                "date": "2016-12-03",
                "id": "14912968",
                "isDuplicate": false,
                "lang": "eng",
                "sim": 0.5254902243614197,
                "source": {
                    "id": "13",
                    "title": "New York Post",
                    "uri": "nypost.com"
                },
                "time": "04:36:00",
                "title": "New York City's traffic is intentionally horrible",
                "uri": "558695693",
                "url": "http://nypost.com/2016/12/02/new-york-citys-traffic-is-intentionally-horrible/",
                "wgt": 1
            },
            {
                "body": "{* #userInformationForm *} {* traditionalSignIn_emailAddress *} {* traditionalSignIn_password *} {* traditionalSignIn_signInButton *} {* /userInformationForm *} {* #registrationForm *} {* traditionalRegistration_emailAddress *} {* traditionalRegistration_password *} {* ...",
                "date": "2016-12-03",
                "id": "14911944",
                "isDuplicate": true,
                "lang": "eng",
                "sim": 0,
                "source": {
                    "id": "13",
                    "title": "New York Post",
                    "uri": "nypost.com"
                },
                "time": "04:27:00",
                "title": "There's good news if you're looking for work",
                "uri": "558693253",
                "url": "http://nypost.com/2016/12/02/theres-good-news-if-youre-looking-for-work/",
                "wgt": 1
            },
            {
                "body": "The unemployment rate fell to a nine-year low of 4.6 percent in November as the US economy added 178,000 jobs in the month, continuing a steady, if undramatic, expansion.\n\nThe report Friday by the Labor Department -- marking the 74th straight month of job creation -- was generally in line with Wall ...",
                "date": "2016-12-03",
                "id": "14911948",
                "isDuplicate": false,
                "lang": "eng",
                "sim": 0.6666666865348816,
                "source": {
                    "id": "13",
                    "title": "New York Post",
                    "uri": "nypost.com"
                },
                "time": "04:27:00",
                "title": "Unemployment falls but that likely means a Fed rate hike",
                "uri": "558693255",
                "url": "http://nypost.com/2016/12/02/unemployment-falls-but-that-likely-means-a-fed-rate-hike/",
                "wgt": 1
            },
            {
                "body": "NEW ORLEANS -- Marcus LoVett hit 7 of 8 shots for 18 points and St. John's tied the school record with 16 3-pointers to race to a 95-75 win over Tulane on Friday night, ending a five-game losing streak.\n\nFederico Mussini and Bashir Ahmed added 17 points apiece and Shamorie Ponds 15 for the Red Storm ...",
                "date": "2016-12-03",
                "id": "14909488",
                "isDuplicate": false,
                "lang": "eng",
                "sim": 0.886274516582489,
                "source": {
                    "id": "13",
                    "title": "New York Post",
                    "uri": "nypost.com"
                },
                "time": "04:03:00",
                "title": "St. John's uses record 3-point barrage to snap losing skid",
                "uri": "558686780",
                "url": "http://nypost.com/2016/12/02/st-johns-uses-record-3-point-barrage-to-snap-losing-skid/",
                "wgt": 1
            },
            {
                "body": "Pandora is almost certainly headed into the arms of a larger entity.\n\nThe shareholders of the Oakland, Calif., company have decided it's time the company explore a full-on sale -- with Liberty Media-backed SiriusXM appearing to be first up at the table, sources told The Post.\n\n\"The large ...",
                "date": "2016-12-03",
                "id": "14909479",
                "isDuplicate": false,
                "lang": "eng",
                "sim": 0.7921568751335144,
                "source": {
                    "id": "13",
                    "title": "New York Post",
                    "uri": "nypost.com"
                },
                "time": "04:03:00",
                "title": "SiriusXM reportedly looking to snatch up Pandora",
                "uri": "558686779",
                "url": "http://nypost.com/2016/12/02/siriusxm-reportedly-looking-to-snatch-up-pandora/",
                "wgt": 1
            },
            {
                "body": "Derrick Rose benching stresses Knicks' thorny point-guard issue\n\nThe Knicks were missing two starters and getting an awful shooting performance from Kristaps Porzingis.\n\nBut have no fear. Kyle O'Quinn is here.\n\nYes, Derrick Rose and Carmelo Anthony stepped up big time, but the Knicks got by far the ...",
                "date": "2016-12-03",
                "id": "14907258",
                "isDuplicate": false,
                "lang": "eng",
                "sim": 0.6039215922355652,
                "source": {
                    "id": "13",
                    "title": "New York Post",
                    "uri": "nypost.com"
                },
                "time": "03:36:00",
                "title": "Unlikely hero bails out Knicks in tight win over Timberwolves",
                "uri": "558680490",
                "url": "http://nypost.com/2016/12/02/unlikely-hero-bails-out-knicks-in-tight-win-over-timberwolves/",
                "wgt": 1
            },
            {
                "body": "Your craft beer might get a lot more expensive thanks to climate change\n\nForeign beer makers are taking some big swigs of the frothy US craft beer business.\n\nJust this week, the number of breweries in this country surpassed 5,000 for the first time, up 1,000 in the past year and light years ahead of ...",
                "date": "2016-12-03",
                "id": "14906537",
                "isDuplicate": false,
                "lang": "eng",
                "sim": 0.6039215922355652,
                "source": {
                    "id": "13",
                    "title": "New York Post",
                    "uri": "nypost.com"
                },
                "time": "03:27:00",
                "title": "Craft beer industry gets major boost from foreign investors",
                "uri": "558677201",
                "url": "http://nypost.com/2016/12/02/craft-beer-industry-gets-major-boost-from-foreign-investors/",
                "wgt": 1
            },
            {
                "body": "Gov. Cuomo's war of passive-aggressive slaps with the Legislature escalated further this week. How long before it goes nuclear?\n\nIn the runup to Thanksgiving, Cuomo's pawns on a special committee dashed lawmakers' hopes of getting a raise. In response, the Legislature's leaders aimed to ruin the ...",
                "date": "2016-12-03",
                "id": "14903035",
                "isDuplicate": false,
                "lang": "eng",
                "sim": 0.5921568870544434,
                "source": {
                    "id": "13",
                    "title": "New York Post",
                    "uri": "nypost.com"
                },
                "time": "02:45:00",
                "title": "Cuomo's war with the Legislature is getting close to nuclear",
                "uri": "558667124",
                "url": "http://nypost.com/2016/12/02/cuomos-war-with-the-legislature-is-getting-close-to-nuclear/",
                "wgt": 1
            },
            {
                "body": "It's been a rough few weeks for President Obama. Voters in so-called \"Blue Wall\" states seemingly rejected the vast majority of the president's legacy.\n\nWhether it was ObamaCare, lax immigration enforcement or the Trans Pacific Partnership, millions of voters (many of whom voted for him in 2008 and ...",
                "date": "2016-12-03",
                "id": "14902696",
                "isDuplicate": false,
                "lang": "eng",
                "sim": 0.5568627715110779,
                "source": {
                    "id": "13",
                    "title": "New York Post",
                    "uri": "nypost.com"
                },
                "time": "02:42:00",
                "title": "Obama's pathetic 'Blame Fox' excuse",
                "uri": "558666155",
                "url": "http://nypost.com/2016/12/02/obamas-pathetic-blame-fox-excuse/",
                "wgt": 1
            },
            {
                "body": "A Bronx elementary school ignored reports that a 10-year-old student...\n\nA Bronx teacher who pleaded guilty to raping his 10-year-old student in 2014 is now recanting his confession, claiming the victim's mom fabricated the allegations because he ended an affair.\n\nAnthony Criscuolo, 43, now insists ...",
                "date": "2016-12-03",
                "id": "14901812",
                "isDuplicate": false,
                "lang": "eng",
                "sim": 0,
                "source": {
                    "id": "13",
                    "title": "New York Post",
                    "uri": "nypost.com"
                },
                "time": "02:31:00",
                "title": "Ex-teacher recants student rape confession, claims victim's mom lied",
                "uri": "558663552",
                "url": "http://nypost.com/2016/12/02/ex-teacher-recants-student-rape-confession-claims-victims-mom-lied/",
                "wgt": 1
            },
            {
                "body": "A Staten Island man was arrested Friday for jumping onto an empty city bus parked at the St. George Ferry Terminal and taking it on a joyride, police report.\n\nIt's the second time Nickolas Ellias has been charged with stealing a bus. In June 2014 he also drove off in a bus at the transit terminal, ...",
                "date": "2016-12-03",
                "id": "14901805",
                "isDuplicate": false,
                "lang": "eng",
                "sim": 0.7647058963775635,
                "source": {
                    "id": "13",
                    "title": "New York Post",
                    "uri": "nypost.com"
                },
                "time": "02:31:00",
                "title": "Man busted for stealing a bus to go on joyride -- again",
                "uri": "558663550",
                "url": "http://nypost.com/2016/12/02/man-busted-for-stealing-a-bus-to-go-on-joyride-again/",
                "wgt": 1
            },
            {
                "body": "Colleges and universities are not the only institutions infantilizing young adults these days. State and local governments are, too. The latest example is the District of Columbia, which is about to raise the smoking age to 21. In doing so it will join California, Hawaii and more than 100 cities, ...",
                "date": "2016-12-03",
                "id": "14899648",
                "isDuplicate": false,
                "lang": "eng",
                "sim": 0,
                "source": {
                    "id": "13",
                    "title": "New York Post",
                    "uri": "nypost.com"
                },
                "time": "02:06:00",
                "title": "The smoke and mirrors of the anti-cigarette crusade",
                "uri": "558657375",
                "url": "http://nypost.com/2016/12/02/the-smoke-and-mirrors-of-the-anti-cigarette-crusade/",
                "wgt": 1
            },
            {
                "body": "French Foreign Minister Jean-Marc Ayrault this week called the bloodshed in Syria, where Bashar al-Assad is butchering civilians, \"a descent into Hell\" and demanded an emergency meeting of the UN Security Council.\n\nBritish Prime Minister Theresa May called the situation \"horrific.\"\n\nThe Security ...",
                "date": "2016-12-03",
                "id": "14899642",
                "isDuplicate": false,
                "lang": "eng",
                "sim": 0,
                "source": {
                    "id": "13",
                    "title": "New York Post",
                    "uri": "nypost.com"
                },
                "time": "02:06:00",
                "title": "As Syria burns, the United Nations again bashes ... Israel",
                "uri": "558657376",
                "url": "http://nypost.com/2016/12/02/as-syria-burns-the-united-nations-again-bashes-israel/",
                "wgt": 1
            },
            {
                "body": "Derrick Rose was quoted in Slam Magazine this week saying he hopes he can spend the rest of his career with the Knicks.\n\nRose will become a free agent July 1 but currently is eligible for a two-year contract extension with 4.5 percent raises on what he makes now -- $21.3 million. On Dec. 22, the ...",
                "date": "2016-12-03",
                "id": "14898330",
                "isDuplicate": false,
                "lang": "eng",
                "sim": 0.7529411911964417,
                "source": {
                    "id": "13",
                    "title": "New York Post",
                    "uri": "nypost.com"
                },
                "time": "01:54:00",
                "title": "Derrick Rose: Would be 'cool' to be with Knicks for rest of career",
                "uri": "558654065",
                "url": "http://nypost.com/2016/12/02/derrick-rose-would-be-cool-to-be-with-knicks-for-rest-of-career/",
                "wgt": 1
            },
            {
                "body": "Just days after the plane crash that tragically killed most of Chapecoense's players and staff, there are lingering questions about what the Brazilian soccer club's future holds.\n\nBut for one player who survived the crash, a miraculous recovery could be in the works. Helio Hermito Zampier Neto, a ...",
                "date": "2016-12-03",
                "id": "14896657",
                "isDuplicate": true,
                "lang": "eng",
                "sim": 0,
                "source": {
                    "id": "13",
                    "title": "New York Post",
                    "uri": "nypost.com"
                },
                "time": "01:38:00",
                "title": "Chapecoense crash survivor on track for miraculous return to soccer",
                "uri": "558649717",
                "url": "http://nypost.com/2016/12/02/chapecoense-crash-survivor-on-track-for-miraculous-return-to-soccer/",
                "wgt": 1
            },
            {
                "body": "I'm lucky enough to know Gen. James Mattis slightly. Just well enough to trust him unreservedly with our military and our nation's security.\n\nThe president-elect could not choose a better man to be our next secretary of defense. Not just because Mattis is a battle-hardened Marine with a remarkable ...",
                "date": "2016-12-03",
                "id": "14895226",
                "isDuplicate": false,
                "lang": "eng",
                "sim": 0.615686297416687,
                "source": {
                    "id": "13",
                    "title": "New York Post",
                    "uri": "nypost.com"
                },
                "time": "01:24:00",
                "title": "Trump couldn't have made a better pick than Gen. Mattis",
                "uri": "558645972",
                "url": "http://nypost.com/2016/12/02/trump-couldnt-have-made-a-better-pick-than-gen-mattis/",
                "wgt": 1
            },
            {
                "body": "On Wednesday, the Obama administration announced new rules to ban all smoking in public housing across America. One last (we hope) goodbye present of infringing on individual liberty.\n\nIn the city, the Housing and Urban Development Department's mandate will affect more than 400,000 tenants in ...",
                "date": "2016-12-03",
                "id": "14895224",
                "isDuplicate": false,
                "lang": "eng",
                "sim": 0.4627451002597809,
                "source": {
                    "id": "13",
                    "title": "New York Post",
                    "uri": "nypost.com"
                },
                "time": "01:24:00",
                "title": "Team Obama's last meddle in Americans' private lives",
                "uri": "558645973",
                "url": "http://nypost.com/2016/12/02/team-obamas-last-meddle-in-americans-private-lives/",
                "wgt": 1
            },
            {
                "body": "Gov. Cuomo's administration has blackballed a dozen foreign companies for supporting the boycott, divestment and sanctions movement against Israel, The Post has learned.\n\nThe Office of General Services compiled the list after Cuomo issued an executive order in June barring New York State's ...",
                "date": "2016-12-03",
                "id": "14894137",
                "isDuplicate": false,
                "lang": "eng",
                "sim": 0,
                "source": {
                    "id": "13",
                    "title": "New York Post",
                    "uri": "nypost.com"
                },
                "time": "01:14:00",
                "title": "Cuomo has blacklist of foreign firms that support BDS",
                "uri": "558642810",
                "url": "http://nypost.com/2016/12/02/cuomo-has-blacklist-of-foreign-firms-that-support-bds/",
                "wgt": 1
            },
            {
                "body": "A beefy ex-Rikers Island guard broke down in tears Friday as he explained to a jury how a colleague repeatedly kicked an infirm inmate in the head despite his pleas to stop.\n\n\"I heard him scream, 'you motherf--ker,' and he kicked him real hard in the side of the head,\" a choked-up Anthony Torres ...",
                "date": "2016-12-03",
                "id": "14892037",
                "isDuplicate": false,
                "lang": "eng",
                "sim": 0.8705882430076599,
                "source": {
                    "id": "13",
                    "title": "New York Post",
                    "uri": "nypost.com"
                },
                "time": "00:55:00",
                "title": "Ex-Rikers guard gives emotional testimony about inmate's death",
                "uri": "558637176",
                "url": "http://nypost.com/2016/12/02/ex-rikers-guard-gives-emotional-testimony-about-inmates-death/",
                "wgt": 1
            },
            {
                "body": "Mystery surrounds the death of New Jersey college student who went missing just before Thanksgiving and was found dead at a state forest reserve -- the victim of a homicide, cops said Friday.\n\nSearch crews stumbled upon the body of 20-year-old Sarah Butler at around 11:30 a.m. Thursday while ...",
                "date": "2016-12-03",
                "id": "14890735",
                "isDuplicate": false,
                "lang": "eng",
                "sim": 0.7176470756530762,
                "source": {
                    "id": "13",
                    "title": "New York Post",
                    "uri": "nypost.com"
                },
                "time": "00:45:00",
                "title": "Student found slain in forest after mysterious disappearance",
                "uri": "558634055",
                "url": "http://nypost.com/2016/12/02/student-found-slain-in-forest-after-mysterious-disappearance/",
                "wgt": 1
            },
            {
                "body": "Two Long Island teachers say their high-ups did nothing to address their complaints that they were victimized for years by their sex-crazed supervisor - so now they're suing.\n\nAlphonso Daddino and John Brennan, who teach social studies at Valley Stream Central High School, claim they and others were ...",
                "date": "2016-12-03",
                "id": "14890244",
                "isDuplicate": false,
                "lang": "eng",
                "sim": 0,
                "source": {
                    "id": "13",
                    "title": "New York Post",
                    "uri": "nypost.com"
                },
                "time": "00:41:00",
                "title": "Teachers say they were sexually harassed by supervisor",
                "uri": "558632631",
                "url": "http://nypost.com/2016/12/02/teachers-say-they-were-sexually-harassed-by-supervisor/",
                "wgt": 1
            },
            {
                "body": "Just when we've finally accepted that celebrities will never shut up about the election, Hollywood has gone one annoying step further: It's turned cuddly fictional characters into political mouthpieces.\n\nIn recent weeks, a trend has emerged of giving real-world opinions to fake people that viewers ...",
                "date": "2016-12-03",
                "id": "14887649",
                "isDuplicate": false,
                "lang": "eng",
                "sim": 0,
                "source": {
                    "id": "13",
                    "title": "New York Post",
                    "uri": "nypost.com"
                },
                "time": "00:21:00",
                "title": "TV characters, please stop opining on the election",
                "uri": "558626107",
                "url": "http://nypost.com/2016/12/02/tv-characters-please-stop-opining-on-the-election/",
                "wgt": 1
            },
            {
                "body": "Broncos star linebacker Von Miller wants his rivals in the AFC West to drink and be merry this Christmas -- sending every single player on the Raiders, Chiefs and Chargers a custom bottle of wine recently to show how much he enjoys planting them in the dirt.\n\n\"It is an honor and a privilege to take ...",
                "date": "2016-12-03",
                "id": "14887652",
                "isDuplicate": false,
                "lang": "eng",
                "sim": 0.772549033164978,
                "source": {
                    "id": "13",
                    "title": "New York Post",
                    "uri": "nypost.com"
                },
                "time": "00:21:00",
                "title": "Sex tape scandal can't keep Von Miller from playing NFL Santa Claus",
                "uri": "558626109",
                "url": "http://nypost.com/2016/12/02/sex-tape-scandal-cant-keep-von-miller-from-playing-nfl-santa-claus/",
                "wgt": 1
            }
        ],
        "totalResults": 90
    }
}