{
    "articles": {
        "count": 91,
        "page": 1,
        "pages": 1,
        "results": [
            {
                "body": "The president-elect's phone call with Taiwan's President Tsai Ing-wen \"implicitly recognized Taiwan's status as a sovereign state, thereby breaking with decades of settled China policy,\" notes Gordon C. Chang at The National Interest. This was upset the US foreign-policy establishment -- but Trump ...",
                "date": "2016-12-04",
                "id": "15221161",
                "isDuplicate": false,
                "lang": "eng",
                "sim": 0,
                "source": {
                    "id": "13",
                    "title": "New York Post",
                    "uri": "nypost.com"
                },
                "time": "23:54:00",
                "title": "Behind Trump's Taiwan call and other notable comments",
                "uri": "559608175",
                "url": "http://nypost.com/2016/12/04/behind-trumps-taiwan-call-and-other-notable-comments/",
                "wgt": 1
            },
            {
                "body": "Time for some traffic problems in Manhattan! City officials have...\n\nSaturday's Post report on the roots of the city's traffic woes doesn't prove that Mayor de Blasio, or Mike Bloomberg before him, desired this chaos -- but it's obvious that neither ever worried about what his policies would mean to ...",
                "date": "2016-12-04",
                "id": "15221134",
                "isDuplicate": false,
                "lang": "eng",
                "sim": 0,
                "source": {
                    "id": "13",
                    "title": "New York Post",
                    "uri": "nypost.com"
                },
                "time": "23:54:00",
                "title": "How Bloomberg and de Blasio made traffic even worse",
                "uri": "559608163",
                "url": "http://nypost.com/2016/12/04/how-bloomberg-and-de-blasio-made-traffic-even-worse/",
                "wgt": 1
            },
            {
                "body": "Black inmate attacks suspected Charleston church shooter in jail\n\nWhite Supremacist Dylann Roof, awaiting trial for fatally shooting nine members of a historic black church in South Carolina last year, submitted a handwritten letter to the judge Sunday -- this time begging for his lawyers back.\n\nThe ...",
                "date": "2016-12-04",
                "id": "15219813",
                "isDuplicate": false,
                "lang": "eng",
                "sim": 0.7019608020782471,
                "source": {
                    "id": "13",
                    "title": "New York Post",
                    "uri": "nypost.com"
                },
                "time": "23:42:00",
                "title": "Charleston church shooter changes tune  --  wants his lawyers back",
                "uri": "559604503",
                "url": "http://nypost.com/2016/12/04/charleston-church-shooter-changes-tune-wants-his-lawyers-back/",
                "wgt": 1
            },
            {
                "body": "In choosing their next chief, Democrats should listen to Obama\n\nBig Labor pumped $530 million of workers' dues into mostly Democratic Party groups and liberal causes over a four-year period -- with dismal results, according to a new analysis.\n\nDespite the unions' massive cash infusion into ...",
                "date": "2016-12-04",
                "id": "15216218",
                "isDuplicate": false,
                "lang": "eng",
                "sim": 0.6000000238418579,
                "source": {
                    "id": "13",
                    "title": "New York Post",
                    "uri": "nypost.com"
                },
                "time": "23:14:00",
                "title": "Big Labor threw tons of cash at Democrats, but workers voted red:",
                "uri": "559595460",
                "url": "http://nypost.com/2016/12/04/big-labor-threw-tons-of-cash-at-democrats-but-workers-voted-red-report/",
                "wgt": 1
            },
            {
                "body": "NASSAU, Bahamas -- While the golf world focused on the comeback of Tiger Woods after 15 months away from tournament golf, something of significance entirely unrelated to Woods unfolded at Albany Golf Club on Sunday in the final round of the Hero World Challenge.\n\nHideki Matsuyama, a 24-year-old ...",
                "date": "2016-12-04",
                "id": "15214462",
                "isDuplicate": false,
                "lang": "eng",
                "sim": 0.501960813999176,
                "source": {
                    "id": "13",
                    "title": "New York Post",
                    "uri": "nypost.com"
                },
                "time": "23:02:00",
                "title": "Tiger Woods' return hiding emergence of a budding golf star",
                "uri": "559591389",
                "url": "http://nypost.com/2016/12/04/tiger-woods-return-hiding-emergence-of-a-budding-golf-star/",
                "wgt": 1
            },
            {
                "body": "WASHINGTON - Nancy Pelosi just gave Republicans another reason for celebration.\n\nThe newly elected Minority Leader insisted Sunday Dems aren't looking for a \"new direction\" even after the bruising Election Day defeats and a GOP monopoly in Washington.\n\nA defiant -- and possibly delusional -- Pelosi ...",
                "date": "2016-12-04",
                "id": "15214134",
                "isDuplicate": false,
                "lang": "eng",
                "sim": 0.7137255072593689,
                "source": {
                    "id": "13",
                    "title": "New York Post",
                    "uri": "nypost.com"
                },
                "time": "23:00:00",
                "title": "Nancy Pelosi: I don't think Democrats want a new direction",
                "uri": "559590503",
                "url": "http://nypost.com/2016/12/04/nancy-pelosi-i-dont-think-democrats-want-a-new-direction/",
                "wgt": 1
            },
            {
                "body": "{* #userInformationForm *} {* traditionalSignIn_emailAddress *} {* traditionalSignIn_password *} {* traditionalSignIn_signInButton *} {* /userInformationForm *} {* #registrationForm *} {* traditionalRegistration_emailAddress *} {* traditionalRegistration_password *} {* ...",
                "date": "2016-12-04",
                "id": "15213941",
                "isDuplicate": true,
                "lang": "eng",
                "sim": 0,
                "source": {
                    "id": "13",
                    "title": "New York Post",
                    "uri": "nypost.com"
                },
                "time": "22:58:00",
                "title": "New York now has its own version of the Drudge Report",
                "uri": "559590203",
                "url": "http://nypost.com/2016/12/04/new-york-now-has-its-own-version-of-the-drudge-report/",
                "wgt": 1
            },
            {
                "body": "{* #userInformationForm *} {* traditionalSignIn_emailAddress *} {* traditionalSignIn_password *} {* traditionalSignIn_signInButton *} {* /userInformationForm *} {* #registrationForm *} {* traditionalRegistration_emailAddress *} {* traditionalRegistration_password *} {* ...",
                "date": "2016-12-04",
                "id": "15209984",
                "isDuplicate": false,
                "lang": "eng",
                "sim": 0,
                "source": {
                    "id": "13",
                    "title": "New York Post",
                    "uri": "nypost.com"
                },
                "time": "22:27:00",
                "title": "Man found dead lying on shoulder of highway",
                "uri": "559580080",
                "url": "http://nypost.com/2016/12/04/man-found-dead-lying-on-shoulder-of-highway/",
                "wgt": 1
            },
            {
                "body": "A dog owner was caught on video socking a kangaroo in the face after the marsupial put his pooch in a headlock.\n\nThe footage shows a group of friends driving in a white truck in what appeared to be the rural bush in Australia when one of the men suddenly yells at his dog, Max, ordering him to \"come ...",
                "date": "2016-12-04",
                "id": "15209146",
                "isDuplicate": false,
                "lang": "eng",
                "sim": 0.6470588445663452,
                "source": {
                    "id": "13",
                    "title": "New York Post",
                    "uri": "nypost.com"
                },
                "time": "22:19:00",
                "title": "This guy punched a kangaroo in the face to save his dog",
                "uri": "559577953",
                "url": "http://nypost.com/2016/12/04/this-guy-punched-a-kangaroo-in-the-face-to-save-his-dog/",
                "wgt": 1
            },
            {
                "body": "NATIONAL HARBOR, Md. -- The Mets spent $110 million to sign Yoenis Cespedes. But they bought something else: time.\n\nCespedes was the Mets' priority -- important issue 1, 2 and 3. So by getting his contract finalized before the winter meetings, the Mets feel they can now both laser focus on bulking ...",
                "date": "2016-12-04",
                "id": "15208399",
                "isDuplicate": false,
                "lang": "eng",
                "sim": 0.6745098233222961,
                "source": {
                    "id": "13",
                    "title": "New York Post",
                    "uri": "nypost.com"
                },
                "time": "22:14:00",
                "title": "Mets now open to nearly anything  --  including Conforto trade",
                "uri": "559576058",
                "url": "http://nypost.com/2016/12/04/mets-now-open-to-nearly-anything-including-conforto-trade/",
                "wgt": 1
            },
            {
                "body": "Dustin Johnson rides hottest year of career into first place\n\nPhase One of Tiger Woods' comeback was completed successfully on Sunday at the Hero World Challenge. After having not played tournament golf for more than 15 months because of back ailments, he finished all 72 holes without physical ...",
                "date": "2016-12-04",
                "id": "15208389",
                "isDuplicate": false,
                "lang": "eng",
                "sim": 0.6627451181411743,
                "source": {
                    "id": "13",
                    "title": "New York Post",
                    "uri": "nypost.com"
                },
                "time": "22:14:00",
                "title": "Where Tiger Woods goes now after mixed-bag return",
                "uri": "559576065",
                "url": "http://nypost.com/2016/12/04/tiger-woods-face-plants-in-ugly-finish-at-comeback-tournament/",
                "wgt": 1
            },
            {
                "body": "Sure, dark eyes smolder, but bright, jewel-tone-lined peepers, like Emily Ratajkowski's at this year's Emmys, steal the show -- and are surprisingly easy to pull off.\n\n\"The key for this look is choosing a color that's going to complement your own eye color at the same time as making your eyes pop,\" ...",
                "date": "2016-12-04",
                "id": "15205257",
                "isDuplicate": false,
                "lang": "eng",
                "sim": 0,
                "source": {
                    "id": "13",
                    "title": "New York Post",
                    "uri": "nypost.com"
                },
                "time": "21:45:00",
                "title": "How to change up your usual holiday party style",
                "uri": "559565534",
                "url": "http://nypost.com/2016/12/04/how-to-change-up-your-usual-holiday-party-style/",
                "wgt": 1
            },
            {
                "body": "WASHINGTON -- Reince Priebus stood solidly by President Elect Donald Trump's wild allegations that \"millions\" of people cast votes illegally and therefore cost him the popular vote.\n\n\"It's possible,\" Priebus, Trump's incoming chief of staff, said Sunday on CBS's \"Face the Nation.\"\n\nPressed by ...",
                "date": "2016-12-04",
                "id": "15205255",
                "isDuplicate": false,
                "lang": "eng",
                "sim": 0.5843137502670288,
                "source": {
                    "id": "13",
                    "title": "New York Post",
                    "uri": "nypost.com"
                },
                "time": "21:45:00",
                "title": "Priebus gives weight to Trump's allegations that 'millions' voted",
                "uri": "559565540",
                "url": "http://nypost.com/2016/12/04/priebus-gives-weight-to-trumps-allegations-that-millions-voted-illegally/",
                "wgt": 1
            },
            {
                "body": "I'm envious of my friends who have the courage to give up secure jobs to take a risk on something entrepreneurial. They seem to find it so gratifying. As for me, I feel that I am too risk-averse to try something new and challenging. I am happy in my work but not passionate. Any suggestions for how ...",
                "date": "2016-12-04",
                "id": "15205032",
                "isDuplicate": false,
                "lang": "eng",
                "sim": 0,
                "source": {
                    "id": "13",
                    "title": "New York Post",
                    "uri": "nypost.com"
                },
                "time": "21:43:00",
                "title": "Want to be an entrepreneur? Have a backup plan",
                "uri": "559564863",
                "url": "http://nypost.com/2016/12/04/want-to-be-an-entrepreneur-have-a-backup-plan/",
                "wgt": 1
            },
            {
                "body": "When a company's branch manager throws a huge party to land a client in the Jennifer Aniston flick \"Office Christmas Party,\" out this week, many viewers may relate.\n\nThe company holiday party is about more than an open bar: It's a great opportunity to advance your career. \"This celebration is a key ...",
                "date": "2016-12-04",
                "id": "15205026",
                "isDuplicate": false,
                "lang": "eng",
                "sim": 0,
                "source": {
                    "id": "13",
                    "title": "New York Post",
                    "uri": "nypost.com"
                },
                "time": "21:43:00",
                "title": "How to use your office holiday party to land a promotion",
                "uri": "559564869",
                "url": "http://nypost.com/2016/12/04/how-to-use-your-office-holiday-party-to-land-a-promotion/",
                "wgt": 1
            },
            {
                "body": "A New Jersey teen was arrested after she was caught on camera tossing a cat out of three-story building as her friend laughed in the background, according to a report Sunday.\n\nA short video clip uploaded to social media showed 19-year-old Tikeemah Lassiter clutching the tabby cat in a blanket before ...",
                "date": "2016-12-04",
                "id": "15204483",
                "isDuplicate": false,
                "lang": "eng",
                "sim": 0.7686274647712708,
                "source": {
                    "id": "13",
                    "title": "New York Post",
                    "uri": "nypost.com"
                },
                "time": "21:38:00",
                "title": "Woman threw her cat off third-floor balcony",
                "uri": "559562928",
                "url": "http://nypost.com/2016/12/04/woman-threw-her-cat-off-third-floor-balcony/",
                "wgt": 1
            },
            {
                "body": "WASHINGTON - Facing a complaining China, Team Trump downplayed the President Elect's conversation Friday with Taiwan's president that broke with a US policy set in 1979.\n\n\"It was just a phone call,\" senior advisor Kellyanne Conway told Fox News Sunday.\n\nTrump is \"well aware\" of the \"One China\" ...",
                "date": "2016-12-04",
                "id": "15203825",
                "isDuplicate": false,
                "lang": "eng",
                "sim": 0.6392157077789307,
                "source": {
                    "id": "13",
                    "title": "New York Post",
                    "uri": "nypost.com"
                },
                "time": "21:32:00",
                "title": "Conway: Trump's talk with Taiwanese president 'just a phone call'",
                "uri": "559560607",
                "url": "http://nypost.com/2016/12/04/conway-trumps-talk-with-taiwanese-president-just-a-phone-call/",
                "wgt": 1
            },
            {
                "body": "The latest cruel reminder for the Jets and their quarterback-starved fan base will be wearing No. 12 -- of course he will be wearing Joe Willie's familiar No. 12 -- and playing quarterback for the Colts on Monday night.\n\nLuck, cleared from the concussion protocol Friday, may not endure long enough ...",
                "date": "2016-12-04",
                "id": "15203824",
                "isDuplicate": false,
                "lang": "eng",
                "sim": 0.6705882549285889,
                "source": {
                    "id": "13",
                    "title": "New York Post",
                    "uri": "nypost.com"
                },
                "time": "21:32:00",
                "title": "It's time to find out if Jets' QB curse extends to Hackenberg",
                "uri": "559560612",
                "url": "http://nypost.com/2016/12/04/its-time-to-find-out-if-jets-qb-curse-extends-to-hackenberg/",
                "wgt": 1
            },
            {
                "body": "OAKLAND, Calif. - The death toll in Oakland's devastating \"Ghost Ship\" warehouse fire reached 30 on Sunday -- with grim expectations that the figure will continue to rise, authorities said.\n\nLoved ones of those still missing are being asked to secure and preserve their toothbrushes, combs and ...",
                "date": "2016-12-04",
                "id": "15201564",
                "isDuplicate": false,
                "lang": "eng",
                "sim": 0.4392156898975372,
                "source": {
                    "id": "13",
                    "title": "New York Post",
                    "uri": "nypost.com"
                },
                "time": "21:15:00",
                "title": "Oakland authorities struggling to ID victims in artists' party fire",
                "uri": "559554536",
                "url": "http://nypost.com/2016/12/04/oakland-authorities-struggling-to-id-victims-in-artists-party-fire/",
                "wgt": 1
            },
            {
                "body": "\"Five years ago, I made a serious mistake,\" Petraeus told ABC's \"This Week. \"I acknowledged it. I apologized for it. I paid a very heavy price for it and I've learned from it.\"\n\nPetraeus pled guilty in 2015 to giving classified material to his lover and biographer Paula Broadwell. The former ...",
                "date": "2016-12-04",
                "id": "15193471",
                "isDuplicate": false,
                "lang": "eng",
                "sim": 0.729411780834198,
                "source": {
                    "id": "13",
                    "title": "New York Post",
                    "uri": "nypost.com"
                },
                "time": "20:07:00",
                "title": "Petraeus wants public to look past classified info scandal",
                "uri": "559532074",
                "url": "http://nypost.com/2016/12/04/petraeus-wants-public-to-look-past-classified-info-scandal/",
                "wgt": 1
            },
            {
                "body": "OAKLAND, Calif. - Loved ones of Brooklyn filmmaker Alex Ghassan told The Post on Sunday that they are fearing the worst because they have not heard from the 35-year-old father of two since he went to the rave party-turned-inferno in Oakland.\n\nGhassan's friends and relatives held vigil at the Alameda ...",
                "date": "2016-12-04",
                "id": "15193470",
                "isDuplicate": false,
                "lang": "eng",
                "sim": 0,
                "source": {
                    "id": "13",
                    "title": "New York Post",
                    "uri": "nypost.com"
                },
                "time": "20:07:00",
                "title": "Loved ones of filmmaker lost in Oakland fire fear for the worst",
                "uri": "559532069",
                "url": "http://nypost.com/2016/12/04/loved-ones-of-filmmaker-lost-in-oakland-fire-fear-for-the-worst/",
                "wgt": 1
            },
            {
                "body": "Sen. Charles Schumer took aim Sunday at United Airlines, slamming the carrier's newly announced policy of banning select ticket-holders from using overhead bins -- unless they shell out more money.\n\n\"No matter the ticket price, the overhead bin should be free,\" the Democrat said, adding that the new ...",
                "date": "2016-12-04",
                "id": "15189640",
                "isDuplicate": false,
                "lang": "eng",
                "sim": 0.7803921699523926,
                "source": {
                    "id": "13",
                    "title": "New York Post",
                    "uri": "nypost.com"
                },
                "time": "19:38:00",
                "title": "Overhead bins should be free for all fliers: Chuck Schumer",
                "uri": "559522241",
                "url": "http://nypost.com/2016/12/04/overhead-bins-should-be-free-for-all-fliers-chuck-schumer/",
                "wgt": 1
            },
            {
                "body": "A man was in critical condition and a firefighter was also injured when a fire broke out in a Bronx home Sunday morning, officials said.\n\nSixty firefighters responded to the blaze on the second floor of a building on Corsa Avenue near Boston Road in Baychester at about 7:50 a.m., a fire department ...",
                "date": "2016-12-04",
                "id": "15188470",
                "isDuplicate": false,
                "lang": "eng",
                "sim": 0,
                "source": {
                    "id": "13",
                    "title": "New York Post",
                    "uri": "nypost.com"
                },
                "time": "19:28:00",
                "title": "Civilian, firefighter injured in house fire",
                "uri": "559518927",
                "url": "http://nypost.com/2016/12/04/civilian-firefighter-injured-in-house-fire/",
                "wgt": 1
            },
            {
                "body": "{* #userInformationForm *} {* traditionalSignIn_emailAddress *} {* traditionalSignIn_password *} {* traditionalSignIn_signInButton *} {* /userInformationForm *} {* #registrationForm *} {* traditionalRegistration_emailAddress *} {* traditionalRegistration_password *} {* ...",
                "date": "2016-12-04",
                "id": "15188462",
                "isDuplicate": true,
                "lang": "eng",
                "sim": 0,
                "source": {
                    "id": "13",
                    "title": "New York Post",
                    "uri": "nypost.com"
                },
                "time": "19:28:00",
                "title": "Man decapitated by train was subway surfing: cops",
                "uri": "559518940",
                "url": "http://nypost.com/2016/12/04/man-decapitated-by-train-was-subway-surfing-cops/",
                "wgt": 1
            },
            {
                "body": "{* #userInformationForm *} {* traditionalSignIn_emailAddress *} {* traditionalSignIn_password *} {* traditionalSignIn_signInButton *} {* /userInformationForm *} {* #registrationForm *} {* traditionalRegistration_emailAddress *} {* traditionalRegistration_password *} {* ...",
                "date": "2016-12-04",
                "id": "15188451",
                "isDuplicate": true,
                "lang": "eng",
                "sim": 0,
                "source": {
                    "id": "13",
                    "title": "New York Post",
                    "uri": "nypost.com"
                },
                "time": "19:28:00",
                "title": "Man found dead on Brooklyn expressway",
                "uri": "559518923",
                "url": "http://nypost.com/2016/12/04/man-found-dead-on-brooklyn-expressway/",
                "wgt": 1
            },
            {
                "body": "Brooklyn, Bronx and Queens-raised Bozella (he moved around a lot as a kid) never had a song written about him, as Rubin \"Hurricane\" Carter did, by Bob Dylan. But he, too, was a boxer who was wrongly convicted of murder. Bozella, who got 20 years to life for the murder of a 90-year-old woman in ...",
                "date": "2016-12-04",
                "id": "15187615",
                "isDuplicate": false,
                "lang": "eng",
                "sim": 0,
                "source": {
                    "id": "13",
                    "title": "New York Post",
                    "uri": "nypost.com"
                },
                "time": "19:21:00",
                "title": "This week's must-read books",
                "uri": "559516833",
                "url": "http://nypost.com/2016/12/04/this-weeks-must-read-books-150/",
                "wgt": 1
            },
            {
                "body": "Donald Trump sort of, kind of, has the support of the coveted 7-foot-3, Latvian unicorn demographic.\n\nKristaps Porzingis, with the caveat that he is not in touch with the political scene, dipped his toe ever so gently into hot-button election of Donald Trump as president-elect of the United States, ...",
                "date": "2016-12-04",
                "id": "15186461",
                "isDuplicate": false,
                "lang": "eng",
                "sim": 0.6235294342041016,
                "source": {
                    "id": "13",
                    "title": "New York Post",
                    "uri": "nypost.com"
                },
                "time": "19:11:00",
                "title": "Hesitant Porzingis on Donald Trump: They booed me, too",
                "uri": "559513722",
                "url": "http://nypost.com/2016/12/04/hesitant-porzingis-on-donald-trump-they-booed-me-too/",
                "wgt": 1
            },
            {
                "body": "A merciless mugger brutally beat a 54-year-old woman after cornering her in a vestibule in order to snatch her purse, cops said.\n\nThe attack, which was caught on surveillance footage in the victim's Upper East Side apartment, shows the crook throwing a powerful punch at the woman's face during the ...",
                "date": "2016-12-04",
                "id": "15185337",
                "isDuplicate": false,
                "lang": "eng",
                "sim": 0,
                "source": {
                    "id": "13",
                    "title": "New York Post",
                    "uri": "nypost.com"
                },
                "time": "19:03:00",
                "title": "Video shows purse-snatcher brutally punching woman",
                "uri": "559510869",
                "url": "http://nypost.com/2016/12/04/video-shows-purse-snatcher-brutally-punching-woman/",
                "wgt": 1
            },
            {
                "body": "SANTIAGO, Cuba -- Fidel Castro's ashes were interred in a private ceremony Sunday morning, ending nine days of mourning for the man who ruled Cuba for nearly half a century.\n\nThe military caravan bearing his remains in a flag-draped cedar coffin left the Plaza of the Revolution in the eastern city ...",
                "date": "2016-12-04",
                "id": "15182601",
                "isDuplicate": false,
                "lang": "eng",
                "sim": 0.8588235378265381,
                "source": {
                    "id": "13",
                    "title": "New York Post",
                    "uri": "nypost.com"
                },
                "time": "18:40:00",
                "title": "Fidel Castro's ashes interred in private ceremony",
                "uri": "559503532",
                "url": "http://nypost.com/2016/12/04/fidel-castros-ashes-interred-in-private-ceremony/",
                "wgt": 1
            },
            {
                "body": "Draymond Green was whistled for a flagrant foul in double-overtime Friday against the Rockets when he flailed his leg after attempting a shot from underneath the basket, catching James Harden's face. Green, of course, was suspended during the Finals last season and fined for kicking Steven Adams a ...",
                "date": "2016-12-04",
                "id": "15179470",
                "isDuplicate": false,
                "lang": "eng",
                "sim": 0.5215686559677124,
                "source": {
                    "id": "13",
                    "title": "New York Post",
                    "uri": "nypost.com"
                },
                "time": "18:18:00",
                "title": "This Draymond Green crane kick is just about indefensible",
                "uri": "559495271",
                "url": "http://nypost.com/2016/12/04/this-draymond-green-crane-kick-is-just-about-indefensible/",
                "wgt": 1
            },
            {
                "body": "It was business as usual at a brothel in the middle of the stroller-mom, upscale Brooklyn neighborhood of Carroll Gardens on Sunday morning, with male customers being escorted into the red-curtained business one at a time.\n\nNeighbors of Tao -- a storefront operation on 257 Smith St. where a Post ...",
                "date": "2016-12-04",
                "id": "15179468",
                "isDuplicate": false,
                "lang": "eng",
                "sim": 0,
                "source": {
                    "id": "13",
                    "title": "New York Post",
                    "uri": "nypost.com"
                },
                "time": "18:18:00",
                "title": "Neighbors want to know why cops haven't closed brothel yet",
                "uri": "559495276",
                "url": "http://nypost.com/2016/12/04/neighbors-want-to-know-why-cops-havent-closed-brothel-yet/",
                "wgt": 1
            },
            {
                "body": "My wife and I used to go to Redeemer Presbyterian [Church] in Manhattan, where Keller is a pastor. I knew he wrote a bunch of books, and this is one of the first I picked up. I grew up in a Christian household, and this book opened things up and made me look at God in another way -- that God can be ...",
                "date": "2016-12-04",
                "id": "15177811",
                "isDuplicate": false,
                "lang": "eng",
                "sim": 0,
                "source": {
                    "id": "13",
                    "title": "New York Post",
                    "uri": "nypost.com"
                },
                "time": "18:07:00",
                "title": "In my Library: Marc Staal",
                "uri": "559490619",
                "url": "http://nypost.com/2016/12/04/in-my-library-marc-staal/",
                "wgt": 1
            },
            {
                "body": "A speeding SUV crashed into a low brick wall in Queens and burst into flames on Saturday, killing the driver and leaving his passenger critically hurt, police said.\n\nThe SUV, with Florida plates, had been traveling on Union Turnpike in Kew Gardens, cops said. On top of the wall is a sign stating the ...",
                "date": "2016-12-04",
                "id": "15177794",
                "isDuplicate": false,
                "lang": "eng",
                "sim": 0,
                "source": {
                    "id": "13",
                    "title": "New York Post",
                    "uri": "nypost.com"
                },
                "time": "18:07:00",
                "title": "Speeding driver killed in fiery crash",
                "uri": "559490625",
                "url": "http://nypost.com/2016/12/04/speeding-driver-killed-in-fiery-crash/",
                "wgt": 1
            },
            {
                "body": "A woman was found dead, slumped over on a bench in a Lower Manhattan subway station, cops said Sunday.\n\nThe woman, who appeared to be in her 50s and homeless, was fully clothed when police found her on a bench near the token booth at the Chambers Street station around 3:10 p.m. Saturday, police ...",
                "date": "2016-12-04",
                "id": "15175405",
                "isDuplicate": false,
                "lang": "eng",
                "sim": 0,
                "source": {
                    "id": "13",
                    "title": "New York Post",
                    "uri": "nypost.com"
                },
                "time": "17:49:00",
                "title": "Woman found dead at subway station",
                "uri": "559484238",
                "url": "http://nypost.com/2016/12/04/woman-found-dead-at-subway-station/",
                "wgt": 1
            },
            {
                "body": "Alabama will play Washington and Ohio State is set to face Clemson in the College Football Playoff semifinals.\n\nThe selection committee stayed with the same top four as it had going into championship weekend, leaving out Penn State even though the Nittany Lions won the Big Ten championship and beat ...",
                "date": "2016-12-04",
                "id": "15175399",
                "isDuplicate": true,
                "lang": "eng",
                "sim": 0,
                "source": {
                    "id": "13",
                    "title": "New York Post",
                    "uri": "nypost.com"
                },
                "time": "17:49:00",
                "title": "The College Football Playoff bracket is revealed",
                "uri": "559484243",
                "url": "http://nypost.com/2016/12/04/the-college-football-playoff-bracket-is-revealed/",
                "wgt": 1
            },
            {
                "body": "OXON HILL, Md. - Once Carlos Beltran agreed Saturday to a one-year deal with the Astros, he was removed as an option for the Yankees. But it also eliminated Houston as a suitor for Edwin Encarnacion.\n\nIf the Red Sox are to be believed and are not going to invest significantly in a DH replacement for ...",
                "date": "2016-12-04",
                "id": "15174178",
                "isDuplicate": false,
                "lang": "eng",
                "sim": 0.615686297416687,
                "source": {
                    "id": "13",
                    "title": "New York Post",
                    "uri": "nypost.com"
                },
                "time": "17:41:00",
                "title": "The two-headed Yankees DH alternative to risky Encarnacion",
                "uri": "559481220",
                "url": "http://nypost.com/2016/12/04/the-two-headed-yankees-dh-alternative-to-risky-encarnacion/",
                "wgt": 1
            },
            {
                "body": "The California man who organized the artists' collective at the...\n\nOfficials in Oakland, California, say the death toll has risen to 24 from a fire that ripped through a converted warehouse.\n\nAlameda County Sheriff's Sgt. Ray Kelly announced the new figure early Sunday. He says officials anticipate ...",
                "date": "2016-12-04",
                "id": "15168254",
                "isDuplicate": true,
                "lang": "eng",
                "sim": 0,
                "source": {
                    "id": "13",
                    "title": "New York Post",
                    "uri": "nypost.com"
                },
                "time": "17:00:00",
                "title": "Death toll rises in Oakland artist workspace fire",
                "uri": "559466270",
                "url": "http://nypost.com/2016/12/04/death-toll-rises-in-oakland-artist-workspace-fire/",
                "wgt": 1
            },
            {
                "body": "Last year, Odell Beckham Jr. was publicly hammered for being too violent with an opponent (Josh Norman). This year, he's in the center of a debate over whether he and a rival are too buddy-buddy.\n\nThe Giants star wide receiver hung out with fellow all-world wideout Antonio Brown on Saturday, the ...",
                "date": "2016-12-04",
                "id": "15167705",
                "isDuplicate": false,
                "lang": "eng",
                "sim": 0,
                "source": {
                    "id": "13",
                    "title": "New York Post",
                    "uri": "nypost.com"
                },
                "time": "16:58:00",
                "title": "Internet takes sides over Odell and Antonio Brown's bro session",
                "uri": "559465165",
                "url": "http://nypost.com/2016/12/04/internet-takes-sides-over-odell-and-antonio-browns-bro-session/",
                "wgt": 1
            },
            {
                "body": "LYON, France -- Lyon goalkeeper Anthony Lopes has been diagnosed with post-traumatic hearing loss in both ears after firecrackers were thrown at him during a French league game.\n\nLopes, who was taken to the hospital after experiencing dizzy spells during a match at Metz on Saturday, said that the ...",
                "date": "2016-12-04",
                "id": "15160799",
                "isDuplicate": true,
                "lang": "eng",
                "sim": 0,
                "source": {
                    "id": "13",
                    "title": "New York Post",
                    "uri": "nypost.com"
                },
                "time": "16:12:00",
                "title": "Goalie pelted with firecrackers in ear-splitting fan attack",
                "uri": "559444247",
                "url": "http://nypost.com/2016/12/04/goalie-pelted-with-firecrackers-in-ear-splitting-fan-attack/",
                "wgt": 1
            },
            {
                "body": "This 'little whorehouse' in Texas helped a president relieve stress\n\nA male prostitute castrated and murdered a Bronx john who refused to pay him, according to police.\n\nCops say the victim, 68, was found lying in the bathtub of his Concourse Village apartment around 8:30 p.m. Saturday, and ...",
                "date": "2016-12-04",
                "id": "15159884",
                "isDuplicate": false,
                "lang": "eng",
                "sim": 0.6941176652908325,
                "source": {
                    "id": "13",
                    "title": "New York Post",
                    "uri": "nypost.com"
                },
                "time": "16:06:00",
                "title": "Male prostitute planned to eat customer's penis after killing him:",
                "uri": "559442206",
                "url": "http://nypost.com/2016/12/04/male-prostitute-planned-to-eat-customers-penis-after-killing-him-cops/",
                "wgt": 1
            },
            {
                "body": "Gayle Sassoon can't look in the mirror without being transported back to that terrible moment.\n\nHer face is covered in an elastic medical mask, meant to help heal her cracked and brittle fire-ravaged skin. Third-degree burns mar 45 percent of her dainty frame. Her voice is raspy from smoke damage to ...",
                "date": "2016-12-04",
                "id": "15157506",
                "isDuplicate": false,
                "lang": "eng",
                "sim": 0,
                "source": {
                    "id": "13",
                    "title": "New York Post",
                    "uri": "nypost.com"
                },
                "time": "15:48:00",
                "title": "Mom who lost 7 children in fire wants to build family center in their",
                "uri": "559435699",
                "url": "http://nypost.com/2016/12/04/mom-who-lost-7-children-in-fire-wants-to-build-family-center-in-their-memory/",
                "wgt": 1
            },
            {
                "body": "One of those feared missing in the Oakland inferno is Alex Ghassan, 35, a film producer and father of twin girls who splits his time between Brooklyn and Oakland.\n\nJust prior to the fire, Ghassan, posted on Instagram a video snippet showing the darkened, cavernous club interior. Pulsing electronic ...",
                "date": "2016-12-04",
                "id": "15156584",
                "isDuplicate": false,
                "lang": "eng",
                "sim": 0,
                "source": {
                    "id": "13",
                    "title": "New York Post",
                    "uri": "nypost.com"
                },
                "time": "15:42:00",
                "title": "Brooklyn filmmaker among missing in Oakland fire",
                "uri": "559433380",
                "url": "http://nypost.com/2016/12/04/brooklyn-filmmaker-among-missing-in-oakland-fire/",
                "wgt": 1
            },
            {
                "body": "The Los Angeles Rams have locked up head coach Jeff Fisher for a few more years, despite his recent lack of success. According to Ian Rapoport of NFL Network, Fisher, with rumors swirling about his job security, has signed a two-year extension to remain in Los Angeles through the 2018 ...",
                "date": "2016-12-04",
                "id": "15156481",
                "isDuplicate": false,
                "lang": "eng",
                "sim": 0.8274509906768799,
                "source": {
                    "id": "13",
                    "title": "New York Post",
                    "uri": "nypost.com"
                },
                "time": "15:41:00",
                "title": "Jeff Fisher cannot be killed",
                "uri": "559432995",
                "url": "http://nypost.com/2016/12/04/jeff-fisher-cannot-be-killed/",
                "wgt": 1
            },
            {
                "body": "The California man who organized the artists' collective where an inferno at a warehouse party killed as many as 40 people controversially mourned the loss of his life's work on social media.\n\nAs emergency crews spent a second day searching through the charred Oakland building for any signs of life, ...",
                "date": "2016-12-04",
                "id": "15155677",
                "isDuplicate": false,
                "lang": "eng",
                "sim": 0.6235294342041016,
                "source": {
                    "id": "13",
                    "title": "New York Post",
                    "uri": "nypost.com"
                },
                "time": "15:35:00",
                "title": "Artist mourning loss of life's work in Oakland fire sparks outrage",
                "uri": "559430968",
                "url": "http://nypost.com/2016/12/04/artist-mourning-loss-of-lifes-work-in-oakland-fire-sparks-outrage/",
                "wgt": 1
            },
            {
                "body": "Donald Trump couldn't even make it through the whole episode of \"Saturday Night Live\" without deeming it \"unwatchable\" for its continued mockery of his Twitter habits.\n\n\"Just tried watching Saturday Night Live - unwatchable! Totally biased, not funny and the Baldwin impersonation just can't get any ...",
                "date": "2016-12-04",
                "id": "15145074",
                "isDuplicate": false,
                "lang": "eng",
                "sim": 0.658823549747467,
                "source": {
                    "id": "13",
                    "title": "New York Post",
                    "uri": "nypost.com"
                },
                "time": "14:18:00",
                "title": "Trump can't stop tweeting about Baldwin's 'SNL' impression",
                "uri": "559403070",
                "url": "http://nypost.com/2016/12/04/trump-cant-stop-tweeting-about-baldwins-snl-impression/",
                "wgt": 1
            },
            {
                "body": "WASHINGTON -- President-elect Donald Trump is threatening heavy taxes as retribution for U.S. companies that move their business operations overseas and still try to sell their product to Americans.\n\nIn a series of early-morning tweets Sunday, Trump vowed a 35 percent tax on products sold inside the ...",
                "date": "2016-12-04",
                "id": "15137000",
                "isDuplicate": true,
                "lang": "eng",
                "sim": 0,
                "source": {
                    "id": "13",
                    "title": "New York Post",
                    "uri": "nypost.com"
                },
                "time": "13:21:00",
                "title": "Donald Trump threatens to tax companies that move jobs abroad",
                "uri": "559377284",
                "url": "http://nypost.com/2016/12/04/donald-trump-threatens-to-tax-companies-that-move-jobs-abroad/",
                "wgt": 1
            },
            {
                "body": "On the night before her shocking death, Dorothy Kilgallen, a star panelist on the hit TV game show \"What's My Line?\" correctly guessed the occupation of a mystery guest: a woman who sold \u00addynamite.\n\nThe glamorous, razor-sharp Kilgallen delighted viewers, but behind the scenes, the dogged and ...",
                "date": "2016-12-04",
                "id": "15125849",
                "isDuplicate": false,
                "lang": "eng",
                "sim": 0,
                "source": {
                    "id": "13",
                    "title": "New York Post",
                    "uri": "nypost.com"
                },
                "time": "11:51:00",
                "title": "Dorothy Kilgallen's tell-all on a Mafia don might have got her killed",
                "uri": "559337983",
                "url": "http://nypost.com/2016/12/04/dorothy-kilgallens-tell-all-on-a-mafia-don-might-have-got-her-killed/",
                "wgt": 1
            },
            {
                "body": "The de Blasio administration is continuing to add to its record-breaking number of city employees, budget records show.\n\nThe headcount is projected to soar to 327,405 by the end of the fiscal year, June 30, 2017 -- up 4.5 percent from 313,0192 workers employed at the end of the last fiscal year, ...",
                "date": "2016-12-04",
                "id": "15124003",
                "isDuplicate": false,
                "lang": "eng",
                "sim": 0,
                "source": {
                    "id": "13",
                    "title": "New York Post",
                    "uri": "nypost.com"
                },
                "time": "11:36:00",
                "title": "City will have largest number of employees at the end of this year",
                "uri": "559331758",
                "url": "http://nypost.com/2016/12/04/city-will-have-largest-number-of-employees-at-the-end-of-this-year/",
                "wgt": 1
            },
            {
                "body": "The state's new chief administrative judge is cleaning house of jurists who slow down the wheels of justice, The Post has learned.\n\nFour judges who had applied to continue working past the retirement age of 70 are leaving the bench, according to the Office of Court Administration.\n\n\"She's not ...",
                "date": "2016-12-04",
                "id": "15123343",
                "isDuplicate": false,
                "lang": "eng",
                "sim": 0,
                "source": {
                    "id": "13",
                    "title": "New York Post",
                    "uri": "nypost.com"
                },
                "time": "11:30:00",
                "title": "This judge is cleaning house of jurists who can't manage huge case",
                "uri": "559329269",
                "url": "http://nypost.com/2016/12/04/this-judge-is-cleaning-house-of-jurists-who-cant-manage-huge-case-backlogs/",
                "wgt": 1
            },
            {
                "body": "School choir director allegedly had sex with 2 former students\n\nWhen a mysterious new storefront opened last month in the heart of brownstone Brooklyn, residents buzzed and blogged about what was behind the black door.\n\nA red print curtain blocked the view inside, and a hand-drawn sign in the ...",
                "date": "2016-12-04",
                "id": "15122439",
                "isDuplicate": false,
                "lang": "eng",
                "sim": 0,
                "source": {
                    "id": "13",
                    "title": "New York Post",
                    "uri": "nypost.com"
                },
                "time": "11:23:00",
                "title": "'Sketchy' Brooklyn shop may be a brothel open for business",
                "uri": "559325780",
                "url": "http://nypost.com/2016/12/04/sketchy-brooklyn-shop-may-be-a-brothel-open-for-business/",
                "wgt": 1
            },
            {
                "body": "Anthony Weiner is so desperate for work, he has been dialing up friends in the restaurant industry for advice and job leads, sources said.\n\nDays after the Nov. 8 presidential election, the disgraced former congressman and failed mayoral candidate spoke with a pal at the Hunt & Fish Club, the swanky ...",
                "date": "2016-12-04",
                "id": "15121608",
                "isDuplicate": false,
                "lang": "eng",
                "sim": 0.8078431487083435,
                "source": {
                    "id": "13",
                    "title": "New York Post",
                    "uri": "nypost.com"
                },
                "time": "11:16:00",
                "title": "Anthony Weiner is calling pals in the restaurant industry for job",
                "uri": "559323153",
                "url": "http://nypost.com/2016/12/04/anthony-weiner-is-calling-pals-in-the-restaurant-industry-for-job-leads/",
                "wgt": 1
            },
            {
                "body": "They toiled over tales of car dealers turned drug dealers, a randy choir and beautiful assassins, but a California ghostwriter claims the real drama began when a best-selling New York novelist failed to pay up.\n\nStephanie Covington Armstrong says she helped New York Times best-selling author Carl ...",
                "date": "2016-12-04",
                "id": "15120578",
                "isDuplicate": false,
                "lang": "eng",
                "sim": 0,
                "source": {
                    "id": "13",
                    "title": "New York Post",
                    "uri": "nypost.com"
                },
                "time": "11:08:00",
                "title": "My co-author stiffed me on book royalties: lawsuit",
                "uri": "559319524",
                "url": "http://nypost.com/2016/12/04/my-co-author-stiffed-me-on-book-royalties-lawsuit/",
                "wgt": 1
            },
            {
                "body": "A luxury menswear designer from London who peddles $900 jeans and $4,000 men's blazers got duped into letting a Manhattan con artist run his store in The Plaza hotel, according to a lawsuit.\n\nAngelo Galasso, whose clients include Al Pacino, claims Sam Munshani and Leigh Davies approached him last ...",
                "date": "2016-12-04",
                "id": "15117967",
                "isDuplicate": false,
                "lang": "eng",
                "sim": 0,
                "source": {
                    "id": "13",
                    "title": "New York Post",
                    "uri": "nypost.com"
                },
                "time": "10:48:00",
                "title": "Con artist duped designer into running store at The Plaza: suit",
                "uri": "559310319",
                "url": "http://nypost.com/2016/12/04/con-artist-duped-designer-into-running-store-at-the-plaza-suit/",
                "wgt": 1
            },
            {
                "body": "Critics slam Levi's for asking customers not to bring guns into stores\n\nMany of the oversize retailers that draw throngs of shoppers to Soho -- and anger residents with their crowds and noise -- use loopholes and lax enforcement to get around zoning laws.\n\nTopshop, Hollister, Michael Kors, Urban ...",
                "date": "2016-12-04",
                "id": "15117959",
                "isDuplicate": false,
                "lang": "eng",
                "sim": 0,
                "source": {
                    "id": "13",
                    "title": "New York Post",
                    "uri": "nypost.com"
                },
                "time": "10:48:00",
                "title": "How these mammoth Soho stores skirt the city's zoning laws",
                "uri": "559310324",
                "url": "http://nypost.com/2016/12/04/how-these-mammoth-soho-stores-skirt-the-citys-zoning-laws/",
                "wgt": 1
            },
            {
                "body": "Democrats are in disarray after former Vermont Gov. Howard Dean dropped out of the race to head the party Friday and another favorite sought to distance himself from controversial past views on Israel.\n\nMinnesota Rep. Keith Ellison told party leaders in Denver Friday he would consider giving up his ...",
                "date": "2016-12-04",
                "id": "15117089",
                "isDuplicate": false,
                "lang": "eng",
                "sim": 0.6901960968971252,
                "source": {
                    "id": "13",
                    "title": "New York Post",
                    "uri": "nypost.com"
                },
                "time": "10:41:00",
                "title": "Howard Dean drops out of race to head Democratic Party",
                "uri": "559307533",
                "url": "http://nypost.com/2016/12/04/howard-dean-drops-out-of-race-to-head-democratic-party/",
                "wgt": 1
            },
            {
                "body": "Columbia, Barnard administrations mishandle sexual misconduct: students\n\nRed-faced students at a posh women-only college in Manhattan are fed up with a rule that forces them into an embarrassing walk of shame every time they get frisky with a hot date in their dorm, a survey has revealed.\n\nA ...",
                "date": "2016-12-04",
                "id": "15117080",
                "isDuplicate": false,
                "lang": "eng",
                "sim": 0,
                "source": {
                    "id": "13",
                    "title": "New York Post",
                    "uri": "nypost.com"
                },
                "time": "10:41:00",
                "title": "Barnard's rules are making hookups pretty awkward",
                "uri": "559307529",
                "url": "http://nypost.com/2016/12/04/barnards-rules-are-making-hookups-pretty-awkward/",
                "wgt": 1
            },
            {
                "body": "Former CIA director David Petraeus is going \"All In\" to try to join the Trump administration.\n\nThe Secretary of State hopeful will tangle with ABC This Week's George Stephanopolous Sunday morning as the president-elect narrows down candidates for the most coveted position in his cabinet.\n\nPetraeus, ...",
                "date": "2016-12-04",
                "id": "15115962",
                "isDuplicate": false,
                "lang": "eng",
                "sim": 0,
                "source": {
                    "id": "13",
                    "title": "New York Post",
                    "uri": "nypost.com"
                },
                "time": "10:31:00",
                "title": "David Petraeus makes final push for Secretary of State",
                "uri": "559303528",
                "url": "http://nypost.com/2016/12/04/david-petraeus-makes-final-push-for-secretary-of-state/",
                "wgt": 1
            },
            {
                "body": "Cuban exiles in Miami celebrate Castro's death, shocking Havana\n\nFidel Castro famously micromanaged everything in Cuba -- from sugarcane production to elementary school textbooks -- so it's no surprise that before he died, he dictated precisely what would happen at his own funeral.\n\nThe instructions ...",
                "date": "2016-12-04",
                "id": "15115971",
                "isDuplicate": false,
                "lang": "eng",
                "sim": 0.615686297416687,
                "source": {
                    "id": "13",
                    "title": "New York Post",
                    "uri": "nypost.com"
                },
                "time": "10:31:00",
                "title": "Fidel Castro left behind detailed instructions for his own funeral",
                "uri": "559303524",
                "url": "http://nypost.com/2016/12/04/fidel-castro-left-behind-detailed-instructions-for-his-own-funeral/",
                "wgt": 1
            },
            {
                "body": "A gutsy elderly woman staved off a would-be purse snatcher in East Harlem Friday night, police said.\n\nThe 73-year-old woman was targeted by a hulking man about 7:40 p.m. as she returned to her black SUV parked on Lexington Avenue near East 103rd Street, cops said.\n\nWith her back turned to the ...",
                "date": "2016-12-04",
                "id": "15107628",
                "isDuplicate": false,
                "lang": "eng",
                "sim": 0,
                "source": {
                    "id": "13",
                    "title": "New York Post",
                    "uri": "nypost.com"
                },
                "time": "09:20:00",
                "title": "Elderly woman fends off would-be purse snatcher",
                "uri": "559268144",
                "url": "http://nypost.com/2016/12/04/elderly-woman-fends-off-would-be-purse-snatcher/",
                "wgt": 1
            },
            {
                "body": "One of the most infamous rape scenes in Hollywood may have been the real thing.\n\nMaria Schneider, then 19, starred alongside Marlon Brando in the 1973 flick \"Last Tango in Paris.\" In one scene, Brando, then 48, rapes Schneider's character after using a stick of butter as lubricant.\n\nBut her look of ...",
                "date": "2016-12-04",
                "id": "15106852",
                "isDuplicate": false,
                "lang": "eng",
                "sim": 0.7372549176216125,
                "source": {
                    "id": "13",
                    "title": "New York Post",
                    "uri": "nypost.com"
                },
                "time": "09:12:00",
                "title": "'Last Tango' rape scene may have been the real thing",
                "uri": "559265013",
                "url": "http://nypost.com/2016/12/04/last-tango-rape-scene-may-have-been-the-real-thing/",
                "wgt": 1
            },
            {
                "body": "Prospective Consumer Electronics Show attendees must really love punishment.\n\nTooling around a Las Vegas convention center listening to awkward humans talk about how robots are going to put everybody out of work is our idea of hell.\n\nBut even those who live for this stuff are carping about the ...",
                "date": "2016-12-04",
                "id": "15102739",
                "isDuplicate": false,
                "lang": "eng",
                "sim": 0,
                "source": {
                    "id": "13",
                    "title": "New York Post",
                    "uri": "nypost.com"
                },
                "time": "08:32:00",
                "title": "Consumer Electronics Show attendees gripe about hiked hotel rates",
                "uri": "559247539",
                "url": "http://nypost.com/2016/12/04/consumer-electronics-show-attendees-gripe-about-hiked-hotel-rates/",
                "wgt": 1
            },
            {
                "body": "Edgar Bronfman Jr. had some big plans for the titles at Time Inc., our sources reveal.\n\nBronfman, who led Warner Music Group before selling it to oil mogul billionaire Len Blavatnik for $3.3 billion in 2011, had a vision for Sports Illustrated in particular.\n\nOur sources say Bronfman had designs on ...",
                "date": "2016-12-04",
                "id": "15101814",
                "isDuplicate": false,
                "lang": "eng",
                "sim": 0,
                "source": {
                    "id": "13",
                    "title": "New York Post",
                    "uri": "nypost.com"
                },
                "time": "08:24:00",
                "title": "Time Inc. buyout would've grown Sports Illustrated franchise",
                "uri": "559243998",
                "url": "http://nypost.com/2016/12/04/time-inc-buyout-wouldve-grown-sports-illustrated-franchise/",
                "wgt": 1
            },
            {
                "body": "Treasury Secretary-designate Steven Mnuchin isn't all about numbers.\n\nOur Tinseltown tipsters said he loved to hit the party circuit when he was nonexecutive co-chair of troubled movie studio Relativity.\n\nWe hear Mnuchin was at Elton John's Oscar event two years ago and paid $50,000 in an auction to ...",
                "date": "2016-12-04",
                "id": "15100839",
                "isDuplicate": false,
                "lang": "eng",
                "sim": 0,
                "source": {
                    "id": "13",
                    "title": "New York Post",
                    "uri": "nypost.com"
                },
                "time": "08:16:00",
                "title": "Steven Mnuchin was a party animal in his Hollywood days",
                "uri": "559240836",
                "url": "http://nypost.com/2016/12/04/steven-mnuchin-was-a-party-animal-in-his-hollywood-days/",
                "wgt": 1
            },
            {
                "body": "If the mild weather holds -- and theatrical snacks keep drawing customers to Urbanspace's holiday markets -- Greenpoint, Brooklyn-based toymaker Eric Winston could rack up $250,000 in sales this year.\n\nHe's spending about $31,000 for one booth at Union Square and another at Columbus Circle, where ...",
                "date": "2016-12-04",
                "id": "15099760",
                "isDuplicate": false,
                "lang": "eng",
                "sim": 0,
                "source": {
                    "id": "13",
                    "title": "New York Post",
                    "uri": "nypost.com"
                },
                "time": "08:08:00",
                "title": "Brooklyn toymaker could make up to $250K this year",
                "uri": "559237587",
                "url": "http://nypost.com/2016/12/04/brooklyn-toymaker-could-make-up-to-250k-this-year/",
                "wgt": 1
            },
            {
                "body": "As the pungent scent of Alpine cheese wafted through the chilly air, two men in baseball caps and T-shirts stood in front of raclette warmers, scraping bubbling hot melted fromage from half wheels onto toasted bread for a line of customers 10 deep.\n\nIt's an experience -- one that doesn't come when ...",
                "date": "2016-12-04",
                "id": "15098047",
                "isDuplicate": false,
                "lang": "eng",
                "sim": 0,
                "source": {
                    "id": "13",
                    "title": "New York Post",
                    "uri": "nypost.com"
                },
                "time": "07:54:00",
                "title": "Retailers spice up shopping to lure customers offline",
                "uri": "559231258",
                "url": "http://nypost.com/2016/12/04/retailers-spice-up-shopping-to-lure-customers-offline/",
                "wgt": 1
            },
            {
                "body": "'It's a hallmark of corruption': Palin slams Trump's Carrier deal\n\nPresident-elect Donald Trump got down to the business of running this economy last week with the Cabinet appointments Steve Mnuchin for treasury secretary and Wilbur Ross for commerce secretary.\n\nTwo very savvy, experienced business ...",
                "date": "2016-12-04",
                "id": "15098042",
                "isDuplicate": false,
                "lang": "eng",
                "sim": 0,
                "source": {
                    "id": "13",
                    "title": "New York Post",
                    "uri": "nypost.com"
                },
                "time": "07:54:00",
                "title": "Trump makes solid cabinet choices in Mnuchin and Ross",
                "uri": "559231264",
                "url": "http://nypost.com/2016/12/04/trump-makes-solid-cabinet-choices-in-mnuchin-and-ross/",
                "wgt": 1
            },
            {
                "body": "With his Thursday journey to Indianapolis, Donald Trump made history as a president-elect by forging a deal to save over 1,000 jobs headed to Mexico. And he was just getting started.\n\nThat night in Cincinnati, Trump began a \"thank you\" tour in front of a jubilant crowd of 15,000 people. Imagine that ...",
                "date": "2016-12-04",
                "id": "15096063",
                "isDuplicate": false,
                "lang": "eng",
                "sim": 0,
                "source": {
                    "id": "13",
                    "title": "New York Post",
                    "uri": "nypost.com"
                },
                "time": "07:35:00",
                "title": "Trump is mapping out how he's going to put 'America first'",
                "uri": "559223992",
                "url": "http://nypost.com/2016/12/04/trump-is-mapping-out-how-hes-going-to-put-america-first/",
                "wgt": 1
            },
            {
                "body": "Turkey last week rose to No. 1 in the world -- when it comes to journalists the government has in jail.\n\nIt even tops the People's Republic of China, which has 18 times the population.\n\nAccording to the Committee to Protect Journalists, Turkish ruler ruler Recep Tayyip Erdogan has imprisoned at ...",
                "date": "2016-12-04",
                "id": "15092406",
                "isDuplicate": false,
                "lang": "eng",
                "sim": 0,
                "source": {
                    "id": "13",
                    "title": "New York Post",
                    "uri": "nypost.com"
                },
                "time": "07:00:00",
                "title": "Crushing free speech in Turkey",
                "uri": "559210427",
                "url": "http://nypost.com/2016/12/04/crushing-free-speech-in-turkey/",
                "wgt": 1
            },
            {
                "body": "{* #userInformationForm *} {* traditionalSignIn_emailAddress *} {* traditionalSignIn_password *} {* traditionalSignIn_signInButton *} {* /userInformationForm *} {* #registrationForm *} {* traditionalRegistration_emailAddress *} {* traditionalRegistration_password *} {* ...",
                "date": "2016-12-04",
                "id": "15091169",
                "isDuplicate": true,
                "lang": "eng",
                "sim": 0,
                "source": {
                    "id": "13",
                    "title": "New York Post",
                    "uri": "nypost.com"
                },
                "time": "06:46:00",
                "title": "Trump and Kellyanne Conway dress up for 'Heroes and Villains' party",
                "uri": "559205697",
                "url": "http://nypost.com/2016/12/04/trump-and-kellyanne-conway-dress-up-for-heroes-and-villains-party/",
                "wgt": 1
            },
            {
                "body": "PITTSBURGH -- These are the big-game times, and these are the big-game places where you call on your big-game players to play big, even bigger than they have so far, bigger than Big Ben Roethlisberger.\n\nBen McAdoo and the Giants have spent all offseason talking about placing a fifth Lombardi Trophy, ...",
                "date": "2016-12-04",
                "id": "15090822",
                "isDuplicate": false,
                "lang": "eng",
                "sim": 0.6196078658103943,
                "source": {
                    "id": "13",
                    "title": "New York Post",
                    "uri": "nypost.com"
                },
                "time": "06:42:00",
                "title": "Seven Giants must come up big, or they'll leave Pittsburgh losers",
                "uri": "559204123",
                "url": "http://nypost.com/2016/12/04/seven-giants-must-come-up-big-or-theyll-leave-pittsburgh-losers/",
                "wgt": 1
            },
            {
                "body": "How Rangers could answer the big question about their defense\n\nThere are four-plus months ahead in which Jean-Francois Berube might actually get into a game. But if the Islanders' No. 3 goaltender somehow spends the entire season on the roster without playing, then one man, and one man only, will be ...",
                "date": "2016-12-04",
                "id": "15090543",
                "isDuplicate": false,
                "lang": "eng",
                "sim": 0,
                "source": {
                    "id": "13",
                    "title": "New York Post",
                    "uri": "nypost.com"
                },
                "time": "06:39:00",
                "title": "Ex-Ranger knows firsthand predicament of Isles' backup",
                "uri": "559203202",
                "url": "http://nypost.com/2016/12/04/ex-ranger-knows-firsthand-predicament-of-isles-backup/",
                "wgt": 1
            },
            {
                "body": "SEAHAWKS (-7) over Panthers: Carolina swept Seattle last year -- including once on the road -- and the Seahawks no doubt remember Cam Newton's rude on-field behavior following the Panthers' postseason triumph. Expect sharp rebound from gutty, talented favorite in meeting of recent Super Bowl ...",
                "date": "2016-12-04",
                "id": "15086767",
                "isDuplicate": false,
                "lang": "eng",
                "sim": 0,
                "source": {
                    "id": "13",
                    "title": "New York Post",
                    "uri": "nypost.com"
                },
                "time": "05:57:00",
                "title": "Seahawks will win easily in battle of past two Super Bowl losers",
                "uri": "559188058",
                "url": "http://nypost.com/2016/12/04/seahawks-will-win-easily-in-battle-of-past-two-super-bowl-losers/",
                "wgt": 1
            },
            {
                "body": "Unlikely hero bails out Knicks in tight win over Timberwolves\n\nNew Knicks point guard Derrick Rose takes a shot at some Q&A with Post columnist Steve Serby.\n\nQ: How hungry or driven are you to approach the kind of elite player you were?\n\nA: I'm always driven. I've always been driven. I always had ...",
                "date": "2016-12-04",
                "id": "15081241",
                "isDuplicate": false,
                "lang": "eng",
                "sim": 0,
                "source": {
                    "id": "13",
                    "title": "New York Post",
                    "uri": "nypost.com"
                },
                "time": "04:58:00",
                "title": "Derrick Rose talks return to elite status, Chicago trauma and being a",
                "uri": "559171280",
                "url": "http://nypost.com/2016/12/03/derrick-rose-talks-return-to-elite-status-chicago-trauma-and-being-a-loner/",
                "wgt": 1
            },
            {
                "body": "MILWAUKEE -- The Nets knew their third-quarter woes as well as anybody, and changed things up a little bit on Saturday in an attempt to fix the problem. They cut short their time in the locker room to make their second-half warmups longer and more intense.\n\n\"We tried to come out earlier and just ...",
                "date": "2016-12-04",
                "id": "15081238",
                "isDuplicate": false,
                "lang": "eng",
                "sim": 0.529411792755127,
                "source": {
                    "id": "13",
                    "title": "New York Post",
                    "uri": "nypost.com"
                },
                "time": "04:58:00",
                "title": "Nets make a tweak that leads to a rare winning third quarter",
                "uri": "559171281",
                "url": "http://nypost.com/2016/12/03/nets-make-a-tweak-that-leads-to-a-rare-winning-third-quarter/",
                "wgt": 1
            },
            {
                "body": "Millennials taught us at last year's holiday drinkfest sponsored by the Distilled Spirits Council, or DISCUS, that they prefer what Grandpa drank over what Daddy drinks.\n\nOur takeaway from last week's bash is Brits feel the same way. This is the year, after all, that Jack Daniel's upset Famous ...",
                "date": "2016-12-04",
                "id": "15075606",
                "isDuplicate": false,
                "lang": "eng",
                "sim": 0,
                "source": {
                    "id": "13",
                    "title": "New York Post",
                    "uri": "nypost.com"
                },
                "time": "03:53:00",
                "title": "Brits are drinking whiskey more than Scotch",
                "uri": "559154327",
                "url": "http://nypost.com/2016/12/03/brits-are-drinking-whiskey-more-than-scotch/",
                "wgt": 1
            },
            {
                "body": "I have become convinced of the Federal Reserve's manipulation of futures markets (and others) over the course of my trading. I know in the past you have written about the Plunge Protection Team (PPT), which could be doing the manipulation.\n\nThree things: First, I am wondering if you can point me to ...",
                "date": "2016-12-04",
                "id": "15075380",
                "isDuplicate": false,
                "lang": "eng",
                "sim": 0,
                "source": {
                    "id": "13",
                    "title": "New York Post",
                    "uri": "nypost.com"
                },
                "time": "03:50:00",
                "title": "Market manipulation creates serious risk for short-term gain",
                "uri": "559153719",
                "url": "http://nypost.com/2016/12/03/market-manipulation-creates-serious-risk-for-short-term-gain/",
                "wgt": 1
            },
            {
                "body": "When my Citibank balance gets below a certain amount, a $25 monthly fee is assessed.\n\nI am trying to understand what costs the bank takes on when my account goes below a certain level.\n\nDoes it need to hire more people or expand its tech capabilities? Or is this just a revenue producer?\n\nAfter all, ...",
                "date": "2016-12-04",
                "id": "15075375",
                "isDuplicate": false,
                "lang": "eng",
                "sim": 0,
                "source": {
                    "id": "13",
                    "title": "New York Post",
                    "uri": "nypost.com"
                },
                "time": "03:50:00",
                "title": "Low balance fees are a bank's way of saying 'take a hike'",
                "uri": "559153723",
                "url": "http://nypost.com/2016/12/03/low-balance-fees-are-a-banks-way-of-saying-take-a-hike/",
                "wgt": 1
            },
            {
                "body": "McKnight has family ties to cops investigating deadly shooting\n\nDriving offenses run in the family of the white Louisianan who admitted to gunning down ex-Jet Joe McKnight in a road-rage incident outside of New Orleans.\n\nBoth Ronald Gasser, who is claiming self defense in the racially charged ...",
                "date": "2016-12-04",
                "id": "15074706",
                "isDuplicate": false,
                "lang": "eng",
                "sim": 0.5764706134796143,
                "source": {
                    "id": "13",
                    "title": "New York Post",
                    "uri": "nypost.com"
                },
                "time": "03:41:00",
                "title": "Father of accused Joe McKnight killer has history of traffic",
                "uri": "559151835",
                "url": "http://nypost.com/2016/12/03/father-of-accused-joe-mcknight-killer-has-history-of-traffic-violations/",
                "wgt": 1
            },
            {
                "body": "PITTSBURGH -- Brad Wing did not expect the duration of his stay with the Steelers would be just one season. After a solid 2014 rookie year, he came in second last summer in a kicking derby with rookie Jordan Berry and on Sept. 4, 2015, was traded to the Giants for a seventh-round draft pick, ...",
                "date": "2016-12-04",
                "id": "15073284",
                "isDuplicate": false,
                "lang": "eng",
                "sim": 0.5411764979362488,
                "source": {
                    "id": "13",
                    "title": "New York Post",
                    "uri": "nypost.com"
                },
                "time": "03:22:00",
                "title": "Giants punter: Pittsburgh return not as big of a deal as I thought",
                "uri": "559147939",
                "url": "http://nypost.com/2016/12/03/giants-punter-pittsburgh-return-not-as-big-of-a-deal-as-i-thought/",
                "wgt": 1
            },
            {
                "body": "Thursday night's Cowboys-Vikings wasn't a good game, hardly. Dallas won, 17-15, in kind of a drag. Thirteen punts as prefaces to commercials.\n\nBut it was a remarkable game in that, for no expected reason, it remained close, thus confused with and perhaps even enjoyed as a competitive game.\n\nLate in ...",
                "date": "2016-12-04",
                "id": "15072495",
                "isDuplicate": false,
                "lang": "eng",
                "sim": 0,
                "source": {
                    "id": "13",
                    "title": "New York Post",
                    "uri": "nypost.com"
                },
                "time": "03:09:00",
                "title": "NFL's unwatchable product can be traced to one obvious fact",
                "uri": "559145528",
                "url": "http://nypost.com/2016/12/03/nfls-unwatchable-product-can-be-traced-to-one-obvious-fact/",
                "wgt": 1
            },
            {
                "body": "After 20 minutes, the Rangers had been outshot 15-3 overall and out-attempted 25-9 at five-on-five. Through 28:34, the shots were 23-4 for Carolina in what was a 1-1 match at the Garden.\n\nDo you need to know that in the six immediately preceding games, the Blueshirts had compiled just 40.9 percent ...",
                "date": "2016-12-04",
                "id": "15072490",
                "isDuplicate": false,
                "lang": "eng",
                "sim": 0,
                "source": {
                    "id": "13",
                    "title": "New York Post",
                    "uri": "nypost.com"
                },
                "time": "03:09:00",
                "title": "Why Rangers turned 2 terrible periods into an electric 3rd",
                "uri": "559145525",
                "url": "http://nypost.com/2016/12/03/why-rangers-turned-2-terrible-periods-into-an-electric-3rd/",
                "wgt": 1
            },
            {
                "body": "Derrick Rose: Would be 'cool' to be with Knicks for rest of career\n\nThe Knicks are becoming masters of the cliffhanger.\n\nTheir past six victories (in a 7-3 stretch) have come by a total of 25 points -- and in one of the games, they won by 10. But the Knicks still prefer blowouts.\n\n\"Obviously, with ...",
                "date": "2016-12-04",
                "id": "15071490",
                "isDuplicate": false,
                "lang": "eng",
                "sim": 0.6078431606292725,
                "source": {
                    "id": "13",
                    "title": "New York Post",
                    "uri": "nypost.com"
                },
                "time": "02:55:00",
                "title": "Porzingis: Why all these nail-biters are going Knicks' way",
                "uri": "559141568",
                "url": "http://nypost.com/2016/12/03/porzingis-why-all-these-nail-biters-are-going-knicks-way/",
                "wgt": 1
            },
            {
                "body": "NFL still scared to address crass, uncouth social media behavior\n\nWith all the games, backstories, injuries and developments in a given week in the NFL, it is tough to know what to look for on Sunday. Here are five things to watch:\n\nChiefs rookie sensation Tyreek Hill quickly is proving to be a ...",
                "date": "2016-12-04",
                "id": "15070967",
                "isDuplicate": false,
                "lang": "eng",
                "sim": 0.4823529422283173,
                "source": {
                    "id": "13",
                    "title": "New York Post",
                    "uri": "nypost.com"
                },
                "time": "02:46:00",
                "title": "NFL gritting its teeth as this hateable player becomes a star",
                "uri": "559139097",
                "url": "http://nypost.com/2016/12/03/nfl-gritting-its-teeth-as-this-hateable-player-becomes-a-star/",
                "wgt": 1
            },
            {
                "body": "When Adam Gase took his talents to South Beach, no one could have expected this.\n\nIt is far too early to consider him a young Don Shula, but Gase, at 38 the NFL's youngest head coach, has changed the culture and the perception of the 7-4 Dolphins. And he has been the quarterback whisperer that has ...",
                "date": "2016-12-04",
                "id": "15069961",
                "isDuplicate": false,
                "lang": "eng",
                "sim": 0.6745098233222961,
                "source": {
                    "id": "13",
                    "title": "New York Post",
                    "uri": "nypost.com"
                },
                "time": "02:32:00",
                "title": "How a QB whisperer is turning a laughingstock into NFL threat",
                "uri": "559135079",
                "url": "http://nypost.com/2016/12/03/how-a-qb-whisperer-is-turning-a-laughingstock-into-nfl-threat/",
                "wgt": 1
            },
            {
                "body": "Darrelle Revis is a player in transition ... and sometimes transition is tough.\n\nThe 31-year-old Jets cornerback has endured a difficult season, something he does not shy away from. He has failed to get an interception this year and has given up more passes than he would care to recall. But Revis ...",
                "date": "2016-12-04",
                "id": "15068864",
                "isDuplicate": false,
                "lang": "eng",
                "sim": 0.8901960849761963,
                "source": {
                    "id": "13",
                    "title": "New York Post",
                    "uri": "nypost.com"
                },
                "time": "02:16:00",
                "title": "Inside Darrelle Revis' plunge and next step: an ex-All-Pro mentor",
                "uri": "559131293",
                "url": "http://nypost.com/2016/12/03/inside-darrelle-revis-plunge-and-next-step-an-ex-all-pro-mentor/",
                "wgt": 1
            },
            {
                "body": "Last week was a down week for many, but we got back on track with cash game wins across the board and a couple of nice GPP placements as well. We split the winnings on the Monday-Thursday lineups this week, as FanDuel just missed cashing (by 4.2 points), but Draft Kings, thanks to the use of Davante ...",
                "date": "2016-12-04",
                "id": "15067205",
                "isDuplicate": false,
                "lang": "eng",
                "sim": 0,
                "source": {
                    "id": "13",
                    "title": "New York Post",
                    "uri": "nypost.com"
                },
                "time": "01:54:00",
                "title": "Which of these big-time fantasy letdowns will be a DFS savior?",
                "uri": "559126573",
                "url": "http://nypost.com/2016/12/03/which-of-these-big-time-fantasy-letdowns-will-be-a-dfs-savior/",
                "wgt": 1
            },
            {
                "body": "In the 137th episode of \"Seinfeld,\" Jerry explains the concept of the Bizarro World, which originated in the Superman comics, to his friend Elaine. She has befriended Jerry's polar opposite, who lives in a backwards replica of Jerry's apartment and, unlike Jerry, is considerate and kind.\n\n\"Like ...",
                "date": "2016-12-04",
                "id": "15066699",
                "isDuplicate": false,
                "lang": "eng",
                "sim": 0,
                "source": {
                    "id": "13",
                    "title": "New York Post",
                    "uri": "nypost.com"
                },
                "time": "01:48:00",
                "title": "2016 embraced the Bizzaro World",
                "uri": "559124878",
                "url": "http://nypost.com/2016/12/03/2016-embraced-the-bizzaro-world/",
                "wgt": 1
            },
            {
                "body": "NASSAU, Bahamas -- Asked Saturday what his reaction would be if he was told earlier in the week he would be 8-under through 54 holes at the Hero World Challenge, Tiger Woods responded, \"I'd have said I'd be pretty far behind. And I'm right.''\n\nThe tournament host and the man most everyone has come ...",
                "date": "2016-12-04",
                "id": "15064372",
                "isDuplicate": false,
                "lang": "eng",
                "sim": 0.5215686559677124,
                "source": {
                    "id": "13",
                    "title": "New York Post",
                    "uri": "nypost.com"
                },
                "time": "01:17:00",
                "title": "The star emerging from Tiger's shadow with runaway lead",
                "uri": "559118051",
                "url": "http://nypost.com/2016/12/03/the-star-emerging-from-tigers-shadow-with-runaway-lead/",
                "wgt": 1
            },
            {
                "body": "PITTSBURGH -- There was a time in recent seasons past when the Giants barely could crawl, much less walk or, dare we say it, run. The Giants of 2016 already have proven they are not that stumbling, bumbling team. They have mastered crawling and are walking quite nicely, thank you very much.\n\nAs for ...",
                "date": "2016-12-04",
                "id": "15063878",
                "isDuplicate": false,
                "lang": "eng",
                "sim": 0.7882353067398071,
                "source": {
                    "id": "13",
                    "title": "New York Post",
                    "uri": "nypost.com"
                },
                "time": "01:10:00",
                "title": "Giants can prove Vegas wrong, too, as deadly trio awaits",
                "uri": "559116110",
                "url": "http://nypost.com/2016/12/03/giants-can-prove-vegas-wrong-too-as-deadly-trio-awaits/",
                "wgt": 1
            },
            {
                "body": "MILWAUKEE -- After spending the whole season giving away games in the third quarter, the Nets actually tried to hand this one over in the second and eventually lost it in the fourth.\n\nThursday's home loss to the Bucks had been a blowout. Saturday's rematch was more of a gut-wrencher, blowing a late ...",
                "date": "2016-12-04",
                "id": "15062279",
                "isDuplicate": false,
                "lang": "eng",
                "sim": 0.7254902124404907,
                "source": {
                    "id": "13",
                    "title": "New York Post",
                    "uri": "nypost.com"
                },
                "time": "00:51:00",
                "title": "Nets shake up their losses, blow this game in different quarter",
                "uri": "559111331",
                "url": "http://nypost.com/2016/12/03/nets-shake-up-their-losses-blow-this-game-in-different-quarter/",
                "wgt": 1
            },
            {
                "body": "Think of urgency like butane to the Hot Stove. The more urgent a team is to win or rebuild, the more motivated it is to act.\n\nThat is why the most natural matches in trades are those on the opposite end of the spectrums -- a go-for-it team acquiring win-now (often expensive) players from a ...",
                "date": "2016-12-04",
                "id": "15061213",
                "isDuplicate": false,
                "lang": "eng",
                "sim": 0.6000000238418579,
                "source": {
                    "id": "13",
                    "title": "New York Post",
                    "uri": "nypost.com"
                },
                "time": "00:40:00",
                "title": "Ranking all 30 teams by desperation, beginning with Nats' ticking",
                "uri": "559108564",
                "url": "http://nypost.com/2016/12/03/ranking-all-30-teams-by-desperation-beginning-with-nats-ticking-clock/",
                "wgt": 1
            }
        ],
        "totalResults": 91
    }
}