{
    "articles": {
        "count": 91,
        "page": 1,
        "pages": 1,
        "results": [
            {
                "body": "College football rankings: Ohio State is No. 2 but trouble lurks\n\nThree University of Louisville students were shot, including two football players, at an off-campus apartment party early Sunday morning while celebrating Lamar Jackson's Heisman Trophy win.\n\nAccording to WHAS11 in Louisville, junior ...",
                "date": "2016-12-11",
                "id": "3642159",
                "isDuplicate": false,
                "lang": "eng",
                "sim": 0.8117647171020508,
                "source": {
                    "id": "981",
                    "title": "New York Post",
                    "uri": "nypost.com"
                },
                "time": "23:23:00",
                "title": "Louisville football players shot celebrating Heisman Trophy win",
                "uri": "563840209",
                "url": "http://nypost.com/2016/12/11/louisville-football-players-shot-celebrating-heisman-trophy-win/",
                "wgt": 1
            },
            {
                "body": "Every NYPD cop has received a special poignant message from the mother of a fallen Finest offering help to the families of other dead officers, as well as to city policemen serving in the military.\n\nMarge Dwyer, whose 23-year-old son Anthony was fatally thrown from a Midtown roof while chasing ...",
                "date": "2016-12-11",
                "id": "3640750",
                "isDuplicate": false,
                "lang": "eng",
                "sim": 0,
                "source": {
                    "id": "981",
                    "title": "New York Post",
                    "uri": "nypost.com"
                },
                "time": "23:12:00",
                "title": "Fallen officer's mom sends video message to help other families",
                "uri": "563836756",
                "url": "http://nypost.com/2016/12/11/fallen-officers-mom-sends-video-message-to-help-other-families/",
                "wgt": 1
            },
            {
                "body": "A naked man stormed past a doorman at a luxury building in Manhattan before making his way to the roof and jumping to his death, authorities said.\n\nThe 21-year-old man, who resided in Maryland, ran past the building worker and into an elevator at the First Avenue building near East 22nd in Gramercy ...",
                "date": "2016-12-11",
                "id": "3638988",
                "isDuplicate": false,
                "lang": "eng",
                "sim": 0,
                "source": {
                    "id": "981",
                    "title": "New York Post",
                    "uri": "nypost.com"
                },
                "time": "22:56:00",
                "title": "Naked man jumps to his death from apartment roof",
                "uri": "563831883",
                "url": "http://nypost.com/2016/12/11/naked-man-jumps-to-his-death-from-apartment-roof/",
                "wgt": 1
            },
            {
                "body": "A staffer at Brooklyn Technical High School was caught sexting a teenage student, the second seamy scandal to rock the prestigious public school, The Post has learned.\n\nSchool aide Robert Sutton Jr., 23, was caught having inappropriate sexual contact with the girl, sending her a photo of his penis ...",
                "date": "2016-12-11",
                "id": "3636817",
                "isDuplicate": false,
                "lang": "eng",
                "sim": 0,
                "source": {
                    "id": "981",
                    "title": "New York Post",
                    "uri": "nypost.com"
                },
                "time": "22:32:00",
                "title": "Aide sent student a video of him masturbating inside school",
                "uri": "563825663",
                "url": "http://nypost.com/2016/12/11/aide-sent-student-a-video-of-him-masturbating-inside-school/",
                "wgt": 1
            },
            {
                "body": "A low block from Tennessee wide receiver Harry Douglas to Denver's Chris Harris Jr. sparked a minor brawl in Sunday's Broncos-Titans game, and after the Titans' 13-10 win, Harris blasted Douglas on Twitter.\n\nDouglas was not penalized on the running play, and FOX Sports NFL rules analyst Mike Pereira ...",
                "date": "2016-12-11",
                "id": "3636805",
                "isDuplicate": false,
                "lang": "eng",
                "sim": 0.7333333492279053,
                "source": {
                    "id": "981",
                    "title": "New York Post",
                    "uri": "nypost.com"
                },
                "time": "22:31:00",
                "title": "Bronco erupts after brawl-triggering shot: 'Tried to end my career'",
                "uri": "563825651",
                "url": "http://nypost.com/2016/12/11/bronco-erupts-after-brawl-triggering-shot-tried-to-end-my-career/",
                "wgt": 1
            },
            {
                "body": "An insurance company has finally agreed to cover the cost of a prosthetic leg for the teen who lost part of his limb after stepping on an explosive device in Central Park over the summer -- but it's still refusing to pay for his much-needed wheelchair.\n\nUnitedHealthcare reversed its initial decision ...",
                "date": "2016-12-11",
                "id": "3635259",
                "isDuplicate": false,
                "lang": "eng",
                "sim": 0,
                "source": {
                    "id": "981",
                    "title": "New York Post",
                    "uri": "nypost.com"
                },
                "time": "22:16:00",
                "title": "Teen who stepped on explosive can't get wheelchair coverage",
                "uri": "563820988",
                "url": "http://nypost.com/2016/12/11/teen-who-stepped-on-explosive-cant-get-wheelchair-coverage/",
                "wgt": 1
            },
            {
                "body": "Judge quotes 'The Wire' after dismissing criminal case against Rick Perry\n\nRick Perry, who proposed eliminating the U.S. Energy Department during his unsuccessful bid for the 2012 Republican presidential nomination, has emerged as a leading candidate to head the agency under President-elect Donald ...",
                "date": "2016-12-11",
                "id": "3634168",
                "isDuplicate": false,
                "lang": "eng",
                "sim": 0.8078431487083435,
                "source": {
                    "id": "981",
                    "title": "New York Post",
                    "uri": "nypost.com"
                },
                "time": "22:04:00",
                "title": "Trump considering Rick Perry for lead energy position",
                "uri": "563817831",
                "url": "http://nypost.com/2016/12/11/trump-considering-rick-perry-for-lead-energy-position/",
                "wgt": 1
            },
            {
                "body": "A one-off election edition episode of \"Will & Grace\" may have sparked interest in a revival of the NBC series.\n\nThe original cast reunited for a 10-minute episode released online in September that urged voters to back Hillary Clinton in the presidential election. The episode has been viewed more ...",
                "date": "2016-12-11",
                "id": "3634082",
                "isDuplicate": false,
                "lang": "eng",
                "sim": 0,
                "source": {
                    "id": "981",
                    "title": "New York Post",
                    "uri": "nypost.com"
                },
                "time": "22:04:00",
                "title": "Is a 'Will & Grace' revival in our future?",
                "uri": "563817827",
                "url": "http://nypost.com/2016/12/11/is-a-will-grace-revival-in-our-future/",
                "wgt": 1
            },
            {
                "body": "The Miami Dolphins are battling for a postseason berth, but their chances of making the playoffs may have taken a significant hit on Sunday.\n\nRyan Tannehill was forced to leave the game late in the third quarter with a leg injury. He limped to the locker room after being checked by trainers on the ...",
                "date": "2016-12-11",
                "id": "3631066",
                "isDuplicate": false,
                "lang": "eng",
                "sim": 0.6000000238418579,
                "source": {
                    "id": "981",
                    "title": "New York Post",
                    "uri": "nypost.com"
                },
                "time": "21:37:00",
                "title": "Ryan Tannehill's tears hint at Dolphins' worst-case scenario",
                "uri": "563809843",
                "url": "http://nypost.com/2016/12/11/ryan-tannehills-tears-hint-at-dolphins-worst-case-scenario/",
                "wgt": 1
            },
            {
                "body": "SEMINOLE, Fla. -- Staff at a Veterans Affairs hospital in the Tampa Bay, Florida area left a body in a shower for nine hours after a veteran died and proper pickup procedures to the morgue weren't followed.\n\nThe Tampa Bay Times on Sunday reported that an internal investigation concluded that staff ...",
                "date": "2016-12-11",
                "id": "3631065",
                "isDuplicate": true,
                "lang": "eng",
                "sim": 0,
                "source": {
                    "id": "981",
                    "title": "New York Post",
                    "uri": "nypost.com"
                },
                "time": "21:37:00",
                "title": "VA hospital staffers leave dead body in shower for hours: report",
                "uri": "563809841",
                "url": "http://nypost.com/2016/12/11/va-hospital-staffers-leave-dead-body-in-shower-for-hours-report/",
                "wgt": 1
            },
            {
                "body": "LOS ANGELES - Lakers forward World Metta Peace believes the Carmelo Anthony-Phil Jackson verbal war was great for the Knicks franchise because he feels the Garden culture is \"so tense\" and needs \"controversy.\" World Peace said he loved that Anthony never \"backed down'' from the Zen Master.\n\nThe ...",
                "date": "2016-12-11",
                "id": "3626648",
                "isDuplicate": false,
                "lang": "eng",
                "sim": 0.8509804010391235,
                "source": {
                    "id": "981",
                    "title": "New York Post",
                    "uri": "nypost.com"
                },
                "time": "20:54:00",
                "title": "Profane Metta World Peace: Carmelo-Phil feud what stuffy Knicks need",
                "uri": "563797328",
                "url": "http://nypost.com/2016/12/11/profane-metta-world-peace-carmelo-phil-feud-what-stuffy-knicks-need/",
                "wgt": 1
            },
            {
                "body": "Users of its ride-share app were warned in a new missive that they can get their account suspended if they violate the company's \"Community Guidelines,\" which include a ban on back-seat flirting.\n\n\"It's OK to chat with other people in the car. But please don't comment on someone's appearance or ask ...",
                "date": "2016-12-11",
                "id": "3625507",
                "isDuplicate": false,
                "lang": "eng",
                "sim": 0.7137255072593689,
                "source": {
                    "id": "981",
                    "title": "New York Post",
                    "uri": "nypost.com"
                },
                "time": "20:43:00",
                "title": "Flirting in your Uber could cost you",
                "uri": "563793653",
                "url": "http://nypost.com/2016/12/11/flirting-in-your-uber-could-cost-you/",
                "wgt": 1
            },
            {
                "body": "A man was shot in the stomach during a fight over a parking spot in the East Village, authorities said.\n\nThe 25-year-old victim was with a group of friends and was trying to park his vehicle on East 3rd Street when he got into an argument with another motorist shortly before 2 a.m.\n\nWhen the victim ...",
                "date": "2016-12-11",
                "id": "3623564",
                "isDuplicate": false,
                "lang": "eng",
                "sim": 0,
                "source": {
                    "id": "981",
                    "title": "New York Post",
                    "uri": "nypost.com"
                },
                "time": "20:25:00",
                "title": "Man shot over parking spot",
                "uri": "563787327",
                "url": "http://nypost.com/2016/12/11/man-shot-over-parking-spot/",
                "wgt": 1
            },
            {
                "body": "This was the threshold, beyond which the Rangers and a healthy Henrik Lundqvist have never gone.\n\nThe franchise netminder was set to sit for a third straight game when his understudy, Antti Raanta, was to get the start on Sunday night against the Devils at the Garden. Almost exactly three years ago, ...",
                "date": "2016-12-11",
                "id": "3622990",
                "isDuplicate": false,
                "lang": "eng",
                "sim": 0.8392156958580017,
                "source": {
                    "id": "981",
                    "title": "New York Post",
                    "uri": "nypost.com"
                },
                "time": "20:20:00",
                "title": "Rangers on verge of uncharted territory in benching Lundqvist",
                "uri": "563785543",
                "url": "http://nypost.com/2016/12/11/rangers-on-verge-of-uncharted-territory-in-benching-lundqvist/",
                "wgt": 1
            },
            {
                "body": "Police are looking for a man who exposed himself in front of a 25-year-old woman on a Manhattan subway last month, authorities said.\n\nThe victim was riding the B train around 9:30 p.m. Nov. 25 when the suspect pulled out his genitals near the West 86th Street station.\n\nHe then got off the train and ...",
                "date": "2016-12-11",
                "id": "3618927",
                "isDuplicate": false,
                "lang": "eng",
                "sim": 0.7372549176216125,
                "source": {
                    "id": "981",
                    "title": "New York Post",
                    "uri": "nypost.com"
                },
                "time": "19:43:00",
                "title": "Police hunt for subway flasher",
                "uri": "563774628",
                "url": "http://nypost.com/2016/12/11/police-hunt-for-subway-flasher/",
                "wgt": 1
            },
            {
                "body": "South Brooklyn listeners of the Big Apple's only classical radio station are livid that a pirate broadcast of a man preaching the Torah often drowns out their Tchaikovsky.\n\nThe irked orchestra fans lodged several complaints to WQXR (105.9 FM), which recently reported the pirate broadcasts to the ...",
                "date": "2016-12-11",
                "id": "3618925",
                "isDuplicate": false,
                "lang": "eng",
                "sim": 0,
                "source": {
                    "id": "981",
                    "title": "New York Post",
                    "uri": "nypost.com"
                },
                "time": "19:43:00",
                "title": "Radio pirates hijack classical station to preach the Torah",
                "uri": "563774632",
                "url": "http://nypost.com/2016/12/11/radio-pirates-hijack-classical-station-to-preach-the-torah/",
                "wgt": 1
            },
            {
                "body": "St. John's didn't learn its lesson. Again, Chris Mullin's young crew was taught what happens when intensity is lacking. Again, the Red Storm found out that little will come easy this season.\n\nFollowing an emotional and emphatic 32-point win over Fordham, St. John's saw its three-game winning streak ...",
                "date": "2016-12-11",
                "id": "3616819",
                "isDuplicate": false,
                "lang": "eng",
                "sim": 0.7647058963775635,
                "source": {
                    "id": "981",
                    "title": "New York Post",
                    "uri": "nypost.com"
                },
                "time": "19:24:00",
                "title": "St. John's stunned by LIU Brooklyn in momentum-crushing thud",
                "uri": "563768848",
                "url": "http://nypost.com/2016/12/11/st-johns-stunned-by-liu-brooklyn-in-momentum-crushing-thud/",
                "wgt": 1
            },
            {
                "body": "NEW ORLEANS -- Former Saints star Will Smith was \"executed\" by an irate driver as Smith's wounded wife lay nearby during the chaos that followed an April 9 traffic accident, a prosecutor told a New Orleans jury Sunday during closing arguments in the shooter's trial.\n\nBut a defense attorney said the ...",
                "date": "2016-12-11",
                "id": "3616066",
                "isDuplicate": false,
                "lang": "eng",
                "sim": 0,
                "source": {
                    "id": "981",
                    "title": "New York Post",
                    "uri": "nypost.com"
                },
                "time": "19:18:00",
                "title": "Prosecutor: Ex-Saint Will Smith was 'executed'",
                "uri": "563766724",
                "url": "http://nypost.com/2016/12/11/prosecutor-ex-saint-will-smith-was-executed/",
                "wgt": 1
            },
            {
                "body": "NFL still scared to address crass, uncouth social media behavior\n\nIf the season continues to go the way it has, the Cleveland Browns will likely wind up with the No. 1 overall pick. They currently have a one-game \"lead\" on the San Francisco 49ers, who are 1-11.\n\nThe obvious target position for the ...",
                "date": "2016-12-11",
                "id": "3612532",
                "isDuplicate": false,
                "lang": "eng",
                "sim": 0.7960784435272217,
                "source": {
                    "id": "981",
                    "title": "New York Post",
                    "uri": "nypost.com"
                },
                "time": "18:44:00",
                "title": "Why are Browns openly drooling over this non-QB No. 1 option?",
                "uri": "563756565",
                "url": "http://nypost.com/2016/12/11/why-are-browns-openly-drooling-over-this-non-qb-no-1-option/",
                "wgt": 1
            },
            {
                "body": "WASHINGTON - Donald Trump says he's smarter than your average president -- so he doesn't need daily intelligence briefings.\n\n\"I get it when I need it,\" Trump told \"Fox News Sunday,\" explaining that he refuses the opportunity to be briefed daily by security professionals on classified threats the way ...",
                "date": "2016-12-11",
                "id": "3610558",
                "isDuplicate": false,
                "lang": "eng",
                "sim": 0.7647058963775635,
                "source": {
                    "id": "981",
                    "title": "New York Post",
                    "uri": "nypost.com"
                },
                "time": "18:30:00",
                "title": "Trump: I'm smart, I don't need intelligence briefings everyday",
                "uri": "563752104",
                "url": "http://nypost.com/2016/12/11/trump-im-smart-i-dont-need-intelligence-briefings-everyday/",
                "wgt": 1
            },
            {
                "body": "In a move that will spawn millions of groans and even more bad jokes, the Giants have sent two game balls from last week's 24-14 loss in Pittsburgh to the NFL to explore whether the balls were underinflated.\n\nAccording to Fox Sports, the Giants, after being the beneficiary of two Pittsburgh ...",
                "date": "2016-12-11",
                "id": "3606551",
                "isDuplicate": false,
                "lang": "eng",
                "sim": 0.6509804129600525,
                "source": {
                    "id": "981",
                    "title": "New York Post",
                    "uri": "nypost.com"
                },
                "time": "17:55:00",
                "title": "Giants allege Steelers balls were deflated in stunning scandal return",
                "uri": "563741539",
                "url": "http://nypost.com/2016/12/11/giants-allege-steelers-balls-were-deflated-in-stunning-scandal-return/",
                "wgt": 1
            },
            {
                "body": "When \"Empire\" became the biggest show on Fox, the network wanted another one from creator Lee Daniels. The sister series, \"Star,\" debuts this week. Similar in milieu to the Golden Globe-winning drama, the new Daniels effort follows three aspiring singers -- Star Davis (Jude Demorest), a tough ...",
                "date": "2016-12-11",
                "id": "3606574",
                "isDuplicate": false,
                "lang": "eng",
                "sim": 0,
                "source": {
                    "id": "981",
                    "title": "New York Post",
                    "uri": "nypost.com"
                },
                "time": "17:55:00",
                "title": "Jude Demorest is Lee Daniels' rising 'Star'",
                "uri": "563741543",
                "url": "http://nypost.com/2016/12/11/jude-demorest-is-lee-daniels-rising-star/",
                "wgt": 1
            },
            {
                "body": "Before Lee Daniels gave us the runaway hit \"Empire,\" he received Oscar nominations for producing and directing \"Precious\" -- a searing portrait of a poor girl who relied on the New York City Department of Social Services to escape the hell hole in which she lived.\n\nDaniels' new series, \"Star,\" ...",
                "date": "2016-12-11",
                "id": "3606556",
                "isDuplicate": false,
                "lang": "eng",
                "sim": 0.7764706015586853,
                "source": {
                    "id": "981",
                    "title": "New York Post",
                    "uri": "nypost.com"
                },
                "time": "17:55:00",
                "title": "Lee Daniels, Queen Latifah bring 'Star' power to Fox drama",
                "uri": "563741536",
                "url": "http://nypost.com/2016/12/11/lee-daniels-queen-latifah-bring-star-power-to-fox-drama/",
                "wgt": 1
            },
            {
                "body": "WASHINGTON - Donald Trump defended Rex Tillerson Sunday as a \"world class player\" in face of criticism the oil executive should not be in charge of the State Department.\n\n\"Whether I choose him or not for \"State\"- Rex Tillerson, the Chairman & CEO of ExxonMobil, is a world class player and dealmaker. ...",
                "date": "2016-12-11",
                "id": "3604380",
                "isDuplicate": false,
                "lang": "eng",
                "sim": 0.6392157077789307,
                "source": {
                    "id": "981",
                    "title": "New York Post",
                    "uri": "nypost.com"
                },
                "time": "17:36:00",
                "title": "Trump says Tillerson's ties with Russia is 'great advantage'",
                "uri": "563735310",
                "url": "http://nypost.com/2016/12/11/trump-says-tillersons-ties-with-russia-is-great-advantage/",
                "wgt": 1
            },
            {
                "body": "OKLAHOMA CITY -- The Boston Celtics got a scare when they were told of a bomb threat on their private flight to Oklahoma City.\n\nThe Boston Globe reports the plane landed safely around 5:00 p.m. at Will Rogers World Airport, where players were told to leave their bags and proceed to their hotel.\n\nThe ...",
                "date": "2016-12-11",
                "id": "3601595",
                "isDuplicate": true,
                "lang": "eng",
                "sim": 0,
                "source": {
                    "id": "981",
                    "title": "New York Post",
                    "uri": "nypost.com"
                },
                "time": "17:15:00",
                "title": "Bomb threat made on airplane carrying Boston Celtics",
                "uri": "563727492",
                "url": "http://nypost.com/2016/12/11/bomb-threat-made-on-airplane-carrying-boston-celtics/",
                "wgt": 1
            },
            {
                "body": "Two brothers were stabbed -- one fatally -- when a fight erupted after a late night soccer match in Brooklyn early Sunday, authorities said.\n\nDelvin Martinez, 31, was knifed outside of Beginning with Children Charter School 2 on Heyward St. in Williamsburg around 12:30 a.m.\n\nHe was rushed to ...",
                "date": "2016-12-11",
                "id": "3596950",
                "isDuplicate": false,
                "lang": "eng",
                "sim": 0.7529411911964417,
                "source": {
                    "id": "981",
                    "title": "New York Post",
                    "uri": "nypost.com"
                },
                "time": "16:42:00",
                "title": "Man fatally stabbed in fight following soccer match",
                "uri": "563715796",
                "url": "http://nypost.com/2016/12/11/man-fatally-stabbed-in-fight-following-soccer-match/",
                "wgt": 1
            },
            {
                "body": "Lamar Jackson could see his beautiful present and optimistic future in the Heisman Trophy on Saturday. And he could look to his left for a cautionary tale of how it could all unravel.\n\nThe electrifying Louisville quarterback was awarded the trophy for the best college football player, then spent ...",
                "date": "2016-12-11",
                "id": "3596407",
                "isDuplicate": false,
                "lang": "eng",
                "sim": 0.6078431606292725,
                "source": {
                    "id": "981",
                    "title": "New York Post",
                    "uri": "nypost.com"
                },
                "time": "16:36:00",
                "title": "Johnny Manziel stole the Heisman Trophy spotlight",
                "uri": "563713249",
                "url": "http://nypost.com/2016/12/11/johnny-manziel-stole-the-heisman-trophy-spotlight/",
                "wgt": 1
            },
            {
                "body": "A mugger tried to steal a woman's purse at a Lower Manhattan subway station last month but ran away when she put up a fight, authorities said.\n\nThe 28-year-old woman had just exited the turnstile at the Fulton Street station near Nassau Street when the man came up behind her and latched onto her ...",
                "date": "2016-12-11",
                "id": "3596382",
                "isDuplicate": false,
                "lang": "eng",
                "sim": 0.7019608020782471,
                "source": {
                    "id": "981",
                    "title": "New York Post",
                    "uri": "nypost.com"
                },
                "time": "16:36:00",
                "title": "Woman fends off attempted subway mugger",
                "uri": "563713244",
                "url": "http://nypost.com/2016/12/11/woman-fends-off-attempted-subway-mugger/",
                "wgt": 1
            },
            {
                "body": "Librarians used to be known for telling everyone to be quiet. Now they can't seem to shut up. They have opinions on just about every political issue of our time. And they can't wait to share them with the rest of us.\n\nThe week after the election, the American Library Association sent out a fairly ...",
                "date": "2016-12-11",
                "id": "3594766",
                "isDuplicate": false,
                "lang": "eng",
                "sim": 0,
                "source": {
                    "id": "981",
                    "title": "New York Post",
                    "uri": "nypost.com"
                },
                "time": "16:26:00",
                "title": "Libraries are suddenly a hotbed of political activism",
                "uri": "563708654",
                "url": "http://nypost.com/2016/12/11/libraries-are-suddenly-a-hotbed-of-political-activism/",
                "wgt": 1
            },
            {
                "body": "This season, Charles Hall is celebrating his 30th anniversary of playing Santa Claus in Radio City's \"Christmas Spectacular\" -- the longest anyone has ever played St. Nick in the show. And the 52-year-old actor has no plans to slow down.\n\n\"I've played this hall more than Frank Sinatra, Tony Bennett, ...",
                "date": "2016-12-11",
                "id": "3594751",
                "isDuplicate": false,
                "lang": "eng",
                "sim": 0,
                "source": {
                    "id": "981",
                    "title": "New York Post",
                    "uri": "nypost.com"
                },
                "time": "16:26:00",
                "title": "Radio City has had the same Santa for three decades",
                "uri": "563708650",
                "url": "http://nypost.com/2016/12/11/radio-city-has-had-the-same-santa-for-three-decades/",
                "wgt": 1
            },
            {
                "body": "Disturbing footage shows the moment a car bomb that killed dozens of people exploded outside a soccer stadium in Turkey.\n\nThe short video, posted by Instagram user siyahsozluk Saturday night, shows two men singing a song on a park bench in Istanbul when a red ball of fire is seen behind ...",
                "date": "2016-12-11",
                "id": "3593632",
                "isDuplicate": false,
                "lang": "eng",
                "sim": 0,
                "source": {
                    "id": "981",
                    "title": "New York Post",
                    "uri": "nypost.com"
                },
                "time": "16:18:00",
                "title": "Instagrammer catches moment when deadly car bomb exploded",
                "uri": "563705017",
                "url": "http://nypost.com/2016/12/11/instagrammer-catches-moment-when-deadly-car-bomb-exploded/",
                "wgt": 1
            },
            {
                "body": "An Idaho man grieving the murder of his honor-student daughter says something didn't seem right about Bruce Marchant, the ex-con arrested for the crime in Manhattan.\n\nDad Phil Bush said the thought \"crossed my mind\" that his daughter Sierra might have been killed by Marchant, who spent 20 years in ...",
                "date": "2016-12-11",
                "id": "3593624",
                "isDuplicate": false,
                "lang": "eng",
                "sim": 0.8196078538894653,
                "source": {
                    "id": "981",
                    "title": "New York Post",
                    "uri": "nypost.com"
                },
                "time": "16:18:00",
                "title": "Dad says he suspected daughter's alleged killer",
                "uri": "563705008",
                "url": "http://nypost.com/2016/12/11/dad-says-he-suspected-daughters-alleged-killer/",
                "wgt": 1
            },
            {
                "body": "A fight between a group of street vendors turned violent when one pulled out a weapon and slashed two others while working in Lower Manhattan, police sources said.\n\nThe suspect -- who is still on the loose -- was working near the corner of Broadway and Canal Street when he got into an argument with ...",
                "date": "2016-12-11",
                "id": "3592637",
                "isDuplicate": false,
                "lang": "eng",
                "sim": 0,
                "source": {
                    "id": "981",
                    "title": "New York Post",
                    "uri": "nypost.com"
                },
                "time": "16:11:00",
                "title": "Fight between street vendors leaves man slashed",
                "uri": "563702298",
                "url": "http://nypost.com/2016/12/11/fight-between-street-vendors-leaves-man-slashed/",
                "wgt": 1
            },
            {
                "body": "\"Saturday Night Live\" continued its mockery of Donald Trump's impending presidency with a series of skits -- but they didn't rile the President-elect enough to go on one of his usual Twitter rants.\n\nThe late-night sketch comedy show ditched its go-to Trump impersonator, comedian Alec Baldwin, this ...",
                "date": "2016-12-11",
                "id": "3590067",
                "isDuplicate": false,
                "lang": "eng",
                "sim": 0.5411764979362488,
                "source": {
                    "id": "981",
                    "title": "New York Post",
                    "uri": "nypost.com"
                },
                "time": "15:50:00",
                "title": "Trump actually stays off Twitter as 'SNL' continues their jabs",
                "uri": "563694601",
                "url": "http://nypost.com/2016/12/11/trump-actually-stays-off-twitter-as-snl-continues-their-jabs/",
                "wgt": 1
            },
            {
                "body": "LAGOS, Nigeria -- Metal girders and the roof of a crowded church collapsed onto worshippers in southern Nigeria, killing at least 160 people with the toll likely to rise, a hospital director said Sunday.\n\nMortuaries in the city of Uyo are overflowing from Saturday's tragedy, medical director Etete ...",
                "date": "2016-12-11",
                "id": "3568005",
                "isDuplicate": false,
                "lang": "eng",
                "sim": 0.9882352948188782,
                "source": {
                    "id": "981",
                    "title": "New York Post",
                    "uri": "nypost.com"
                },
                "time": "12:59:00",
                "title": "Over 100 dead in Nigerian church collapse",
                "uri": "563635164",
                "url": "http://nypost.com/2016/12/11/over-100-dead-in-nigerian-church-collapse/",
                "wgt": 1
            },
            {
                "body": "Holiday office parties can end in tears, with careers destroyed.\n\nSo much for a jolly good time -- it turns out many executives have gone overboard, aided by generous libations, then woke up the next morning in shock and horror.\n\nA new study of financial executives by staffing firm Robert Half is a ...",
                "date": "2016-12-11",
                "id": "3564174",
                "isDuplicate": false,
                "lang": "eng",
                "sim": 0,
                "source": {
                    "id": "981",
                    "title": "New York Post",
                    "uri": "nypost.com"
                },
                "time": "12:28:00",
                "title": "How bosses can ruin their office holiday party",
                "uri": "563625153",
                "url": "http://nypost.com/2016/12/11/how-bosses-can-ruin-their-office-holiday-party/",
                "wgt": 1
            },
            {
                "body": "A hedge-funder tried to fend off fatherhood by offering his model girlfriend $75,000 to abort their child, according to a lawsuit.\n\nElmira Naymark, 32, a lithe, leggy brunette, met Ron Ozer through mutual friends in 2013 and the pair quickly hit it off, traveling the world during a\n\n2\u00b9/\u2082-year ...",
                "date": "2016-12-11",
                "id": "3562617",
                "isDuplicate": false,
                "lang": "eng",
                "sim": 0.9647058844566345,
                "source": {
                    "id": "981",
                    "title": "New York Post",
                    "uri": "nypost.com"
                },
                "time": "12:16:00",
                "title": "My hedge-fund boyfriend tried to bribe me to get an abortion: suit",
                "uri": "563621076",
                "url": "http://nypost.com/2016/12/11/my-hedge-fund-boyfriend-tried-to-bribe-me-to-get-an-abortion-suit/",
                "wgt": 1
            },
            {
                "body": "Family of dead man wrongfully convicted of murder gets $8.25M from city\n\nA Brooklyn man who spent five years behind bars awaiting trial for a crime he didn't commit has filed a $15 million lawsuit alleging the Queens District Attorney's Office withheld evidence in his case.\n\nNathaniel Newson was one ...",
                "date": "2016-12-11",
                "id": "3562606",
                "isDuplicate": false,
                "lang": "eng",
                "sim": 0,
                "source": {
                    "id": "981",
                    "title": "New York Post",
                    "uri": "nypost.com"
                },
                "time": "12:16:00",
                "title": "Man says he got 5 years behind bars for murder he didn't commit",
                "uri": "563621072",
                "url": "http://nypost.com/2016/12/11/man-says-he-got-5-years-behind-bars-for-murder-he-didnt-commit/",
                "wgt": 1
            },
            {
                "body": "Federal authorities raided a Brooklyn cafe linked to the Pennsylvania imam blamed by Turkey for plotting July's failed coup attempt in that country.\n\nThe feds seized computers from Masal Cafe in Sheepshead Bay -- which operates in a portion of the old Lundy's Restaurant -- in October, said a source ...",
                "date": "2016-12-11",
                "id": "3562223",
                "isDuplicate": false,
                "lang": "eng",
                "sim": 0.6549019813537598,
                "source": {
                    "id": "981",
                    "title": "New York Post",
                    "uri": "nypost.com"
                },
                "time": "12:11:00",
                "title": "Feds raid businessmen linked to imam blamed for Turkey coup",
                "uri": "563619813",
                "url": "http://nypost.com/2016/12/11/feds-raid-businessmen-linked-to-imam-blamed-for-turkey-coup/",
                "wgt": 1
            },
            {
                "body": "A part-owner of Upper East Side eatery Nello says he's been cheated out of profits from the famed hot spot.\n\nQueens resident Paul Nicaj partnered with Thomas Makkos on various restaurant companies that own Battery Gardens and Nello, where celebrities like Jennifer Lopez, Mickey Rourke, Arnold ...",
                "date": "2016-12-11",
                "id": "3557657",
                "isDuplicate": false,
                "lang": "eng",
                "sim": 0,
                "source": {
                    "id": "981",
                    "title": "New York Post",
                    "uri": "nypost.com"
                },
                "time": "11:34:00",
                "title": "Part-owner stiffed me on $1M earnings from Nello: suit",
                "uri": "563607321",
                "url": "http://nypost.com/2016/12/11/part-owner-stiffed-me-on-1m-earnings-from-nello-suit/",
                "wgt": 1
            },
            {
                "body": "Protesters in the city may chant, \"Love trumps hate,\" but that's not stopping some from piling on Donald Trump's family.\n\n\"You can't be a Trump supporter in the city,\" an old Buckley School classmate of Donald Jr. admitted to The Post.\n\n\"I wanted to throw a fund-raiser for [the elder Trump last ...",
                "date": "2016-12-11",
                "id": "3550729",
                "isDuplicate": false,
                "lang": "eng",
                "sim": 0.6039215922355652,
                "source": {
                    "id": "981",
                    "title": "New York Post",
                    "uri": "nypost.com"
                },
                "time": "10:37:00",
                "title": "Trump's kids now face rage of anti-Trump protesters",
                "uri": "563589377",
                "url": "http://nypost.com/2016/12/11/trumps-kids-now-face-rage-of-anti-trump-protesters/",
                "wgt": 1
            },
            {
                "body": "On last Thursday's season premiere of the A&E drama \"Gangland Undercover,\" ATF informant Charles Falco -- played by actor Damon Runyan -- was living in witness protection, working as a mechanic, and frustrated with his rootless life. It's a feeling the real Charles Falco knows well.\n\nThe 45-year-old ...",
                "date": "2016-12-11",
                "id": "3549555",
                "isDuplicate": false,
                "lang": "eng",
                "sim": 0,
                "source": {
                    "id": "981",
                    "title": "New York Post",
                    "uri": "nypost.com"
                },
                "time": "10:26:00",
                "title": "Biker who went undercover to inform on gangs inspired a TV show -- and",
                "uri": "563585233",
                "url": "http://nypost.com/2016/12/11/biker-who-went-undercover-to-inform-on-gangs-inspired-a-tv-show-and-now-lives-in-secret/",
                "wgt": 1
            },
            {
                "body": "Over the past nine Sundays, Ciro Ortiz, a 4-foot-8 Bushwick sixth-grader, has been counseling anxious Brooklynites at the Bedford L train stop. For $2 a pop, he offers five-minute \"emotional advice\" sessions. His office hours are noon to 2 p.m.\n\n\"It's a good way to give back and make money,\" the ...",
                "date": "2016-12-11",
                "id": "3548260",
                "isDuplicate": false,
                "lang": "eng",
                "sim": 0,
                "source": {
                    "id": "981",
                    "title": "New York Post",
                    "uri": "nypost.com"
                },
                "time": "10:16:00",
                "title": "Subway riders are turning to this 11-year-old shrink for advice",
                "uri": "563582485",
                "url": "http://nypost.com/2016/12/11/subway-riders-are-turning-to-this-11-year-old-shrink-for-advice/",
                "wgt": 1
            },
            {
                "body": "It was a celebration of love -- and a little girl's fighting spirit.\n\nHigh-school sweethearts Kevin and Jayleen Rodriguez tied the knot Friday afternoon in the pediatric ICU at Mount Sinai Hospital, where their 2-year-old daughter, Novalee, is fighting for her life.\n\nThe little girl was born on Feb. ...",
                "date": "2016-12-11",
                "id": "3548257",
                "isDuplicate": false,
                "lang": "eng",
                "sim": 0,
                "source": {
                    "id": "981",
                    "title": "New York Post",
                    "uri": "nypost.com"
                },
                "time": "10:16:00",
                "title": "2-year-old serves as parents' ring bearer from her ICU bed",
                "uri": "563582490",
                "url": "http://nypost.com/2016/12/11/2-year-old-serves-as-parents-ring-bearer-from-her-icu-bed/",
                "wgt": 1
            },
            {
                "body": "Hotel developer Salim \"Solly\" Assa, who faces contempt charges from the city for turning apartment houses into tourist lodging, is accused by a former business partner of improperly \"seizing\" the property.\n\nManhattan investor Abraham Lavi gave Assa $1.1 million in 2013 as his contribution to the ...",
                "date": "2016-12-11",
                "id": "3546586",
                "isDuplicate": false,
                "lang": "eng",
                "sim": 0,
                "source": {
                    "id": "981",
                    "title": "New York Post",
                    "uri": "nypost.com"
                },
                "time": "10:01:00",
                "title": "Investor sues hotel developer for wrongly 'seizing' apartments",
                "uri": "563577238",
                "url": "http://nypost.com/2016/12/11/investor-sues-hotel-developer-for-wrongly-seizing-apartments/",
                "wgt": 1
            },
            {
                "body": "Top Republicans blasted reports from anonymous US intelligence sources that Russia hacked Democratic e-mail accounts with the intention of swaying Americans to vote for Donald Trump.\n\nRepublican National Committee spokesman Sean Spicer demanded Saturday that the Central Intelligence Agency show ...",
                "date": "2016-12-11",
                "id": "3546850",
                "isDuplicate": false,
                "lang": "eng",
                "sim": 0.47843137383461,
                "source": {
                    "id": "981",
                    "title": "New York Post",
                    "uri": "nypost.com"
                },
                "time": "10:00:00",
                "title": "GOP blasts claims that CIA found Russia intervened in election",
                "uri": "563576878",
                "url": "http://nypost.com/2016/12/11/gop-blasts-claims-that-cia-found-russia-intervened-in-election/",
                "wgt": 1
            },
            {
                "body": "CAIRO -- Egypt's official news agency says a blast at Cairo's main Coptic Christian cathedral has killed five people.\n\nIt says Sunday's blast at St. Mark's Cathedral in central Cairo wounded another 10 people.\n\nSt. Mark's Cathedral is the seat of Egypt's Orthodox Christian church and is home to the ...",
                "date": "2016-12-11",
                "id": "3545731",
                "isDuplicate": true,
                "lang": "eng",
                "sim": 0,
                "source": {
                    "id": "981",
                    "title": "New York Post",
                    "uri": "nypost.com"
                },
                "time": "09:53:00",
                "title": "Blast at Egypt's main Coptic Christian cathedral kills at least 5",
                "uri": "563574339",
                "url": "http://nypost.com/2016/12/11/blast-at-egypts-main-coptic-christian-cathedral-kills-at-least-5/",
                "wgt": 1
            },
            {
                "body": "Before filming the bloody boxing sequences in \"Raging Bull,\" director Martin Scorsese sketched them in pencil, with ragged lines conveying the fierce energy he sought from his star Robert de Niro.\n\nNow you can see the master's original inspiration with this drawing and other storyboards from his ...",
                "date": "2016-12-11",
                "id": "3543837",
                "isDuplicate": false,
                "lang": "eng",
                "sim": 0,
                "source": {
                    "id": "981",
                    "title": "New York Post",
                    "uri": "nypost.com"
                },
                "time": "09:36:00",
                "title": "How Scorsese sketched the bloody boxing scenes in 'Raging Bull'",
                "uri": "563567996",
                "url": "http://nypost.com/2016/12/11/how-scorsese-sketched-the-bloody-boxing-scenes-in-raging-bull/",
                "wgt": 1
            },
            {
                "body": "Even as this year's Rockefeller Center Christmas tree twinkles away for millions of delighted visitors, last year's tree is still bringing joy -- as the beams and flooring for two Habitat for Humanity homes in upstate New York.\n\n\"Knowing that our walls contain the lumber from the Rockefeller tree ...",
                "date": "2016-12-11",
                "id": "3542697",
                "isDuplicate": false,
                "lang": "eng",
                "sim": 0.6352941393852234,
                "source": {
                    "id": "981",
                    "title": "New York Post",
                    "uri": "nypost.com"
                },
                "time": "09:28:00",
                "title": "Last year's Rockefeller Center tree lives on as upstate home",
                "uri": "563564535",
                "url": "http://nypost.com/2016/12/11/last-years-rockefeller-center-tree-lives-on-as-upstate-home/",
                "wgt": 1
            },
            {
                "body": "Dear John: I can promise you that a great number of voting Americans have no clue what the words \"privatizing Social Security\" mean.\n\nI am asking you to do a little tutorial. I remember all too clearly when George W. Bush wanted to do that, which translated into putting my trust fund money in the ...",
                "date": "2016-12-11",
                "id": "3539861",
                "isDuplicate": false,
                "lang": "eng",
                "sim": 0.4901960790157318,
                "source": {
                    "id": "981",
                    "title": "New York Post",
                    "uri": "nypost.com"
                },
                "time": "09:00:00",
                "title": "Social Security won't be privatized -- even under Trump",
                "uri": "563554215",
                "url": "http://nypost.com/2016/12/11/social-security-will-never-be-privatized-even-under-trump/",
                "wgt": 1
            },
            {
                "body": "How Trump can win the War on Terror, the left's global collapse, and other notable commentary\n\nBetsy DeVos, Donald Trump's pick for Secretary of Education, will put the brakes on the contentious Common Core standards if she is confirmed by the Senate.\n\n\"It's time to make education great again in ...",
                "date": "2016-12-11",
                "id": "3535465",
                "isDuplicate": false,
                "lang": "eng",
                "sim": 0.7411764860153198,
                "source": {
                    "id": "981",
                    "title": "New York Post",
                    "uri": "nypost.com"
                },
                "time": "08:19:00",
                "title": "Trump's education secretary pick plans to get rid of Common Core",
                "uri": "563540727",
                "url": "http://nypost.com/2016/12/11/trumps-education-secretary-pick-plans-to-get-rid-of-common-core-standards/",
                "wgt": 1
            },
            {
                "body": "Since the election, it's been all aboard the Trump Train for global stock markets, with a multi-week continuous all-time-high rally.\n\nMuch to the surprise of virtually all the propaganda peddlers and \"paid\" market prognosticators, stocks did not crash when Donald Trump won, as most predicted.\n\nSo ...",
                "date": "2016-12-11",
                "id": "3535468",
                "isDuplicate": false,
                "lang": "eng",
                "sim": 0,
                "source": {
                    "id": "981",
                    "title": "New York Post",
                    "uri": "nypost.com"
                },
                "time": "08:19:00",
                "title": "What to expect from the markets in the Trump era",
                "uri": "563540731",
                "url": "http://nypost.com/2016/12/11/what-to-expect-from-the-markets-in-the-trump-era/",
                "wgt": 1
            },
            {
                "body": "Patti Smith performed on behalf of Bob Dylan at the Nobel Prize Award Ceremony in Stockholm, Sweden, Saturday morning -- and forgot the lyrics to his famous tune \"A Hard Rain's A-Gonna Fall.\"\n\nThe rock icon -- who was accepting Dylan's prize in literature -- suddenly started mumbling the lyrics in ...",
                "date": "2016-12-11",
                "id": "3533635",
                "isDuplicate": false,
                "lang": "eng",
                "sim": 0.6470588445663452,
                "source": {
                    "id": "981",
                    "title": "New York Post",
                    "uri": "nypost.com"
                },
                "time": "08:05:00",
                "title": "Patti Smith botches Nobel tribute to absent Bob Dylan",
                "uri": "563535448",
                "url": "http://nypost.com/2016/12/11/patti-smith-botches-nobel-tribute-to-absent-bob-dylan/",
                "wgt": 1
            },
            {
                "body": "Former supermodel Kathy Ireland is slapping her name on men's underwear next year.\n\nThe former Sports Illustrated swimsuit model, who sells lingerie, sleepwear and home goods -- via kathy ireland Worldwide -- is expanding her line to include men's undies as well as fragrances, socks and swimwear. ...",
                "date": "2016-12-11",
                "id": "3532206",
                "isDuplicate": false,
                "lang": "eng",
                "sim": 0,
                "source": {
                    "id": "981",
                    "title": "New York Post",
                    "uri": "nypost.com"
                },
                "time": "07:50:00",
                "title": "Kathy Ireland expands clothing line to include men's underwear",
                "uri": "563531680",
                "url": "http://nypost.com/2016/12/11/kathy-ireland-expands-clothing-line-to-include-mens-underwear/",
                "wgt": 1
            },
            {
                "body": "Dear John, What about the completely untraceable and virtually unreported underground economy -- income, sales, commerce, etc.?\n\nThe size and depth of the \"cash economy\" may be as significant as the totally reported (and traceable) \"income\" numbers.\n\nHence, part of your arguments against the Census ...",
                "date": "2016-12-11",
                "id": "3531508",
                "isDuplicate": false,
                "lang": "eng",
                "sim": 0,
                "source": {
                    "id": "981",
                    "title": "New York Post",
                    "uri": "nypost.com"
                },
                "time": "07:43:00",
                "title": "Let's not over-estimate the underground cash economy",
                "uri": "563529758",
                "url": "http://nypost.com/2016/12/11/lets-not-over-estimate-the-underground-cash-economy/",
                "wgt": 1
            },
            {
                "body": "Giants' Jason Pierre-Paul rallying cry: 'Get championship with him'\n\nIn the days leading up to the biggest game the Giants have played at home since the 2011 playoffs, against the 11-1 Cowboys on Sunday night at an electric MetLife Stadium, coach Ben McAdoo showed his team a video of a peaceful lion ...",
                "date": "2016-12-11",
                "id": "3529781",
                "isDuplicate": false,
                "lang": "eng",
                "sim": 0.5490196347236633,
                "source": {
                    "id": "981",
                    "title": "New York Post",
                    "uri": "nypost.com"
                },
                "time": "07:23:00",
                "title": "Ben McAdoo goes to YouTube for Giants' motivation",
                "uri": "563524941",
                "url": "http://nypost.com/2016/12/11/ben-mcadoo-goes-to-youtube-for-giants-motivation/",
                "wgt": 1
            },
            {
                "body": "Trump letting Hillary off the hook is his biggest mistake yet\n\nHillary Clinton rails against an \"epidemic\" of fake news, Lyin' Brian Williams hunts for untruths, and wacky Dan Rather is alarmed at pretty much everything. Not to be outdone, The New York Times spies a nation soul-searching for truth ...",
                "date": "2016-12-11",
                "id": "3529809",
                "isDuplicate": false,
                "lang": "eng",
                "sim": 0,
                "source": {
                    "id": "981",
                    "title": "New York Post",
                    "uri": "nypost.com"
                },
                "time": "07:23:00",
                "title": "Liberal's fake-news panic show they can't handle the truth",
                "uri": "563524930",
                "url": "http://nypost.com/2016/12/11/liberals-fake-news-panic-show-they-cant-handle-the-truth/",
                "wgt": 1
            },
            {
                "body": "No one can accuse junk bond genius Michael Milken of being afraid to ask for money.\n\nMilken, who spent his summer stumping for dollars to fund his Prostate Cancer Foundation, raised $5 million on Wednesday night from some of Wall Street's heaviest hitters -- just hours after some had been hit up by ...",
                "date": "2016-12-11",
                "id": "3527613",
                "isDuplicate": false,
                "lang": "eng",
                "sim": 0,
                "source": {
                    "id": "981",
                    "title": "New York Post",
                    "uri": "nypost.com"
                },
                "time": "06:57:00",
                "title": "Michael Milken raises $5 million at charity fundraiser",
                "uri": "563518366",
                "url": "http://nypost.com/2016/12/11/michael-milken-raises-5-million-at-charity-fundraiser/",
                "wgt": 1
            },
            {
                "body": "What should be made clear is what the Rangers just went through was not about goaltending.\n\nYes, Antti Raanta proved up to the task when he played admirably over this two-game sweep of a road back-to-back, first with a steady 17-save performance in a 2-1 win over the Jets on Thursday then in a ...",
                "date": "2016-12-11",
                "id": "3526987",
                "isDuplicate": false,
                "lang": "eng",
                "sim": 0.5647059082984924,
                "source": {
                    "id": "981",
                    "title": "New York Post",
                    "uri": "nypost.com"
                },
                "time": "06:48:00",
                "title": "Goalie switch not main reason the Rangers are winning again",
                "uri": "563516291",
                "url": "http://nypost.com/2016/12/11/goalie-switch-not-main-reason-the-rangers-are-winning-again/",
                "wgt": 1
            },
            {
                "body": "Absent a league decree, Ted Leonsis, the Washington owner, is unequivocal with his vow to grant Alex Ovechkin permission to play for Russia in the 2018 Olympics even if the NHL doesn't send its players to compete in the Pyeongchang, South Korea Games.\n\nSo one would assume he similarly would consent ...",
                "date": "2016-12-11",
                "id": "3526694",
                "isDuplicate": false,
                "lang": "eng",
                "sim": 0,
                "source": {
                    "id": "981",
                    "title": "New York Post",
                    "uri": "nypost.com"
                },
                "time": "06:44:00",
                "title": "Gary Bettman, NHL need clear, consistent Olympic policy now",
                "uri": "563515229",
                "url": "http://nypost.com/2016/12/11/gary-bettman-nhl-need-clear-consistent-olympic-policy-now/",
                "wgt": 1
            },
            {
                "body": "A battle is brewing between a beermaker and a New York City business over the name \"Dogfish.\"\n\nDelaware-based Dogfish Head Brewery, which has been around since 1995, said Dogfish Accelerator, which finances films and \"media rockstars,\" came to the brewer in 2013 asking for sponsorship, a Brooklyn ...",
                "date": "2016-12-11",
                "id": "3526469",
                "isDuplicate": false,
                "lang": "eng",
                "sim": 0,
                "source": {
                    "id": "981",
                    "title": "New York Post",
                    "uri": "nypost.com"
                },
                "time": "06:41:00",
                "title": "Beermaker and 'media rockstar' business battle over 'Dogfish' name",
                "uri": "563514698",
                "url": "http://nypost.com/2016/12/11/beermaker-and-media-rockstar-business-battle-over-dogfish-name/",
                "wgt": 1
            },
            {
                "body": "An outbreak of flu among 13 cats at an uptown Manhattan animal shelter has veterinary experts across the country scratching their heads -- because cats just don't catch the flu.\n\n\"That's the main question. Where is this flu coming from?\" says Dr. Sandra Newbury, director of the Shelter Medicine ...",
                "date": "2016-12-11",
                "id": "3526382",
                "isDuplicate": false,
                "lang": "eng",
                "sim": 0,
                "source": {
                    "id": "981",
                    "title": "New York Post",
                    "uri": "nypost.com"
                },
                "time": "06:40:00",
                "title": "Cats catch the flu from new strain of feline influenza",
                "uri": "563514497",
                "url": "http://nypost.com/2016/12/11/cats-catch-the-flu-from-new-strain-of-feline-influenza/",
                "wgt": 1
            },
            {
                "body": "Rainstorms sweeping South renew hope in battle against wildfires\n\nSnow could dust the city Sunday, but it won't stick on the ground long, AccuWeather.com said Saturday.\n\nA storm system combined with temperatures around freezing will bring some flakes late in the day.\n\n\"It conceivably could get a ...",
                "date": "2016-12-11",
                "id": "3525376",
                "isDuplicate": false,
                "lang": "eng",
                "sim": 0,
                "source": {
                    "id": "981",
                    "title": "New York Post",
                    "uri": "nypost.com"
                },
                "time": "06:28:00",
                "title": "New York may see some snow this week",
                "uri": "563511520",
                "url": "http://nypost.com/2016/12/11/new-york-may-see-some-snow-this-week/",
                "wgt": 1
            },
            {
                "body": "If you think Bowles is bad, Keyshawn Johnson's Rich Kotite stories are worse\n\nMatthew Stafford wasn't supposed to be anywhere near the MVP conversation -- not with Calvin \"Megatron\" Johnson retired, not with a long-suffering franchise trapped in a division with Aaron Rodgers and the Packers and the ...",
                "date": "2016-12-11",
                "id": "3525297",
                "isDuplicate": false,
                "lang": "eng",
                "sim": 0.6470588445663452,
                "source": {
                    "id": "981",
                    "title": "New York Post",
                    "uri": "nypost.com"
                },
                "time": "06:27:00",
                "title": "Matthew Stafford's MVP play has Lions on brink of major step",
                "uri": "563511327",
                "url": "http://nypost.com/2016/12/11/matthew-staffords-mvp-play-has-lions-on-brink-of-major-step/",
                "wgt": 1
            },
            {
                "body": "Expect a slew of new dating ads to join all those dieting commercials on TV in a few weeks.\n\nA new company, EliteSingles, is getting ready for its high season in January and February, when the brokenhearted make a resolution to find someone else.\n\nEliteSingles will, of course, be facing off with the ...",
                "date": "2016-12-11",
                "id": "3524675",
                "isDuplicate": false,
                "lang": "eng",
                "sim": 0,
                "source": {
                    "id": "981",
                    "title": "New York Post",
                    "uri": "nypost.com"
                },
                "time": "06:18:00",
                "title": "'Elite' dating app will flood the airwaves with commercials",
                "uri": "563509271",
                "url": "http://nypost.com/2016/12/11/elite-dating-app-will-flood-the-airwaves-with-commercials/",
                "wgt": 1
            },
            {
                "body": "More investors at home and abroad are warming up to President-elect Donald Trump.\n\nIn one of the latest turnarounds, the business communities of two of Asia's top financial centers are \"mainly positive about the Donald Trump presidency,\" according to a new survey by Acuma Hong Kong and deVere ...",
                "date": "2016-12-11",
                "id": "3524059",
                "isDuplicate": false,
                "lang": "eng",
                "sim": 0,
                "source": {
                    "id": "981",
                    "title": "New York Post",
                    "uri": "nypost.com"
                },
                "time": "06:10:00",
                "title": "Asian businesses are warming up to a Trump presidency",
                "uri": "563507360",
                "url": "http://nypost.com/2016/12/11/asian-businesses-are-warming-up-to-a-trump-presidency/",
                "wgt": 1
            },
            {
                "body": "This was just Giants appetizer -- that couldn't have tasted worse\n\nThere is geography, which explains why the Dodgers and the Giants remains the only rivalry involving New York teams that once actually led to a murder (as Casey Stengel, who worked for all three New York teams at one time or another, ...",
                "date": "2016-12-11",
                "id": "3523596",
                "isDuplicate": false,
                "lang": "eng",
                "sim": 0.5843137502670288,
                "source": {
                    "id": "981",
                    "title": "New York Post",
                    "uri": "nypost.com"
                },
                "time": "06:02:00",
                "title": "Giants-Cowboys rivalry fueled by fans, which makes it great",
                "uri": "563505435",
                "url": "http://nypost.com/2016/12/11/giants-cowboys-rivalry-fueled-by-fans-which-makes-it-great/",
                "wgt": 1
            },
            {
                "body": "SAN ANTONIO -- After being sidelined for five weeks, Jeremy Lin is aching to return to the court. He didn't Saturday in the Nets' 130-101 loss to the Spurs, and he wasn't sure if he will Monday in Houston or Wednesday versus the Lakers, both former clubs of his. But whenever it is, he is anxious to ...",
                "date": "2016-12-11",
                "id": "3521575",
                "isDuplicate": false,
                "lang": "eng",
                "sim": 0.658823549747467,
                "source": {
                    "id": "981",
                    "title": "New York Post",
                    "uri": "nypost.com"
                },
                "time": "05:36:00",
                "title": "Jeremy Lin's eager to return to Nets: When will it be?",
                "uri": "563500076",
                "url": "http://nypost.com/2016/12/11/jeremy-lins-eager-to-return-to-nets-when-will-it-be/",
                "wgt": 1
            },
            {
                "body": "Facebook's ad metric problem is becoming Zuckerberg's headache\n\nGSV Capital Chief Executive Michael Moe is having the last laugh as a Silicon Valley insider who dared not vote for Hillary Clinton.\n\nCall it a real belly laugh for this influential tech investor, who has emerged unbowed -- and predicts ...",
                "date": "2016-12-11",
                "id": "3521567",
                "isDuplicate": false,
                "lang": "eng",
                "sim": 0,
                "source": {
                    "id": "981",
                    "title": "New York Post",
                    "uri": "nypost.com"
                },
                "time": "05:36:00",
                "title": "Silicon Valley exec has the last laugh after voting Trump",
                "uri": "563500072",
                "url": "http://nypost.com/2016/12/11/silicon-valley-exec-has-the-last-laugh-after-voting-trump/",
                "wgt": 1
            },
            {
                "body": "It's several hundred years into the future. You live in a cold climate, but thick clothing keeps you warm. You eat food from the community greenhouse. Sometimes you even go boating, spending tranquil days under the orange sky. Life is similar in some ways to how it is now. In other ways, it's very ...",
                "date": "2016-12-11",
                "id": "3521167",
                "isDuplicate": false,
                "lang": "eng",
                "sim": 0,
                "source": {
                    "id": "981",
                    "title": "New York Post",
                    "uri": "nypost.com"
                },
                "time": "05:31:00",
                "title": "Our best option for life after Earth? One of Saturn's moons",
                "uri": "563498720",
                "url": "http://nypost.com/2016/12/11/our-best-option-for-life-after-earth-one-of-saturns-moons/",
                "wgt": 1
            },
            {
                "body": "Cowboys fan: I'm getting death threats after 'Super Bowl' tattoo\n\nWith all the games, backstories, injuries and developments in a given week in the NFL, it is tough to know what to look for on Sunday. Here are five things to watch:\n\nFiring coach Lovie Smith in favor of the unproven Dirk Koetter ...",
                "date": "2016-12-11",
                "id": "3520007",
                "isDuplicate": false,
                "lang": "eng",
                "sim": 0.4627451002597809,
                "source": {
                    "id": "981",
                    "title": "New York Post",
                    "uri": "nypost.com"
                },
                "time": "05:17:00",
                "title": "Story of 3 NFL QBs: A budding star, a resurgent vet and a surprise",
                "uri": "563495790",
                "url": "http://nypost.com/2016/12/11/story-of-3-nfl-qbs-a-budding-star-a-resurgent-vet-and-a-surprise-upstart/",
                "wgt": 1
            },
            {
                "body": "We're not sure when The New York Times decided to outsource its reporting on the city schools to the United Federation of Teachers, but the Gray Lady's regurgitation of UFT propaganda is now routine. The latest: a story that went online Friday morning on how charter schools enroll fewer homeless ...",
                "date": "2016-12-11",
                "id": "3517512",
                "isDuplicate": false,
                "lang": "eng",
                "sim": 0.545098066329956,
                "source": {
                    "id": "981",
                    "title": "New York Post",
                    "uri": "nypost.com"
                },
                "time": "04:47:00",
                "title": "Times hit piece on charters misses the real story on schools",
                "uri": "563487970",
                "url": "http://nypost.com/2016/12/10/times-hit-piece-on-charters-misses-the-real-story-on-schools/",
                "wgt": 1
            },
            {
                "body": "SANTA CLARA, Calif. -- The Jets' quarterback situation this year underscores the NFL's need for a developmental league.\n\nThe Jets could have had Bryce Petty and Christian Hackenberg getting reps on a minor league team instead of standing around practice watching Ryan Fitzpatrick and Geno Smith take ...",
                "date": "2016-12-11",
                "id": "3517558",
                "isDuplicate": false,
                "lang": "eng",
                "sim": 0,
                "source": {
                    "id": "981",
                    "title": "New York Post",
                    "uri": "nypost.com"
                },
                "time": "04:46:00",
                "title": "Case for an NFL development league: The Jets' QB situation",
                "uri": "563487821",
                "url": "http://nypost.com/2016/12/10/case-for-an-nfl-development-league-the-jets-qb-situation/",
                "wgt": 1
            },
            {
                "body": "Last April, when state Attorney General Eric Schneiderman announced he was investigating massive Primary Day voting problems, we asked whether he would \"dare point fingers at the true culprits.\"\n\nWell, Schneiderman's probe is done, the results are in -- and, no, he didn't dare.\n\nAll the ...",
                "date": "2016-12-11",
                "id": "3517098",
                "isDuplicate": false,
                "lang": "eng",
                "sim": 0,
                "source": {
                    "id": "981",
                    "title": "New York Post",
                    "uri": "nypost.com"
                },
                "time": "04:40:00",
                "title": "Schneiderman wimps out on flagging NY's real election woes",
                "uri": "563486817",
                "url": "http://nypost.com/2016/12/10/schneiderman-wimps-out-on-flagging-nys-real-election-woes/",
                "wgt": 1
            },
            {
                "body": "LOS ANGELES -- Kristaps Porzingis got off to an All-Star-like start to the season, but has cooled off offensively the past five games.\n\nHis legs look tired on his jump shot and his right knee actually is in wrapping as he deals with a minor ailment.\n\n\"He's got a little catch on his knee in the ...",
                "date": "2016-12-11",
                "id": "3516353",
                "isDuplicate": false,
                "lang": "eng",
                "sim": 0.800000011920929,
                "source": {
                    "id": "981",
                    "title": "New York Post",
                    "uri": "nypost.com"
                },
                "time": "04:33:00",
                "title": "Struggling Kristaps Porzingis has a 'catch on his knee'",
                "uri": "563485272",
                "url": "http://nypost.com/2016/12/10/struggling-kristaps-porzingis-has-a-catch-on-his-knee/",
                "wgt": 1
            },
            {
                "body": "SAN ANTONIO -- Nets' general manager Sean Marks may be trying to grow the latest branch of the Spurs Tree up in Brooklyn, but they admit it is absurd to even compare themselves to the NBA's model franchise.\n\nOn Saturday the Nets got a reminder of why. In Marks' first trip back to San Antonio -- ...",
                "date": "2016-12-11",
                "id": "3514632",
                "isDuplicate": false,
                "lang": "eng",
                "sim": 0.6705882549285889,
                "source": {
                    "id": "981",
                    "title": "New York Post",
                    "uri": "nypost.com"
                },
                "time": "04:13:00",
                "title": "Spurs embarrass Nets in Sean Marks' return to San Antonio",
                "uri": "563481068",
                "url": "http://nypost.com/2016/12/10/spurs-embarrass-nets-in-sean-marks-return-to-san-antonio/",
                "wgt": 1
            },
            {
                "body": "COLUMBUS, Ohio -- Jack Johnson, Cam Atkinson and Seth Jones each had a goal and an assist as the Jackets beat the Islanders 6-2 on Saturday night for their sixth straight win.\n\nJosh Anderson, Brandon Saad and Lukas Sedlak also scored for Columbus and Sergei Bobrovsky had 25 saves.\n\nJosh Bailey and ...",
                "date": "2016-12-11",
                "id": "3512787",
                "isDuplicate": false,
                "lang": "eng",
                "sim": 0.8784313797950745,
                "source": {
                    "id": "981",
                    "title": "New York Post",
                    "uri": "nypost.com"
                },
                "time": "03:50:00",
                "title": "Islanders' point streak ends with a crushing thud",
                "uri": "563475821",
                "url": "http://nypost.com/2016/12/10/islanders-point-streak-ends-with-a-crushing-thud/",
                "wgt": 1
            },
            {
                "body": "Undoubtedly, there are Jets fans who have buyer's remorse over Woody Johnson hiring Todd Bowles as his head coach instead of Dan Quinn.\n\nThe job to replace the fired Rex Ryan came down to those two men: Bowles, a successful defensive coordinator with the Cardinals, and Quinn, a successful defensive ...",
                "date": "2016-12-11",
                "id": "3512784",
                "isDuplicate": false,
                "lang": "eng",
                "sim": 0,
                "source": {
                    "id": "981",
                    "title": "New York Post",
                    "uri": "nypost.com"
                },
                "time": "03:49:00",
                "title": "Bowles has been bad, but Jets' past alternative a question mark",
                "uri": "563475818",
                "url": "http://nypost.com/2016/12/10/bowles-has-been-bad-but-jets-past-alternative-a-question-mark/",
                "wgt": 1
            },
            {
                "body": "PACKERS (+3) over Seahawks: Green Bay needs this more, obviously has the pedigree, and maintains sizable chip on shoulder after brutal playoff loss at Seattle which wrapped up 2014 season. Packers? Plus points? Lambeau? Sure.\n\n49ERS (-2\u200a\u00b9/\u2082) over Jets: It is Bryce Petty with the car keys, as ...",
                "date": "2016-12-11",
                "id": "3510934",
                "isDuplicate": false,
                "lang": "eng",
                "sim": 0,
                "source": {
                    "id": "981",
                    "title": "New York Post",
                    "uri": "nypost.com"
                },
                "time": "03:22:00",
                "title": "Why the Packers are a must-bet underdog vs. Seahawks",
                "uri": "563470357",
                "url": "http://nypost.com/2016/12/10/why-the-packers-are-a-must-bet-underdog-vs-seahawks/",
                "wgt": 1
            },
            {
                "body": "See what these 'Hamilton' actresses look like out of hoop skirts\n\nIt'll be one of the very merriest holidays on record.\n\nAs managers shake off the worst of the Great Recession, corporate America is hosting more office holiday parties and serving up more punch and surprise treats at this season's ...",
                "date": "2016-12-11",
                "id": "3510928",
                "isDuplicate": false,
                "lang": "eng",
                "sim": 0,
                "source": {
                    "id": "981",
                    "title": "New York Post",
                    "uri": "nypost.com"
                },
                "time": "03:22:00",
                "title": "Why more companies are partying hard this holiday season",
                "uri": "563470356",
                "url": "http://nypost.com/2016/12/10/why-more-companies-are-partying-hard-this-holiday-season/",
                "wgt": 1
            },
            {
                "body": "NFL still scared to address crass, uncouth social media behavior\n\nHaving little 21st Century business being seated at a computer -- I just learned how to use our toaster -- there are times when I have to look twice to see if emails are old or legit.\n\nThat happened Monday.\n\nBut first, what's a big ...",
                "date": "2016-12-11",
                "id": "3510400",
                "isDuplicate": false,
                "lang": "eng",
                "sim": 0,
                "source": {
                    "id": "981",
                    "title": "New York Post",
                    "uri": "nypost.com"
                },
                "time": "03:15:00",
                "title": "ESPN makes no one happy by bringing back NBA Hall of Famer",
                "uri": "563468912",
                "url": "http://nypost.com/2016/12/10/espn-makes-no-one-happy-by-bringing-back-nba-hall-of-famer/",
                "wgt": 1
            },
            {
                "body": "In \"To Kill a Mockingbird,\" the moral guidepost of the story is planted by Atticus Finch, who tells us, \"You never really understand a person until you consider things from his point of view .\u2009.\u2009. Until you climb inside of his skin and walk around in it.\" President Obama tells us \"to see the ...",
                "date": "2016-12-11",
                "id": "3510371",
                "isDuplicate": false,
                "lang": "eng",
                "sim": 0,
                "source": {
                    "id": "981",
                    "title": "New York Post",
                    "uri": "nypost.com"
                },
                "time": "03:15:00",
                "title": "Obama preaches empathy; Trump projects it",
                "uri": "563468843",
                "url": "http://nypost.com/2016/12/10/obama-preaches-empathy-trump-projects-it/",
                "wgt": 1
            },
            {
                "body": "SANTA CLARA, Calif. -- Only the most diehard of the diehard Jets fans can care about this one.\n\nThe 3-9 Jets face the 1-11 49ers in a game that has more implications for next spring's draft than this season. Both teams are dead in the water this year, playing out the string.\n\nThe Jets enter this one ...",
                "date": "2016-12-11",
                "id": "3509949",
                "isDuplicate": false,
                "lang": "eng",
                "sim": 0.7960784435272217,
                "source": {
                    "id": "981",
                    "title": "New York Post",
                    "uri": "nypost.com"
                },
                "time": "03:08:00",
                "title": "Jets fans left with just one thing to watch for vs. terrible 49ers",
                "uri": "563467168",
                "url": "http://nypost.com/2016/12/10/jets-fans-left-with-just-one-thing-to-watch-for-vs-terrible-49ers/",
                "wgt": 1
            },
            {
                "body": "The Heisman Trophy winner was decided before the leaves began to fall -- and Saturday night, Lamar Jackson finally was allowed to take it home.\n\nThe 19-year-old Louisville quarterback, an overwhelming 1-25 favorite entering the night, officially was named the recipient of college football's most ...",
                "date": "2016-12-11",
                "id": "3507658",
                "isDuplicate": false,
                "lang": "eng",
                "sim": 0.772549033164978,
                "source": {
                    "id": "981",
                    "title": "New York Post",
                    "uri": "nypost.com"
                },
                "time": "02:28:00",
                "title": "Louisville QB Lamar Jackson wins Heisman  --  as expected",
                "uri": "563458723",
                "url": "http://nypost.com/2016/12/10/louisville-qb-lamar-jackson-wins-heisman-as-expected/",
                "wgt": 1
            },
            {
                "body": "Ben McAdoo's cryptic reason for comically oversized play chart\n\nIt does not all come down to this, but how the Giants fare Sunday night against the rival, rampaging Cowboys will go a long way in defining the stretch run of this season, and very possibly determine if the Giants get to keep playing ...",
                "date": "2016-12-11",
                "id": "3507200",
                "isDuplicate": false,
                "lang": "eng",
                "sim": 0.7137255072593689,
                "source": {
                    "id": "981",
                    "title": "New York Post",
                    "uri": "nypost.com"
                },
                "time": "02:21:00",
                "title": "Giants-Cowboys: What the true stakes are for Big Blue",
                "uri": "563457406",
                "url": "http://nypost.com/2016/12/10/giants-cowboys-what-the-true-stakes-are-for-big-blue/",
                "wgt": 1
            },
            {
                "body": "Uber driver Janis Rogers picked up a fare in Virginia and drove her nearly eight hours and 400 miles to Brooklyn, in what is believed to be the longest Uber ride on record.\n\nThen, the 64-year-old turned right around and drove back to her home in Newport News, Va.\n\nEven more impressive, she did it ...",
                "date": "2016-12-11",
                "id": "3505487",
                "isDuplicate": false,
                "lang": "eng",
                "sim": 0.8823529481887817,
                "source": {
                    "id": "981",
                    "title": "New York Post",
                    "uri": "nypost.com"
                },
                "time": "01:58:00",
                "title": "The longest ride in Uber history",
                "uri": "563452797",
                "url": "http://nypost.com/2016/12/10/the-longest-ride-in-uber-history/",
                "wgt": 1
            },
            {
                "body": "New Jets starting quarterback Bryce Petty huddled with Post columnist Steve Serby for some Q&A.\n\nQ: How old were you when you had this quarterback NFL dream?\n\nA: 6. I was watching a Chiefs game, we were in Arkansas at the time, and I said, \"Dad, I want to play in the NFL.\" I remember that like it ...",
                "date": "2016-12-11",
                "id": "3504827",
                "isDuplicate": false,
                "lang": "eng",
                "sim": 0,
                "source": {
                    "id": "981",
                    "title": "New York Post",
                    "uri": "nypost.com"
                },
                "time": "01:47:00",
                "title": "Bryce Petty on 'servant-leader' approach, Brett Favre love and his abs",
                "uri": "563450844",
                "url": "http://nypost.com/2016/12/10/bryce-petty-on-servant-leader-approach-brett-favre-love-and-his-abs/",
                "wgt": 1
            },
            {
                "body": "Kayla Harrison enters an ordinary door on a gray street on the outskirts of the Garment District. She walks past the doorman, who doesn't look up from his newspaper, and goes down the stairs to arrive at Renzo Gracie's jiu-jitsu academy.\n\nThere is no entourage, no handlers, no TMZ, just her and a ...",
                "date": "2016-12-11",
                "id": "3502613",
                "isDuplicate": false,
                "lang": "eng",
                "sim": 0,
                "source": {
                    "id": "981",
                    "title": "New York Post",
                    "uri": "nypost.com"
                },
                "time": "01:13:00",
                "title": "The alternate-reality, 'classy' Ronda Rousey is ready to storm MMA",
                "uri": "563444537",
                "url": "http://nypost.com/2016/12/10/the-alternate-reality-classy-ronda-rousey-is-ready-to-storm-mma/",
                "wgt": 1
            },
            {
                "body": "Everlasting proof the NFL draft isn't just an inexact science but a total crapshoot will be under center for the Cowboys on Sunday night at MetLife Stadium.\n\nThe debate over how Tom Brady could have lasted until the sixth round 16 years ago will have to move over, because the fall and rise of Dak ...",
                "date": "2016-12-11",
                "id": "3500106",
                "isDuplicate": false,
                "lang": "eng",
                "sim": 0.686274528503418,
                "source": {
                    "id": "981",
                    "title": "New York Post",
                    "uri": "nypost.com"
                },
                "time": "00:41:00",
                "title": "How everyone missed on best NFL lottery ticket since Tom Brady",
                "uri": "563437745",
                "url": "http://nypost.com/2016/12/10/how-everyone-missed-on-best-nfl-lottery-ticket-since-tom-brady/",
                "wgt": 1
            },
            {
                "body": "A 6-year-old autistic boy ran out of a Brooklyn school without anyone noticing and wound up on a nearby rooftop, where an off-duty cop grabbed him from the ledge.\n\n\"Thank God he found my son!\" cried Asmaa Awawda, whose child, Ibrahim, attends P77K, a program for disabled kids inside PS 164 on 14th ...",
                "date": "2016-12-11",
                "id": "3497122",
                "isDuplicate": false,
                "lang": "eng",
                "sim": 0,
                "source": {
                    "id": "981",
                    "title": "New York Post",
                    "uri": "nypost.com"
                },
                "time": "00:10:00",
                "title": "Hero cop finds autistic boy on rooftop after he ran out of school",
                "uri": "563430407",
                "url": "http://nypost.com/2016/12/10/hero-cop-finds-autistic-boy-on-rooftop-after-he-ran-out-of-school/",
                "wgt": 1
            },
            {
                "body": "Stripped to his waist and wearing black tights, David Branch messes around with one of his training partners in the bright blue Renzo Gracie jiu-jitsu academy in Manhattan.\n\nThen Kayla Harrison steps onto the mat.\n\nBranch quickly strikes up a conversation with the two-time Olympic gold medal winner ...",
                "date": "2016-12-11",
                "id": "3496329",
                "isDuplicate": false,
                "lang": "eng",
                "sim": 0,
                "source": {
                    "id": "981",
                    "title": "New York Post",
                    "uri": "nypost.com"
                },
                "time": "00:02:00",
                "title": "Meet New York MMA star who's done 'selling drugs, robbing people'",
                "uri": "563428517",
                "url": "http://nypost.com/2016/12/10/meet-new-york-mma-star-whos-done-selling-drugs-robbing-people/",
                "wgt": 1
            }
        ],
        "totalResults": 91
    }
}