{
    "articles": {
        "count": 92,
        "page": 1,
        "pages": 1,
        "results": [
            {
                "body": "CLEVELAND -- One by one, the Giants all trundled off the field, grim looks stitched to their faces alongside stiff upper lips, their gaits business like, their words quiet and humble and dripping with self-evaluation ...\n\n(Well ... all of them except for Odell Beckham Jr., anyway; Beckham sprinted ...",
                "date": "2016-11-27",
                "id": "13447550",
                "isDuplicate": false,
                "lang": "eng",
                "sim": 0.5137255191802979,
                "source": {
                    "id": "13",
                    "title": "New York Post",
                    "uri": "nypost.com"
                },
                "time": "23:48:00",
                "title": "Looking at the 5 games that'll decide if Giants are threats or frauds",
                "uri": "555005088",
                "url": "http://nypost.com/2016/11/27/looking-at-the-5-games-thatll-decide-if-giants-are-threats-or-frauds/",
                "wgt": 1
            },
            {
                "body": "A luxury ride preferred by Jacqueline Kennedy Onassis in her post-Camelot days can be your for just $295,000 -- but that includes Jackie O's registration papers, a New York auctioneer said Sunday.\n\nThe 1974 green BMW 3.0 -- the former first lady's wheels from 1974 to 1992 -- is now sitting in a Fort ...",
                "date": "2016-11-27",
                "id": "13444641",
                "isDuplicate": false,
                "lang": "eng",
                "sim": 0,
                "source": {
                    "id": "13",
                    "title": "New York Post",
                    "uri": "nypost.com"
                },
                "time": "23:24:00",
                "title": "Jackie O's BMW goes up for sale",
                "uri": "554998068",
                "url": "http://nypost.com/2016/11/27/jackie-os-bmw-goes-up-for-sale/",
                "wgt": 1
            },
            {
                "body": "Terrible start and not much in the way of sustaining drives. That is what 4-of-13 on third-down conversions gives you. Only 296 total yards and 55 plays -- blah. Eli Manning (15-of-27, 194 yards) had three TD passes and no interceptions, but he was not especially sharp. Odell Beckham Jr. (6 rec., 96 ...",
                "date": "2016-11-27",
                "id": "13441659",
                "isDuplicate": false,
                "lang": "eng",
                "sim": 0.4509803950786591,
                "source": {
                    "id": "13",
                    "title": "New York Post",
                    "uri": "nypost.com"
                },
                "time": "23:01:00",
                "title": "Giants report card: What happened to the other WRs?",
                "uri": "554990509",
                "url": "http://nypost.com/2016/11/27/giants-report-card-what-happened-to-the-other-wrs/",
                "wgt": 1
            },
            {
                "body": "Tatyana Navka, the wife of Vladimir Putin's powerful spokesman, did a holocaust themed skating performance tonight in Russia. pic.twitter.com/XxVRn6GeIV\n\n-- Yashar (@yashar) November 27, 2016\n\nThe wife of Vladimir Putin's top spokesman has sparked international outrage over a Holocaust-inspired ...",
                "date": "2016-11-27",
                "id": "13438810",
                "isDuplicate": false,
                "lang": "eng",
                "sim": 0.658823549747467,
                "source": {
                    "id": "13",
                    "title": "New York Post",
                    "uri": "nypost.com"
                },
                "time": "22:35:00",
                "title": "Putin aide's wife sparks uproar with Holocaust-themed skating routine",
                "uri": "554983028",
                "url": "http://nypost.com/2016/11/27/putin-aides-wife-sparks-uproar-with-holocaust-themed-skating-routine/",
                "wgt": 1
            },
            {
                "body": "Derrick Rose knocked on the steel of his black locker cubicle late Saturday night in Charlotte.\n\nRose's good-luck pat wasn't because Hurricane Westbrook was swirling into town, but in hopes he would be 100 percent healthy for Monday's Garden battle against the NBA's leading MVP candidate.\n\nThrough ...",
                "date": "2016-11-27",
                "id": "13436603",
                "isDuplicate": false,
                "lang": "eng",
                "sim": 0.772549033164978,
                "source": {
                    "id": "13",
                    "title": "New York Post",
                    "uri": "nypost.com"
                },
                "time": "22:15:00",
                "title": "Rising Derrick Rose is ready for Russell Westbrook  --  finally",
                "uri": "554977014",
                "url": "http://nypost.com/2016/11/27/rising-derrick-rose-is-ready-for-russell-westbrook-finally/",
                "wgt": 1
            },
            {
                "body": "WEST PALM BEACH, Fla. -- President-elect Donald Trump claimed without evidence Sunday that \"millions\" voted illegally in the national election, scoffing at Hillary Clinton's nearly 2 million edge in the popular vote and returning to his campaign mantra of a rigged race even as he prepares to enter ...",
                "date": "2016-11-27",
                "id": "13435425",
                "isDuplicate": false,
                "lang": "eng",
                "sim": 0.7647058963775635,
                "source": {
                    "id": "13",
                    "title": "New York Post",
                    "uri": "nypost.com"
                },
                "time": "22:07:00",
                "title": "Trump says he lost popular vote because 'millions voted illegally'",
                "uri": "554974122",
                "url": "http://nypost.com/2016/11/27/trump-says-he-lost-popular-vote-because-millions-voted-illegally/",
                "wgt": 1
            },
            {
                "body": "SAN FRANCISCO -- The nation's largest state bar association is overhauling ethics rules for attorneys for the first time in 30 years, and some lawyers are unhappy about a proposal that would open them up to discipline for having sex with clients.\n\nCalifornia currently bars attorneys from coercing a ...",
                "date": "2016-11-27",
                "id": "13431742",
                "isDuplicate": false,
                "lang": "eng",
                "sim": 0.9803921580314636,
                "source": {
                    "id": "13",
                    "title": "New York Post",
                    "uri": "nypost.com"
                },
                "time": "21:34:00",
                "title": "Lawyers peeved over proposed rule forbidding sex with clients",
                "uri": "554964093",
                "url": "http://nypost.com/2016/11/27/lawyers-peeved-over-proposed-rule-forbidding-sex-with-clients/",
                "wgt": 1
            },
            {
                "body": "CLEVELAND -- Ugly does not matter when there is a postseason party to crash.\n\nThe Giants came out of Thanksgiving looking lethargic, as if they were still feeling the aftereffects of ingesting too much stuffing and pecan pie. If they had played anyone other than the Browns on a picture-perfect ...",
                "date": "2016-11-27",
                "id": "13430170",
                "isDuplicate": false,
                "lang": "eng",
                "sim": 0.6627451181411743,
                "source": {
                    "id": "13",
                    "title": "New York Post",
                    "uri": "nypost.com"
                },
                "time": "21:21:00",
                "title": "Giants look hideous  --  and it doesn't matter in Browns bailout",
                "uri": "554959581",
                "url": "http://nypost.com/2016/11/27/giants-look-hideous-and-it-doesnt-matter-in-browns-bailout/",
                "wgt": 1
            },
            {
                "body": "Deadly cannonballs have been spotted hurling through space\n\nThere are multiple timelines playing out in parallel universes, according to a team of researchers.\n\nThe sensational claim was made by a team of physicists, who believe that the parallel universes can all affect one another.\n\nProfessor ...",
                "date": "2016-11-27",
                "id": "13429271",
                "isDuplicate": false,
                "lang": "eng",
                "sim": 0.9372549057006836,
                "source": {
                    "id": "13",
                    "title": "New York Post",
                    "uri": "nypost.com"
                },
                "time": "21:15:00",
                "title": "Researchers claim time travel is possible",
                "uri": "554957469",
                "url": "http://nypost.com/2016/11/27/researchers-claim-time-travel-is-possible/",
                "wgt": 1
            },
            {
                "body": "Jason Pierre-Paul grabbed a pass that fluttered in the air after Josh McCown got crushed, and the big man rumbled in for a 43-yard touchdown to put the Giants ahead of the Browns, 20-6, early in the fourth quarter Sunday in Cleveland.\n\nPierre-Paul, he of the fireworks-mangled right hand, corralled ...",
                "date": "2016-11-27",
                "id": "13428207",
                "isDuplicate": false,
                "lang": "eng",
                "sim": 0.6980392336845398,
                "source": {
                    "id": "13",
                    "title": "New York Post",
                    "uri": "nypost.com"
                },
                "time": "21:07:00",
                "title": "Jason Pierre-Paul absorbs INT in shocking Giants pick-six",
                "uri": "554954572",
                "url": "http://nypost.com/2016/11/27/jason-pierre-paul-absorbs-int-in-shocking-giants-pick-six/",
                "wgt": 1
            },
            {
                "body": "Sony PlayStation VR, $400 at Best Buy, 529 Fifth Ave. \"Virtual reality is a very hot technology this year,\" says Kevin Flanagan, a public-relations specialist at Best Buy, and this VR headset from Playstation is \"one of our hottest items.\" Casa Dragones Tequila Joven, $300 at Sherry-Lehmann, 505 ...",
                "date": "2016-11-27",
                "id": "13423471",
                "isDuplicate": false,
                "lang": "eng",
                "sim": 0,
                "source": {
                    "id": "13",
                    "title": "New York Post",
                    "uri": "nypost.com"
                },
                "time": "20:26:00",
                "title": "This season's hottest holiday gifts",
                "uri": "554941143",
                "url": "http://nypost.com/2016/11/27/this-seasons-hottest-holiday-gifts/",
                "wgt": 1
            },
            {
                "body": "The 12 lesser stars lurking with a chance to steal NFL spotlight\n\nPretty soon, you may only get to see live NFL football on Sundays. And Monday nights. And the occasional Saturday. Plus Thanksgiving.\n\nBut according to a Pro Football Talk report, the existence of \"Thursday Night Football\" soon will ...",
                "date": "2016-11-27",
                "id": "13421996",
                "isDuplicate": false,
                "lang": "eng",
                "sim": 0,
                "source": {
                    "id": "13",
                    "title": "New York Post",
                    "uri": "nypost.com"
                },
                "time": "20:13:00",
                "title": "NFL may be finally coming to its senses on Thursday night games",
                "uri": "554936618",
                "url": "http://nypost.com/2016/11/27/nfl-may-be-finally-coming-to-its-senses-on-thursday-night-games/",
                "wgt": 1
            },
            {
                "body": "I heard about your speech at the LinkedIn conference where you said millennials are no different from 20-somethings from years ago. That's BS and everyone knows it! Kids today are impossible. They are totally narcissistic, entitled and don't want to work hard. Their parents spoiled them, and I don't ...",
                "date": "2016-11-27",
                "id": "13414388",
                "isDuplicate": false,
                "lang": "eng",
                "sim": 0,
                "source": {
                    "id": "13",
                    "title": "New York Post",
                    "uri": "nypost.com"
                },
                "time": "19:12:00",
                "title": "Why Millennials are a company's greatest asset",
                "uri": "554913082",
                "url": "http://nypost.com/2016/11/27/why-millennials-are-a-companys-greatest-asset/",
                "wgt": 1
            },
            {
                "body": "If you think New Yorkers live to work, you're probably right.\n\nWhen Garland Walton escaped the rat race in October by moving from her home in Stamford, Conn., to Nice, France, her quality of life received an instant boost. Now, she actually relaxes in the mornings, by reading a book at a cafe or ...",
                "date": "2016-11-27",
                "id": "13412079",
                "isDuplicate": false,
                "lang": "eng",
                "sim": 0,
                "source": {
                    "id": "13",
                    "title": "New York Post",
                    "uri": "nypost.com"
                },
                "time": "18:56:00",
                "title": "Here's how Europeans work 258 fewer hours than Americans",
                "uri": "554906946",
                "url": "http://nypost.com/2016/11/27/heres-how-europeans-work-258-fewer-hours-than-americans/",
                "wgt": 1
            },
            {
                "body": "In 1936, rumors surfaced of the existence of a document so scandalous that it threatened to expose the immoral lives of some of the industry's biggest players. It was a diary, written by Mary Astor, a classically beautiful movie star and Columbia Pictures contract player embroiled in a battle for ...",
                "date": "2016-11-27",
                "id": "13410650",
                "isDuplicate": false,
                "lang": "eng",
                "sim": 0,
                "source": {
                    "id": "13",
                    "title": "New York Post",
                    "uri": "nypost.com"
                },
                "time": "18:46:00",
                "title": "Inside this Hollywood starlet's steamy sex diary",
                "uri": "554903471",
                "url": "http://nypost.com/2016/11/27/inside-this-hollywood-starlets-steamy-sex-diary/",
                "wgt": 1
            },
            {
                "body": "Colin Kaepernick Booed Loudly In Miami Following Pro-Fidel Castro Comments pic.twitter.com/8b84SLvGfK\n\nColin Kaepernick trotted on to the field a 49er, but he may as well have been his own team.\n\nThe San Francisco quarterback is Public Enemy No. 1, drawing many jeers at the start of his team's game ...",
                "date": "2016-11-27",
                "id": "13410638",
                "isDuplicate": false,
                "lang": "eng",
                "sim": 0.8078431487083435,
                "source": {
                    "id": "13",
                    "title": "New York Post",
                    "uri": "nypost.com"
                },
                "time": "18:46:00",
                "title": "49ers vs. Dolphins is now Colin Kaepernick vs. a livid Miami",
                "uri": "554903457",
                "url": "http://nypost.com/2016/11/27/49ers-vs-dolphins-is-now-colin-kaepernick-vs-a-livid-miami/",
                "wgt": 1
            },
            {
                "body": "A Brooklyn Republican who has his sights set on a City Council seat slammed the lawmaking body Sunday for bankrolling a feasibility study on whether to open injection facilities for heroin addicts.\n\n\"It's basically a taxpayer-funded shooting gallery for heroin junkies to allow them to legally shoot ...",
                "date": "2016-11-27",
                "id": "13407659",
                "isDuplicate": false,
                "lang": "eng",
                "sim": 0,
                "source": {
                    "id": "13",
                    "title": "New York Post",
                    "uri": "nypost.com"
                },
                "time": "18:23:00",
                "title": "Council candidate slams possibility of heroin injection facility",
                "uri": "554895572",
                "url": "http://nypost.com/2016/11/27/council-candidate-slams-possibility-of-heroin-injection-facility/",
                "wgt": 1
            },
            {
                "body": "With his shaggy beard and rumpled, olive-drab fatigues, Fidel Castro...\n\nIt was the winter of 2000 and Fidel Castro, along with his country's top athletes, had assembled at the Pan American Sports Center outside Havana for an epic rally to pressure the US government to send Elian Gonzalez back to ...",
                "date": "2016-11-27",
                "id": "13404601",
                "isDuplicate": false,
                "lang": "eng",
                "sim": 0.4588235318660736,
                "source": {
                    "id": "13",
                    "title": "New York Post",
                    "uri": "nypost.com"
                },
                "time": "18:01:00",
                "title": "I reported on the decline of Fidel Castro",
                "uri": "554887632",
                "url": "http://nypost.com/2016/11/27/i-reported-on-the-decline-of-fidel-castro/",
                "wgt": 1
            },
            {
                "body": "Call it bird control: Pigeons in Spain are going on the pill\n\nOfficials in Barcelona have announced that the city will dispense birth control pills to its 85,000 pigeons in an effort to curb the birds' population, which has become a public nuisance as they leave droppings on historic monuments, ...",
                "date": "2016-11-27",
                "id": "13403281",
                "isDuplicate": false,
                "lang": "eng",
                "sim": 0,
                "source": {
                    "id": "13",
                    "title": "New York Post",
                    "uri": "nypost.com"
                },
                "time": "17:51:00",
                "title": "Pigeons in Spain are going on birth control",
                "uri": "554884148",
                "url": "http://nypost.com/2016/11/27/pigeons-in-spain-are-going-on-birth-control/",
                "wgt": 1
            },
            {
                "body": "Landlord fined $120K for cheaping out on bathtub for disabled tenant\n\nAn elderly Manhattan jazz musician believes his landlord is trying to drum him out of his rent-controlled East Village apartment.\n\nWilbert Perry, 79, pays $380 a month for an East 10th Street pad where market-rate rents are ...",
                "date": "2016-11-27",
                "id": "13400245",
                "isDuplicate": false,
                "lang": "eng",
                "sim": 0,
                "source": {
                    "id": "13",
                    "title": "New York Post",
                    "uri": "nypost.com"
                },
                "time": "17:29:00",
                "title": "Jazz musician claims landlord planted bedbugs in his apt",
                "uri": "554876634",
                "url": "http://nypost.com/2016/11/27/jazz-musician-claims-landlord-planted-bedbugs-in-his-apt/",
                "wgt": 1
            },
            {
                "body": "A dream Thanksgiving vacation in the Big Apple turned into The Nightmare before Christmas for a California couple whose Airbnb reservation went bust.\n\nAnnette van Duren, a 63-year-old talent agent from LA, and her producer-husband, Alan Sacks, 73, used Airbnb on Oct. 21 to book a Chelsea apartment ...",
                "date": "2016-11-27",
                "id": "13399525",
                "isDuplicate": false,
                "lang": "eng",
                "sim": 0.6823529601097107,
                "source": {
                    "id": "13",
                    "title": "New York Post",
                    "uri": "nypost.com"
                },
                "time": "17:23:00",
                "title": "Airbnb horror story should scare you out of renting in NYC",
                "uri": "554874646",
                "url": "http://nypost.com/2016/11/27/airbnb-horror-story-should-scare-you-out-of-renting-in-nyc/",
                "wgt": 1
            },
            {
                "body": "Punk was consigned to the funeral pyre of history Saturday, in a hardcore and blazing send-off just offshore of the city of its birth.\n\nJoe Corre -- the son of Sex Pistols manager Malcolm McLaren and designer Vivienne Westwood -- put $6.5 million worth of his dad's punk memorabilia in a boat and lit ...",
                "date": "2016-11-27",
                "id": "13399516",
                "isDuplicate": false,
                "lang": "eng",
                "sim": 0.7803921699523926,
                "source": {
                    "id": "13",
                    "title": "New York Post",
                    "uri": "nypost.com"
                },
                "time": "17:23:00",
                "title": "Son of Sex Pistols' manager burns $6.5M worth of dad's memorabilia",
                "uri": "554874655",
                "url": "http://nypost.com/2016/11/27/son-of-sex-pistols-manager-burns-6-5m-worth-of-dads-memorabilia/",
                "wgt": 1
            },
            {
                "body": "Jim Harbaugh had one of his signature meltdowns on the sideline Saturday in Ohio Stadium, and after the Buckeyes won a thriller in double overtime, Harbaugh eviscerated officials in his postgame press conference.\n\nHarbaugh was livid over a controversial spot after a fourth-down play that set up Ohio ...",
                "date": "2016-11-27",
                "id": "13399500",
                "isDuplicate": false,
                "lang": "eng",
                "sim": 0.5686274766921997,
                "source": {
                    "id": "13",
                    "title": "New York Post",
                    "uri": "nypost.com"
                },
                "time": "17:23:00",
                "title": "Ohio State fans pounce on Jim Harbaugh's old 'whining' tweet",
                "uri": "554874661",
                "url": "http://nypost.com/2016/11/27/ohio-state-fans-pounce-on-jim-harbaughs-old-whining-tweet/",
                "wgt": 1
            },
            {
                "body": "WASHINGTON -- President Elect Donald Trump is \"absolutely\" willing to roll back President Obama's normalized relations with Cuba, incoming chief of staff Reince Priebus said in the wake of Fidel Castro's death.\n\nBut the New York businessman is willing to keep open newly minted business, diplomatic ...",
                "date": "2016-11-27",
                "id": "13397497",
                "isDuplicate": false,
                "lang": "eng",
                "sim": 0.572549045085907,
                "source": {
                    "id": "13",
                    "title": "New York Post",
                    "uri": "nypost.com"
                },
                "time": "17:10:00",
                "title": "Trump 'absolutely' willing to roll back relations with Cuba",
                "uri": "554869900",
                "url": "http://nypost.com/2016/11/27/trump-absolutely-willing-to-roll-back-relations-with-cuba/",
                "wgt": 1
            },
            {
                "body": "To say I don't own a suit jacket would be disingenuous. The last time I desperately needed to wear one -- for the Jewish holidays in October -- I found in my closet a jacket that had been cut during an ill-fated custom-tailoring adventure while on a work trip to Thailand. Made from beautifully soft ...",
                "date": "2016-11-27",
                "id": "13397042",
                "isDuplicate": false,
                "lang": "eng",
                "sim": 0,
                "source": {
                    "id": "13",
                    "title": "New York Post",
                    "uri": "nypost.com"
                },
                "time": "17:06:00",
                "title": "How I found the perfect blazer",
                "uri": "554868555",
                "url": "http://nypost.com/2016/11/27/how-i-found-the-perfect-blazer/",
                "wgt": 1
            },
            {
                "body": "\"Ava\" necklace, $145 at RJGraziano.com; \"Consula\" sandals, $79 at NinaShoes.com; \"Clara\" clutch, $495 at Sophia Webster.com\n\nWho says you have to wear heels to a holiday party? If athleisure's your thing, this look is #winning. Style your LBD with a sparkly bomber jacket and sneakers for a look ...",
                "date": "2016-11-27",
                "id": "13397026",
                "isDuplicate": false,
                "lang": "eng",
                "sim": 0,
                "source": {
                    "id": "13",
                    "title": "New York Post",
                    "uri": "nypost.com"
                },
                "time": "17:06:00",
                "title": "This one dress will solve all your holiday party needs",
                "uri": "554868562",
                "url": "http://nypost.com/2016/11/27/this-one-dress-will-solve-all-your-holiday-party-needs/",
                "wgt": 1
            },
            {
                "body": "Inside Fidel Castro's life of luxury and ladies while country starved\n\nElian Gonzalez, the former Cuban castaway who lived briefly in Florida, spoke lovingly of late president Fidel Castro - calling him both a \"friend\" and \"father.\"\n\nGonzalez, now 22, stuck close to Communist Party talking points in ...",
                "date": "2016-11-27",
                "id": "13396892",
                "isDuplicate": false,
                "lang": "eng",
                "sim": 0.6313725709915161,
                "source": {
                    "id": "13",
                    "title": "New York Post",
                    "uri": "nypost.com"
                },
                "time": "17:05:00",
                "title": "Elian Gonzalez describes Fidel as 'father who became friend'",
                "uri": "554868183",
                "url": "http://nypost.com/2016/11/27/elian-gonzalez-describes-fidel-as-father-who-became-friend/",
                "wgt": 1
            },
            {
                "body": "A distraught young woman's cries echoed through a Long Island hospital Sunday morning when she learned that her father was killed by a driver who was heading the wrong way on Sunrise Highway.\n\n\"My dad is dead. My father is dead,\" the woman, who was in her 20s, wailed out. \"My dad was driving. He was ...",
                "date": "2016-11-27",
                "id": "13394838",
                "isDuplicate": false,
                "lang": "eng",
                "sim": 0.6666666865348816,
                "source": {
                    "id": "13",
                    "title": "New York Post",
                    "uri": "nypost.com"
                },
                "time": "16:51:00",
                "title": "Wrong way driver kills Long Island dad",
                "uri": "554862900",
                "url": "http://nypost.com/2016/11/27/wrong-way-driver-kills-long-island-dad/",
                "wgt": 1
            },
            {
                "body": "Boxing tries to climb out of UFC shadow with Kovalev-Ward bout\n\nJabs get lobbed at Orlando Cruz seemingly without end. Even when he's outside the ring.\n\nThe Puerto Rican boxer, who in 2012 became the first active fighter to come out as gay, was stopped in the eighth round by WBO lightweight champion ...",
                "date": "2016-11-27",
                "id": "13394835",
                "isDuplicate": false,
                "lang": "eng",
                "sim": 0.6235294342041016,
                "source": {
                    "id": "13",
                    "title": "New York Post",
                    "uri": "nypost.com"
                },
                "time": "16:51:00",
                "title": "What it's like being an openly gay boxer, in 3 terrible tweets",
                "uri": "554862897",
                "url": "http://nypost.com/2016/11/27/what-its-like-being-an-openly-gay-boxer-in-3-terrible-tweets/",
                "wgt": 1
            },
            {
                "body": "Suspected gunman arrested after shots reported at hospital\n\nA 22-year-old woman was shot Sunday when a man who was thrown out of a large birthday party at a Washington Heights community center opened fire, authorities said.\n\nThe suspect and a friend were attending a Quincea\u00f1era -- or 15th birthday ...",
                "date": "2016-11-27",
                "id": "13388459",
                "isDuplicate": false,
                "lang": "eng",
                "sim": 0,
                "source": {
                    "id": "13",
                    "title": "New York Post",
                    "uri": "nypost.com"
                },
                "time": "16:08:00",
                "title": "Woman shot at Quincea\u00f1era",
                "uri": "554847938",
                "url": "http://nypost.com/2016/11/27/woman-shot-at-quinceanera/",
                "wgt": 1
            },
            {
                "body": "An FDNY supervisor's vehicle was stolen as it sat running in front of a Bronx hospital before cops later arrested the two thieves, authorities said.\n\nThe vehicle's engine had been left running as the FDNY personnel were inside Jacobi Medical Center around 10 p.m. before the suspects got in and drove ...",
                "date": "2016-11-27",
                "id": "13386873",
                "isDuplicate": false,
                "lang": "eng",
                "sim": 0.729411780834198,
                "source": {
                    "id": "13",
                    "title": "New York Post",
                    "uri": "nypost.com"
                },
                "time": "15:58:00",
                "title": "Men who stole FDNY vehicle didn't get very far",
                "uri": "554843905",
                "url": "http://nypost.com/2016/11/27/men-who-stole-fdny-vehicle-didnt-get-very-far/",
                "wgt": 1
            },
            {
                "body": "Why we are witnessing the end of the placekicker era in the NFL\n\nThree games down, 13 to go, as all 32 NFL teams are in action this week -- and the big question is just how healthy Tom Brady, Rob Gronkowski and the New England Patriots might be.\n\nNew England's not alone when it comes to potential ...",
                "date": "2016-11-27",
                "id": "13386562",
                "isDuplicate": false,
                "lang": "eng",
                "sim": 0.4470588266849518,
                "source": {
                    "id": "13",
                    "title": "New York Post",
                    "uri": "nypost.com"
                },
                "time": "15:55:00",
                "title": "Brady? Gronk? The entire injury report for fantasy owners",
                "uri": "554843041",
                "url": "http://nypost.com/2016/11/27/brady-gronk-the-entire-injury-report-for-fantasy-owners/",
                "wgt": 1
            },
            {
                "body": "{* #registrationForm *} {* traditionalRegistration_emailAddress *} {* traditionalRegistration_password *} {* traditionalRegistration_passwordConfirm *} {* traditionalRegistration_displayName *} {* traditionalRegistration_captcha *} {* traditionalRegistration_ageVerification *} By clicking \"Create ...",
                "date": "2016-11-27",
                "id": "13385268",
                "isDuplicate": false,
                "lang": "eng",
                "sim": 0,
                "source": {
                    "id": "13",
                    "title": "New York Post",
                    "uri": "nypost.com"
                },
                "time": "15:46:00",
                "title": "Body found at Penn Station",
                "uri": "554839663",
                "url": "http://nypost.com/2016/11/27/body-found-at-penn-station/",
                "wgt": 1
            },
            {
                "body": "Recorded my grandmas reaction to fidel dying pic.twitter.com/ucwJj4SWVc\n\nThis Cuban grandmother had good reason to jump out of bed.\n\nFlora Lorenzo, 84, sprang out of bed Saturday when her grandson woke her up and told her Fidel Castro, the Cuban dictator who caused her to flee the country back in ...",
                "date": "2016-11-27",
                "id": "13384626",
                "isDuplicate": false,
                "lang": "eng",
                "sim": 0,
                "source": {
                    "id": "13",
                    "title": "New York Post",
                    "uri": "nypost.com"
                },
                "time": "15:41:00",
                "title": "This grandma jumped out of bed when she heard Fidel died",
                "uri": "554838089",
                "url": "http://nypost.com/2016/11/27/this-grandma-jumped-out-of-bed-when-she-heard-fidel-died/",
                "wgt": 1
            },
            {
                "body": "In Queens grieves one of Fidel Castro's mistresses -- Marita Lorenz, who said he swept her off her feet on her father's cruise ship when she was a 19-year-old beauty in 1959.\n\nA year later, she was recruited by the CIA to assassinate Castro. But Castro realized her intent, and seduced her one last ...",
                "date": "2016-11-27",
                "id": "13382215",
                "isDuplicate": false,
                "lang": "eng",
                "sim": 0.6235294342041016,
                "source": {
                    "id": "13",
                    "title": "New York Post",
                    "uri": "nypost.com"
                },
                "time": "15:23:00",
                "title": "Fidel's mistress was recruited to kill him, but he seduced her instead",
                "uri": "554832026",
                "url": "http://nypost.com/2016/11/27/fidels-mistress-was-recruited-to-kill-him-he-seduced-her-instead/",
                "wgt": 1
            },
            {
                "body": "Tears of exultation -- and mourning -- flowed worldwide Saturday as Fidel Castro's foes and fans reacted to his death.\n\nIn the vibrant Cuban-American enclave along Bergenline Avenue in Union City, NJ, those who fled the dictator's repressive regime rejoiced at the news.\n\n\"I couldn't sleep all ...",
                "date": "2016-11-27",
                "id": "13379833",
                "isDuplicate": false,
                "lang": "eng",
                "sim": 0.407843142747879,
                "source": {
                    "id": "13",
                    "title": "New York Post",
                    "uri": "nypost.com"
                },
                "time": "15:06:00",
                "title": "Expats celebrate, loyalists weep as world learns of Fidel's end",
                "uri": "554825670",
                "url": "http://nypost.com/2016/11/27/expats-celebrate-loyalists-weep-as-world-learns-of-fidels-end/",
                "wgt": 1
            },
            {
                "body": "Donald Trump doesn't think the election is rigged anymore -- slamming recount efforts underway in at least one swing states by his former opponents.\n\nThe Commander-in-tweet was back on social media Sunday morning unleashing a digital smackdown on Hillary Clinton, who he said is being hypocritical by ...",
                "date": "2016-11-27",
                "id": "13378544",
                "isDuplicate": false,
                "lang": "eng",
                "sim": 0.5411764979362488,
                "source": {
                    "id": "13",
                    "title": "New York Post",
                    "uri": "nypost.com"
                },
                "time": "14:57:00",
                "title": "Trump uses Clinton's quotes against her in Twitter storm",
                "uri": "554822425",
                "url": "http://nypost.com/2016/11/27/trump-uses-clintons-quotes-against-her-in-twitter-storm/",
                "wgt": 1
            },
            {
                "body": "When rock icon Lemmy was fired from the psychedelic UK band Hawkwind in 1975 for a series of troubling incidents -- including almost missing a gig to hook up with a groupie in Chicago because she had crystal meth, and getting arrested at the Canadian border for possessing speed -- he was so upset ...",
                "date": "2016-11-27",
                "id": "13375669",
                "isDuplicate": false,
                "lang": "eng",
                "sim": 0,
                "source": {
                    "id": "13",
                    "title": "New York Post",
                    "uri": "nypost.com"
                },
                "time": "14:34:00",
                "title": "Lemmy's life took sex, drugs, and rock'n'roll to the next level",
                "uri": "554814921",
                "url": "http://nypost.com/2016/11/27/lemmys-life-took-sex-drugs-and-rocknroll-to-the-next-level/",
                "wgt": 1
            },
            {
                "body": "The town of St. George, off the Bering Sea near Alaska, was long home to some of the most robust pollock fishing in the country. But due to a fishing rights management scheme called \"catch shares,\" the town has no rights to fish its own waters and regularly watches their former industry literally ...",
                "date": "2016-11-27",
                "id": "13355244",
                "isDuplicate": false,
                "lang": "eng",
                "sim": 0,
                "source": {
                    "id": "13",
                    "title": "New York Post",
                    "uri": "nypost.com"
                },
                "time": "12:01:00",
                "title": "How the privatization of our oceans is sinking fishermen",
                "uri": "554759608",
                "url": "http://nypost.com/2016/11/27/how-the-privatization-of-our-oceans-is-sinking-fishermen/",
                "wgt": 1
            },
            {
                "body": "On Nov. 28, 1966, Susan Burke -- then a 20-something model at Bergdorf Goodman -- was sitting by the fountain of the Plaza hotel with her Harvard Business School boyfriend when she came up with a daring idea: \"Let's crash Capote's big party.\"\n\nIt wasn't just any event, but rather the biggest blowout ...",
                "date": "2016-11-27",
                "id": "13353122",
                "isDuplicate": false,
                "lang": "eng",
                "sim": 0.7568627595901489,
                "source": {
                    "id": "13",
                    "title": "New York Post",
                    "uri": "nypost.com"
                },
                "time": "11:43:00",
                "title": "How an unknown model crashed Capote's big bash -- and won his heart",
                "uri": "554753894",
                "url": "http://nypost.com/2016/11/27/how-an-unknown-model-crashed-capotes-big-bash-and-won-his-heart/",
                "wgt": 1
            },
            {
                "body": "High school principal accused of sexual harassment four times\n\nState officials trumpeted improvement in low-performing schools last week -- without mentioning that the bar for success was set extremely low.\n\nA cheery state report said that 62 low-performing schools -- including 27 in New York city ...",
                "date": "2016-11-27",
                "id": "13352600",
                "isDuplicate": false,
                "lang": "eng",
                "sim": 0,
                "source": {
                    "id": "13",
                    "title": "New York Post",
                    "uri": "nypost.com"
                },
                "time": "11:38:00",
                "title": "City says schools are improving, but critics say bar is 'laughably",
                "uri": "554752682",
                "url": "http://nypost.com/2016/11/27/city-says-schools-are-improving-but-critics-say-bar-is-laughably-low/",
                "wgt": 1
            },
            {
                "body": "With his shaggy beard and rumpled, olive-drab fatigues, Fidel Castro presented himself to the world as a modest man of the people.\n\nAt times, he claimed he made just 900 pesos ($43) a month and lived in a \"fisherman's hut\" somewhere on the beach.\n\nBut Castro's public image was a carefully crafted ...",
                "date": "2016-11-27",
                "id": "13350437",
                "isDuplicate": false,
                "lang": "eng",
                "sim": 0.4196078479290009,
                "source": {
                    "id": "13",
                    "title": "New York Post",
                    "uri": "nypost.com"
                },
                "time": "11:21:00",
                "title": "Inside Fidel Castro's life of luxury and ladies while country starved",
                "uri": "554746895",
                "url": "http://nypost.com/2016/11/27/inside-fidel-castros-life-of-luxury-and-ladies-while-country-starved/",
                "wgt": 1
            },
            {
                "body": "Switzerland not so neutral with Clinton Foundation donation\n\nForeign governments will be encouraged to investigate the Clinton Foundation's finances, as many are already turning off money spigots to the scandal-scarred group, The Post has learned.\n\nA source close to President-elect Donald Trump's ...",
                "date": "2016-11-27",
                "id": "13348214",
                "isDuplicate": false,
                "lang": "eng",
                "sim": 0.658823549747467,
                "source": {
                    "id": "13",
                    "title": "New York Post",
                    "uri": "nypost.com"
                },
                "time": "11:01:00",
                "title": "Trump administration will pressure foreign states to probe Clinton",
                "uri": "554741125",
                "url": "http://nypost.com/2016/11/27/trump-administration-will-pressure-foreign-states-to-probe-clinton-foundation/",
                "wgt": 1
            },
            {
                "body": "Iskra Lawrence isn't sample size, but the size-10 model isn't shy about showing off her body. A billboard of her in a skimpy monokini for the lingerie brand Aerie is currently on display in Times Square. Last week, she hopped on a southbound A train, stripped down to her underwear and gave commuters ...",
                "date": "2016-11-27",
                "id": "13348216",
                "isDuplicate": false,
                "lang": "eng",
                "sim": 0,
                "source": {
                    "id": "13",
                    "title": "New York Post",
                    "uri": "nypost.com"
                },
                "time": "11:01:00",
                "title": "Meet the plus-size model who stripped down on the subway",
                "uri": "554741133",
                "url": "http://nypost.com/2016/11/27/meet-the-plus-size-model-who-stripped-down-on-the-subway/",
                "wgt": 1
            },
            {
                "body": "Unsafe conditions at a city-run Chinatown housing project set the stage for the slaying of a teenager, a new lawsuit charges.\n\nNathaniel \"Chao\" Szeto, 19, was found mortally wounded in the lobby of his building in the Alfred E. Smith Houses on Catherine Slip near South Street around 5:45 a.m. Sept. ...",
                "date": "2016-11-27",
                "id": "13347545",
                "isDuplicate": false,
                "lang": "eng",
                "sim": 0,
                "source": {
                    "id": "13",
                    "title": "New York Post",
                    "uri": "nypost.com"
                },
                "time": "10:54:00",
                "title": "Murder victim's mom says building's conditions fostered crime",
                "uri": "554739203",
                "url": "http://nypost.com/2016/11/27/murder-victims-mom-says-buildings-conditions-fostered-crime/",
                "wgt": 1
            },
            {
                "body": "Firmdale Hotels, which owns The Crosby Hotel in Soho, has just put in a 12-foot bronze cat sculpture from the Colombian figurative artist and sculptor Fernando Botero. The $1.5 million cat sits outside the entrance to the hotel.\n\nKit Kemp, co-owner and design director of Firmdale Hotels, tells our ...",
                "date": "2016-11-27",
                "id": "13347551",
                "isDuplicate": false,
                "lang": "eng",
                "sim": 0,
                "source": {
                    "id": "13",
                    "title": "New York Post",
                    "uri": "nypost.com"
                },
                "time": "10:54:00",
                "title": "Colombian artist's 12-foot cat sculpture finds a home in Soho hotel",
                "uri": "554739211",
                "url": "http://nypost.com/2016/11/27/colombian-artists-12-foot-cat-sculpture-finds-a-home-in-soho-hotel/",
                "wgt": 1
            },
            {
                "body": "Dear John: Long story short, I collected unemployment during the winters, from 2008 to 2013. But the Pennsylvania unemployment folks later determined I was not eligible because I have a stake in the ownership of the landscaping business I work for.\n\nI do the physical labor, and I thought I was ...",
                "date": "2016-11-27",
                "id": "13346836",
                "isDuplicate": false,
                "lang": "eng",
                "sim": 0,
                "source": {
                    "id": "13",
                    "title": "New York Post",
                    "uri": "nypost.com"
                },
                "time": "10:49:00",
                "title": "How you collect unemployment depends on your state",
                "uri": "554737078",
                "url": "http://nypost.com/2016/11/27/how-you-collect-unemployment-depends-on-your-state/",
                "wgt": 1
            },
            {
                "body": "It was a beautiful Thanksgiving day in Florida, but it might as well have been a soft run for Donald Trump's inaugural ball.\n\nEarlier this week, Trump's deep-pocketed members at Mar-a-Lago, the president-elect's 20-acre winter home-cum-private club, feasted on crabs, jumbo shrimp, roasted turkey, ...",
                "date": "2016-11-27",
                "id": "13346105",
                "isDuplicate": false,
                "lang": "eng",
                "sim": 0.7686274647712708,
                "source": {
                    "id": "13",
                    "title": "New York Post",
                    "uri": "nypost.com"
                },
                "time": "10:42:00",
                "title": "Trump's victory complicates his relationship with members of",
                "uri": "554735146",
                "url": "http://nypost.com/2016/11/27/trumps-victory-complicates-his-relationship-with-members-of-mar-a-lago/",
                "wgt": 1
            },
            {
                "body": "Bankers are raising hell for bigger bonuses in another rough year for Wall Street revenues and employment.\n\nAverage bonuses are forecast by Johnson Associates to be 5 percent to 10 percent smaller in 2015, down for a second consecutive year -- and tempers are flaring.\n\nDealmakers are lobbying hard ...",
                "date": "2016-11-27",
                "id": "13343789",
                "isDuplicate": false,
                "lang": "eng",
                "sim": 0,
                "source": {
                    "id": "13",
                    "title": "New York Post",
                    "uri": "nypost.com"
                },
                "time": "10:23:00",
                "title": "Wall Street bonuses are down nearly 10% from last year",
                "uri": "554728670",
                "url": "http://nypost.com/2016/11/27/wall-street-bonuses-are-down-nearly-10-from-last-year/",
                "wgt": 1
            },
            {
                "body": "This Nike store just doesn't 'do it' for its neighbors.\n\nSoho residents are fed-up with the hordes of unruly crowds flocking to the 55,000-square-foot superstore that opened in their neighborhood last week.\n\n\"I was sitting in my [home] office with the windows closed when all of a sudden I heard all ...",
                "date": "2016-11-27",
                "id": "13343785",
                "isDuplicate": false,
                "lang": "eng",
                "sim": 0.7607843279838562,
                "source": {
                    "id": "13",
                    "title": "New York Post",
                    "uri": "nypost.com"
                },
                "time": "10:23:00",
                "title": "Nike's new store is bringing chaos to Soho residents",
                "uri": "554728666",
                "url": "http://nypost.com/2016/11/27/nikes-new-store-is-bringing-chaos-to-soho-residents/",
                "wgt": 1
            },
            {
                "body": "Dear John: Which party do you hold responsible for the national debt?\n\nWhen Ronald Reagan entered the White House, total national debt, from George Washington to Jimmy Carter, was $879 billion.\n\nEight years later, it stood at more than $2.4 trillion. George H.W. Bush added another $1.2 trillion in ...",
                "date": "2016-11-27",
                "id": "13342784",
                "isDuplicate": false,
                "lang": "eng",
                "sim": 0.5921568870544434,
                "source": {
                    "id": "13",
                    "title": "New York Post",
                    "uri": "nypost.com"
                },
                "time": "10:14:00",
                "title": "Both political parties are to blame for our national debt",
                "uri": "554725811",
                "url": "http://nypost.com/2016/11/27/both-political-parties-are-to-blame-for-our-national-debt/",
                "wgt": 1
            },
            {
                "body": "Cooked up in 2005 by the National Retail Federation to highlight a spike in online shopping the Monday after Thanksgiving, Cyber Monday has grown into the hype, becoming the biggest online shopping day of the year.\n\nFor 2016, it won't be just office drudges brightening their return from a four-day ...",
                "date": "2016-11-27",
                "id": "13342674",
                "isDuplicate": false,
                "lang": "eng",
                "sim": 0.4862745106220245,
                "source": {
                    "id": "13",
                    "title": "New York Post",
                    "uri": "nypost.com"
                },
                "time": "10:13:00",
                "title": "US shoppers turn to mobile purchases on Cyber Monday",
                "uri": "554725410",
                "url": "http://nypost.com/2016/11/27/us-shoppers-turn-to-mobile-purchases-on-cyber-monday/",
                "wgt": 1
            },
            {
                "body": "This Trump market rally is gathering steam -- and it's fueled by growing confidence among wealthy investors that the US now has the world's greatest investment opportunities.\n\nThe Dow Jones industrial average is up 3.8 percent since the election.\n\nA new report from Spectrem Group shows how this ...",
                "date": "2016-11-27",
                "id": "13333844",
                "isDuplicate": false,
                "lang": "eng",
                "sim": 0,
                "source": {
                    "id": "13",
                    "title": "New York Post",
                    "uri": "nypost.com"
                },
                "time": "09:02:00",
                "title": "Wealthy investors suggest confidence in American markets",
                "uri": "554698285",
                "url": "http://nypost.com/2016/11/27/wealthy-investors-suggest-confidence-in-american-markets/",
                "wgt": 1
            },
            {
                "body": "Motorists get no holiday discount when they park in Manhattan:...\n\nCar thieves also looked for a steal on Black Friday.\n\nVehicle thefts skyrocket on the day after Thanksgiving, according to new data from the National Insurance Crime Bureau.\n\nCar thefts typically spike 35 percent on Black Friday, the ...",
                "date": "2016-11-27",
                "id": "13330560",
                "isDuplicate": false,
                "lang": "eng",
                "sim": 0,
                "source": {
                    "id": "13",
                    "title": "New York Post",
                    "uri": "nypost.com"
                },
                "time": "08:30:00",
                "title": "Car thieves prey on shoppers 'caught up' in Black Friday frenzy",
                "uri": "554685398",
                "url": "http://nypost.com/2016/11/27/car-thieves-prey-on-shoppers-caught-up-in-black-friday-frenzy/",
                "wgt": 1
            },
            {
                "body": "Dozens of pipeline protesters arrested at mall on Black Friday\n\nMotorists get no holiday discount when they park in Manhattan: one of the biggest shopping weekends of the year is also a massive opportunity for the city to raise money by issuing parking summonses.\n\nTypically the city issues around ...",
                "date": "2016-11-27",
                "id": "13329787",
                "isDuplicate": false,
                "lang": "eng",
                "sim": 0,
                "source": {
                    "id": "13",
                    "title": "New York Post",
                    "uri": "nypost.com"
                },
                "time": "08:23:00",
                "title": "City's big retail day turns into opportunity for 35,000 parking",
                "uri": "554683100",
                "url": "http://nypost.com/2016/11/27/citys-big-retail-day-turns-into-opportunity-for-35000-parking-tickets/",
                "wgt": 1
            },
            {
                "body": "Fidel Castro's death set off nine days of public mourning in Cuba on Saturday as the revolutionary leader's remains are set to go on a procession through the country. Castro was to have been cremated Saturday, with his ashes slated for burial Dec. 4 in the city of Santiago.\n\nOn Wednesday, Castro's ...",
                "date": "2016-11-27",
                "id": "13328294",
                "isDuplicate": false,
                "lang": "eng",
                "sim": 0.4313725531101227,
                "source": {
                    "id": "13",
                    "title": "New York Post",
                    "uri": "nypost.com"
                },
                "time": "08:12:00",
                "title": "Fidel Castro's ashes will go on procession across Cuba",
                "uri": "554679174",
                "url": "http://nypost.com/2016/11/27/fidel-castros-ashes-will-go-on-procession-across-cuba/",
                "wgt": 1
            },
            {
                "body": "Black Friday deals brought mayhem to malls, with at least two fatal shootings reported across the country, including one at a New Jersey shopping complex that left an Atlantic City man dead.\n\nThe New Jersey shooting took place about 1 a.m. in the parking lot outside a Macy's store at the Hamilton ...",
                "date": "2016-11-27",
                "id": "13328282",
                "isDuplicate": false,
                "lang": "eng",
                "sim": 0.6392157077789307,
                "source": {
                    "id": "13",
                    "title": "New York Post",
                    "uri": "nypost.com"
                },
                "time": "08:12:00",
                "title": "Black Friday's mall mayhem led to at least two deaths",
                "uri": "554679179",
                "url": "http://nypost.com/2016/11/27/black-fridays-mall-mayhem-led-to-at-least-two-deaths/",
                "wgt": 1
            },
            {
                "body": "Former Cablevision owners have gone from friends to foes: Altice\n\nLooks like CBS News executives dodged the \"f -- ing firing squad,\" as one wag put it, last Monday. While President-elect Donald Trump famously unloaded on other networks, CBS appeared to escape his wrath.\n\nWe hear CBS News President ...",
                "date": "2016-11-27",
                "id": "13325805",
                "isDuplicate": false,
                "lang": "eng",
                "sim": 0.6549019813537598,
                "source": {
                    "id": "13",
                    "title": "New York Post",
                    "uri": "nypost.com"
                },
                "time": "07:50:00",
                "title": "Busy schedules spare CBS execs from Trump's 'firing squad'",
                "uri": "554671953",
                "url": "http://nypost.com/2016/11/27/busy-schedules-spare-cbs-execs-from-trumps-firing-squad/",
                "wgt": 1
            },
            {
                "body": "A Bronx man is making a habit of threatening suicide every time his ex \u00adrejects his unwanted overtures, neighbors and his baby mama said.\n\nAuthorities had to briefly shut the Major Deegan Expressway early Saturday after Omari Reid-Alston, who also goes by the name Omari Reid, had another temper ...",
                "date": "2016-11-27",
                "id": "13325416",
                "isDuplicate": false,
                "lang": "eng",
                "sim": 0,
                "source": {
                    "id": "13",
                    "title": "New York Post",
                    "uri": "nypost.com"
                },
                "time": "07:46:00",
                "title": "Man threatens suicide for third time after ex-flame rejects him",
                "uri": "554670848",
                "url": "http://nypost.com/2016/11/27/man-threatens-suicide-for-third-time-after-ex-flame-rejects-him/",
                "wgt": 1
            },
            {
                "body": "Former Cablevision owners have gone from friends to foes: Altice\n\nWant to know what women media executives really talk about behind closed doors?\n\n\"The Cosby Show\" and \"Nurse Jackie\" producer Caryn Mandabach and former MTV Networks boss Judy McGrath are scheduled to speak at a new conference, ...",
                "date": "2016-11-27",
                "id": "13323915",
                "isDuplicate": false,
                "lang": "eng",
                "sim": 0,
                "source": {
                    "id": "13",
                    "title": "New York Post",
                    "uri": "nypost.com"
                },
                "time": "07:32:00",
                "title": "Women's media conference aims to reveal secrets to success",
                "uri": "554666665",
                "url": "http://nypost.com/2016/11/27/womens-media-conference-aims-to-reveal-secrets-to-success/",
                "wgt": 1
            },
            {
                "body": "CLEVELAND -- Ben McAdoo was asked what his intent was showing his Giants the Will Ferrell meatloaf scene in \"Wedding Crashers\" (\"Hey, Mom! The meatloaf! We want it now! The meatloaf! What is she doing? I never know what she's doing back there.\") on Wednesday.\n\n\"We talked about, in December, we're ...",
                "date": "2016-11-27",
                "id": "13322588",
                "isDuplicate": false,
                "lang": "eng",
                "sim": 0.4039215743541718,
                "source": {
                    "id": "13",
                    "title": "New York Post",
                    "uri": "nypost.com"
                },
                "time": "07:17:00",
                "title": "Giants' road to Super Bowl requires taking a familiar path",
                "uri": "554662583",
                "url": "http://nypost.com/2016/11/27/giants-road-to-super-bowl-requires-taking-a-familiar-path/",
                "wgt": 1
            },
            {
                "body": "Titans (-5) over BEARS: Even if Jay Cutler somehow miraculously takes the first game snap for the Bears here -- even off the rude treatment he absorbed versus the Giants -- the Titans remain at the threshold of a franchise breakthrough, in their best stretch since the Steve McNair-Jeff Fisher ...",
                "date": "2016-11-27",
                "id": "13322473",
                "isDuplicate": false,
                "lang": "eng",
                "sim": 0,
                "source": {
                    "id": "13",
                    "title": "New York Post",
                    "uri": "nypost.com"
                },
                "time": "07:16:00",
                "title": "Bears won't be the team to stop Marcus Mariota train from rolling",
                "uri": "554662286",
                "url": "http://nypost.com/2016/11/27/bears-wont-be-the-team-to-stop-marcus-mariota-train-from-rolling/",
                "wgt": 1
            },
            {
                "body": "CHARLOTTE, N.C. -- Knicks starting center Joakim Noah said he is inching closer to 100 percent after battling the flu and is eager to play crunch-time minutes. But that didn't come close to happening in Saturday's 107-102 loss to the Hornets.\n\nIn his second game back, Noah was held to 12 minutes and ...",
                "date": "2016-11-27",
                "id": "13322457",
                "isDuplicate": false,
                "lang": "eng",
                "sim": 0.8588235378265381,
                "source": {
                    "id": "13",
                    "title": "New York Post",
                    "uri": "nypost.com"
                },
                "time": "07:16:00",
                "title": "Joakim Noah may be getting healthier, but his game's ailing",
                "uri": "554662291",
                "url": "http://nypost.com/2016/11/27/joakim-noah-may-be-getting-healthier-but-his-games-ailing/",
                "wgt": 1
            },
            {
                "body": "It's no secret that luxury retailers are behind the times when it comes to e-commerce.\n\nChanel lets you purchase its fragrances, beauty products and sunglasses online -- but not its handbags. Herm\u00e8s allows you to purchase some bags and other items on its Web site -- but not its signature Birkin and ...",
                "date": "2016-11-27",
                "id": "13322093",
                "isDuplicate": false,
                "lang": "eng",
                "sim": 0,
                "source": {
                    "id": "13",
                    "title": "New York Post",
                    "uri": "nypost.com"
                },
                "time": "07:13:00",
                "title": "Luxury retailers take steps to increase online presence",
                "uri": "554661282",
                "url": "http://nypost.com/2016/11/27/luxury-retailers-take-steps-to-increase-online-presence/",
                "wgt": 1
            },
            {
                "body": "Boxing tries to climb out of UFC shadow with Kovalev-Ward bout\n\nThe Jets have a chance to redeem themselves against the Patriots Sunday at MetLife Stadium. Or they could become another notch on Tom Brady's Hall of Fame resume.\n\nIf the Jets (3-7) can somehow beat the Patriots (8-2) in the Meadowlands ...",
                "date": "2016-11-27",
                "id": "13322099",
                "isDuplicate": false,
                "lang": "eng",
                "sim": 0.729411780834198,
                "source": {
                    "id": "13",
                    "title": "New York Post",
                    "uri": "nypost.com"
                },
                "time": "07:13:00",
                "title": "What desperate Jets must do to deny Tom Brady landmark win",
                "uri": "554661293",
                "url": "http://nypost.com/2016/11/27/what-desperate-jets-must-do-to-deny-tom-brady-landmark-win/",
                "wgt": 1
            },
            {
                "body": "{* #userInformationForm *} {* traditionalSignIn_emailAddress *} {* traditionalSignIn_password *} {* traditionalSignIn_signInButton *} {* /userInformationForm *} {* #registrationForm *} {* traditionalRegistration_emailAddress *} {* traditionalRegistration_password *} {* ...",
                "date": "2016-11-27",
                "id": "13322108",
                "isDuplicate": true,
                "lang": "eng",
                "sim": 0,
                "source": {
                    "id": "13",
                    "title": "New York Post",
                    "uri": "nypost.com"
                },
                "time": "07:13:00",
                "title": "Google Maps changes Trump Tower to 'Dump Tower'",
                "uri": "554661287",
                "url": "http://nypost.com/2016/11/27/google-maps-changes-trump-tower-to-dump-tower/",
                "wgt": 1
            },
            {
                "body": "The Rangers started this season with a lot of uncertainty. No one knew exactly what the team was going to look like after training camp, or if a handful of new additions were going to be able to contribute right away.\n\n\"I can honestly tell you that we weren't sure that every player that we were ...",
                "date": "2016-11-27",
                "id": "13320415",
                "isDuplicate": false,
                "lang": "eng",
                "sim": 0.6392157077789307,
                "source": {
                    "id": "13",
                    "title": "New York Post",
                    "uri": "nypost.com"
                },
                "time": "06:56:00",
                "title": "Rangers' young additions erasing preseason doubts",
                "uri": "554656232",
                "url": "http://nypost.com/2016/11/27/rangers-young-additions-erasing-preseason-doubts/",
                "wgt": 1
            },
            {
                "body": "Jimmy Vesey unplugged: On his 'wake-up call,' Cup vision and Deflategate\n\nGiants lead back Rashad Jennings ran through some Q&A with Post columnist Steve Serby.\n\nQ: Your thirst for knowledge and interest in causes leads me to ask: Have you ever thought about running for president?\n\nA: Some people ...",
                "date": "2016-11-27",
                "id": "13319569",
                "isDuplicate": false,
                "lang": "eng",
                "sim": 0,
                "source": {
                    "id": "13",
                    "title": "New York Post",
                    "uri": "nypost.com"
                },
                "time": "06:45:00",
                "title": "Giants running back Rashad Jennings wants to be president",
                "uri": "554653110",
                "url": "http://nypost.com/2016/11/27/giants-running-back-rashad-jennings-wants-to-be-president/",
                "wgt": 1
            },
            {
                "body": "\"AND as the first pick in the 2017 Expansion Draft, the Vegas Golden Knights select PLACEHOLDER.\"\n\nLast week's unveiling of the NHL's 31st franchise's name and logo replete with technical malfunctions was almost charming in an amateur-hour type of way. But at least we saw it unfold, which is maybe ...",
                "date": "2016-11-27",
                "id": "13319120",
                "isDuplicate": false,
                "lang": "eng",
                "sim": 0,
                "source": {
                    "id": "13",
                    "title": "New York Post",
                    "uri": "nypost.com"
                },
                "time": "06:39:00",
                "title": "Why the big secret with the NHL expansion draft picks?",
                "uri": "554651613",
                "url": "http://nypost.com/2016/11/27/why-the-big-secret-with-the-nhl-expansion-draft-picks/",
                "wgt": 1
            },
            {
                "body": "Team defense isn't just about ability or even effort. Like any other relationship, it's about trust. When that goes, so does the relationship. And right now, Brooklyn's trust is broken.\n\nWatching the Nets defend -- or more accurately, not defend -- it is obvious they have no faith in their ...",
                "date": "2016-11-27",
                "id": "13318931",
                "isDuplicate": false,
                "lang": "eng",
                "sim": 0,
                "source": {
                    "id": "13",
                    "title": "New York Post",
                    "uri": "nypost.com"
                },
                "time": "06:37:00",
                "title": "Nets must make this intangible defensive fix  --  and fast",
                "uri": "554651104",
                "url": "http://nypost.com/2016/11/27/nets-must-make-this-intangible-defensive-fix-and-fast/",
                "wgt": 1
            },
            {
                "body": "The sneakily best RB matchup in stacked fantasy football week\n\nSometimes I like to start out the writeup by talking about last week and what we learned and how we did. This is not one of those weeks. Last week was a disaster, and I'm sure that some of you got scared away from plays such as Dwayne ...",
                "date": "2016-11-27",
                "id": "13318091",
                "isDuplicate": false,
                "lang": "eng",
                "sim": 0,
                "source": {
                    "id": "13",
                    "title": "New York Post",
                    "uri": "nypost.com"
                },
                "time": "06:28:00",
                "title": "Fantasy football: WRs key to victory, especially this Seahawks",
                "uri": "554648649",
                "url": "http://nypost.com/2016/11/27/fantasy-football-wrs-key-to-victory-especially-this-seahawks-standout/",
                "wgt": 1
            },
            {
                "body": "Overworked, underpaid equity analysts on Wall Street just got another reason to fret. The Eliot Spitzer-backed financial data service TipRanks is putting their performance under the microscope.\n\nThe service tracks the stock picks of 4,300 analysts and determines whether their reports are translating ...",
                "date": "2016-11-27",
                "id": "13316089",
                "isDuplicate": false,
                "lang": "eng",
                "sim": 0,
                "source": {
                    "id": "13",
                    "title": "New York Post",
                    "uri": "nypost.com"
                },
                "time": "06:05:00",
                "title": "Spitzer-backed service ranks success of Wall Street analysts",
                "uri": "554641024",
                "url": "http://nypost.com/2016/11/27/spitzer-backed-service-ranks-success-of-wall-street-analysts/",
                "wgt": 1
            },
            {
                "body": "The president-elect is making his winners and losers list and checking it twice.\n\nFor the first time in his life, Donald Trump will be pulling together a holiday shopping list for more than 300 million Americans.\n\nIn every administration, there are winners and losers of policy decisions. In Trump's ...",
                "date": "2016-11-27",
                "id": "13314471",
                "isDuplicate": false,
                "lang": "eng",
                "sim": 0,
                "source": {
                    "id": "13",
                    "title": "New York Post",
                    "uri": "nypost.com"
                },
                "time": "05:45:00",
                "title": "Here's everything that made Trump's 'naughty and nice' list",
                "uri": "554634806",
                "url": "http://nypost.com/2016/11/27/heres-everything-that-made-trumps-naughty-and-nice-list/",
                "wgt": 1
            },
            {
                "body": "Why Mets' sad Eric Campbell saga would repeat without Cespedes\n\nFlorence Henderson died this week at age 82, and it hit those of us of a certain age especially hard because she was our Bonus Mom, the one who took care of our television universe the same way our real mothers made certain that the ...",
                "date": "2016-11-27",
                "id": "13313803",
                "isDuplicate": false,
                "lang": "eng",
                "sim": 0,
                "source": {
                    "id": "13",
                    "title": "New York Post",
                    "uri": "nypost.com"
                },
                "time": "05:37:00",
                "title": "How 'The Brady Bunch' inspired a generation of sports fans",
                "uri": "554632159",
                "url": "http://nypost.com/2016/11/27/how-the-brady-bunch-inspired-a-generation-of-sports-fans/",
                "wgt": 1
            },
            {
                "body": "Aretha Franklin's rendition of the national anthem before Thanksgiving's Vikings-Lions lasted so long -- 4 minutes, 35 seconds -- the color guards were going to take a knee.\n\nTexts arrived asking when it would be over, one asking if I would text back when it ended.\n\nBeyond that, Ms. Franklin's ...",
                "date": "2016-11-27",
                "id": "13307657",
                "isDuplicate": false,
                "lang": "eng",
                "sim": 0,
                "source": {
                    "id": "13",
                    "title": "New York Post",
                    "uri": "nypost.com"
                },
                "time": "04:31:00",
                "title": "Phony Aretha Franklin praise just the tip of dishonesty iceberg",
                "uri": "554613831",
                "url": "http://nypost.com/2016/11/26/phony-aretha-franklin-praise-just-the-tip-of-dishonesty-iceberg/",
                "wgt": 1
            },
            {
                "body": "PATH workers are snoozing away huge chunks of their regular shifts, using nap time to rack up big overtime pay, The Post has learned.\n\n\"Everybody sleeps,\" an insider said. \"Guys make big overtime by doing work for 40 minutes or an hour, then billing the Port Authority for four or five. That's been ...",
                "date": "2016-11-27",
                "id": "13306390",
                "isDuplicate": false,
                "lang": "eng",
                "sim": 0,
                "source": {
                    "id": "13",
                    "title": "New York Post",
                    "uri": "nypost.com"
                },
                "time": "04:19:00",
                "title": "Port Authority pays employees overtime to nap on the job",
                "uri": "554610534",
                "url": "http://nypost.com/2016/11/26/port-authority-pays-employees-overtime-to-nap-on-the-job/",
                "wgt": 1
            },
            {
                "body": "PITTSBURGH -- Sidney Crosby tied it with 14 seconds left in regulation and Kris Letang scored the only goal of a shootout, lifting the Penguins to a 4-3 victory over the New Jersey Devils on Saturday night.\n\nCrosby pounced on a loose puck and fired it by Keith Kinkaid for his NHL-leading 15th goal ...",
                "date": "2016-11-27",
                "id": "13304467",
                "isDuplicate": false,
                "lang": "eng",
                "sim": 0.9372549057006836,
                "source": {
                    "id": "13",
                    "title": "New York Post",
                    "uri": "nypost.com"
                },
                "time": "03:56:00",
                "title": "Devils were 14 ticks away from upsetting Penguins  --  but then ...",
                "uri": "554604212",
                "url": "http://nypost.com/2016/11/26/devils-were-14-ticks-away-from-upsetting-penguins-but-then/",
                "wgt": 1
            },
            {
                "body": "The buzz is gone. So is the optimism, for the time being.\n\nThe early hope within the fan base has quickly turned into gloom, after a winless trip to the Bahamas at the Battle 4 Atlantis in the Bahamas, with losses to Michigan State, VCU and Old Dominion.\n\nSt. John's has lost four straight games, ...",
                "date": "2016-11-27",
                "id": "13304116",
                "isDuplicate": false,
                "lang": "eng",
                "sim": 0.6666666865348816,
                "source": {
                    "id": "13",
                    "title": "New York Post",
                    "uri": "nypost.com"
                },
                "time": "03:50:00",
                "title": "3 St. John's takeaways: What happened to their big men?",
                "uri": "554603073",
                "url": "http://nypost.com/2016/11/26/3-st-johns-takeaways-what-happened-to-their-big-men/",
                "wgt": 1
            },
            {
                "body": "IOWA CITY, Iowa -- The Nebraska athletic department says it is conducting an investigation into an allegation that a Nebraska football player slung racial slurs at an Iowa football player as the Big Ten rivals played in Iowa City on Friday.\n\nIowa defensive tackle Faith Ekakitie said he was the ...",
                "date": "2016-11-27",
                "id": "13303447",
                "isDuplicate": true,
                "lang": "eng",
                "sim": 0,
                "source": {
                    "id": "13",
                    "title": "New York Post",
                    "uri": "nypost.com"
                },
                "time": "03:41:00",
                "title": "Stunned Iowa player: Opponent hurled racial slurs at me",
                "uri": "554600707",
                "url": "http://nypost.com/2016/11/26/stunned-iowa-player-opponent-hurled-racial-slurs-at-me/",
                "wgt": 1
            },
            {
                "body": "COLUMBUS, Ohio -- Michigan lost the game, then it lost its cool.\n\nCoach Jim Harbaugh repeatedly criticized the officiating and Heisman Trophy candidate Jabrill Peppers pushed a fan in the face after the crowd stormed the field in the wake of second-ranked Ohio State's dramatic 30-27, double-overtime ...",
                "date": "2016-11-27",
                "id": "13302879",
                "isDuplicate": false,
                "lang": "eng",
                "sim": 0.7254902124404907,
                "source": {
                    "id": "13",
                    "title": "New York Post",
                    "uri": "nypost.com"
                },
                "time": "03:33:00",
                "title": "Star shoves fan's face; Harbaugh explodes: Michigan postgame got ugly",
                "uri": "554598316",
                "url": "http://nypost.com/2016/11/26/star-shoves-fans-face-harbaugh-explodes-michigan-postgame-got-ugly/",
                "wgt": 1
            },
            {
                "body": "With all the games, backstories, injuries and developments in a given week in the NFL, it is tough to know what to look for on Sunday. Here are five things to watch:\n\nIf this proves to be Larry Fitzgerald's final NFL season, as has been speculated by some, the Cardinals wideout is going out in ...",
                "date": "2016-11-27",
                "id": "13301427",
                "isDuplicate": false,
                "lang": "eng",
                "sim": 0,
                "source": {
                    "id": "13",
                    "title": "New York Post",
                    "uri": "nypost.com"
                },
                "time": "03:13:00",
                "title": "Rex Ryan wants Bills fans to unleash hell on turncoat coach",
                "uri": "554591298",
                "url": "http://nypost.com/2016/11/26/rex-ryan-wants-bills-fans-to-unleash-hell-on-turncoat-coach/",
                "wgt": 1
            },
            {
                "body": "CLEVELAND -- Jonathan Casillas figures it only is a matter of time.\n\nThe Browns are 0-11 but most likely will not finish 0-16, considering going winless in a 16-game schedule only has happened once in NFL history, the 2008 Lions. So Casillas, the Giants' starting weak side linebacker and defensive ...",
                "date": "2016-11-27",
                "id": "13300790",
                "isDuplicate": false,
                "lang": "eng",
                "sim": 0.800000011920929,
                "source": {
                    "id": "13",
                    "title": "New York Post",
                    "uri": "nypost.com"
                },
                "time": "03:04:00",
                "title": "Giants worried about a humiliation that'll happen to someone",
                "uri": "554588150",
                "url": "http://nypost.com/2016/11/26/giants-worried-about-a-humiliation-thatll-happen-to-someone/",
                "wgt": 1
            },
            {
                "body": "CHARLOTTE, N.C. -- A despicable start and ice-cold finish against the injury-depleted Hornets prevented the Knicks' groove from continuing Saturday.\n\nOne of the big stories of the Knicks' season is their inability to play with pride on the road like they do at the Garden, and when they fell behind ...",
                "date": "2016-11-27",
                "id": "13300049",
                "isDuplicate": false,
                "lang": "eng",
                "sim": 0.7411764860153198,
                "source": {
                    "id": "13",
                    "title": "New York Post",
                    "uri": "nypost.com"
                },
                "time": "02:51:00",
                "title": "Knicks crank up road struggles with game-killing start and finish",
                "uri": "554583847",
                "url": "http://nypost.com/2016/11/26/knicks-crank-up-road-struggles-with-game-killing-start-and-finish/",
                "wgt": 1
            },
            {
                "body": "On paper, the Jets versus the Patriots is a complete mismatch.\n\nAn 8-2 Patriots team that looks poised for another Super Bowl run against a 3-7 Jets team playing out the string. But recent history says you should pay no attention to the state of either franchise when these two teams meet.\n\nSince a ...",
                "date": "2016-11-27",
                "id": "13298625",
                "isDuplicate": false,
                "lang": "eng",
                "sim": 0.8823529481887817,
                "source": {
                    "id": "13",
                    "title": "New York Post",
                    "uri": "nypost.com"
                },
                "time": "02:28:00",
                "title": "The Jets don't belong on same field as Patriots  --  and yet...",
                "uri": "554577231",
                "url": "http://nypost.com/2016/11/26/the-jets-dont-belong-on-same-field-as-patriots-and-yet/",
                "wgt": 1
            },
            {
                "body": "Notre Dame has had a terrible season after starting the year with high expectations.\n\nEveryone can understand that the Irish players would be a bit frustrated going into their final game of the season against USC.\n\nBut no one can explain how that frustration justifies what sophomore defensive ...",
                "date": "2016-11-27",
                "id": "13294242",
                "isDuplicate": true,
                "lang": "eng",
                "sim": 0,
                "source": {
                    "id": "13",
                    "title": "New York Post",
                    "uri": "nypost.com"
                },
                "time": "01:24:00",
                "title": "Notre Dame jerk now America's most hated after head kick and stomp",
                "uri": "554556822",
                "url": "http://nypost.com/2016/11/26/notre-dame-jerk-now-americas-most-hated-after-head-kick-and-stomp/",
                "wgt": 1
            },
            {
                "body": "The Giants learned valuable lesson without paying steep price\n\nConsider the Vikings a cautionary tale: a team that starts a season hotter than anyone and is anointed as immediate Super Bowl contenders ... only to fall well short.\n\nFormer head coaching great Bill Parcells, always a man of the keenest ...",
                "date": "2016-11-27",
                "id": "13293516",
                "isDuplicate": false,
                "lang": "eng",
                "sim": 0.6901960968971252,
                "source": {
                    "id": "13",
                    "title": "New York Post",
                    "uri": "nypost.com"
                },
                "time": "01:15:00",
                "title": "Vikings are looking like the frauds Bill Parcells warned about",
                "uri": "554554335",
                "url": "http://nypost.com/2016/11/26/vikings-are-looking-like-the-frauds-bill-parcells-warned-about/",
                "wgt": 1
            },
            {
                "body": "Tiger Woods' out-of-nowhere boast: I'm breaking Nicklaus' record\n\nIn a long anticipated moment, Tiger Woods attempts to restart his golf career this week in a setting that could not be any more low-key than if he were playing in a club championship at his own private track in Florida.\n\nWoods, with a ...",
                "date": "2016-11-27",
                "id": "13292964",
                "isDuplicate": false,
                "lang": "eng",
                "sim": 0.8156862854957581,
                "source": {
                    "id": "13",
                    "title": "New York Post",
                    "uri": "nypost.com"
                },
                "time": "01:06:00",
                "title": "Tiger Woods' return comes with a weight he hasn't shed in 7 hellish",
                "uri": "554551787",
                "url": "http://nypost.com/2016/11/26/tiger-woods-return-comes-with-a-weight-he-hasnt-shed-in-7-hellish-years/",
                "wgt": 1
            },
            {
                "body": "This is the week when many of us express gratitude -- for friends, family, even life itself, and Marcia Clark is no different. Her gratitude extends to FX's lauded miniseries \"The People vs. O.J. Simpson\" and its handling of one of the most dramatic events of her life. \"I didn't think I'd want to ...",
                "date": "2016-11-27",
                "id": "13292740",
                "isDuplicate": false,
                "lang": "eng",
                "sim": 0,
                "source": {
                    "id": "13",
                    "title": "New York Post",
                    "uri": "nypost.com"
                },
                "time": "01:03:00",
                "title": "In My Library: Marcia Clark",
                "uri": "554551110",
                "url": "http://nypost.com/2016/11/26/in-my-library-marcia-clark/",
                "wgt": 1
            },
            {
                "body": "The talk at Donald Trump's Thanksgiving dinner at his Florida club was all about if he should pick Mitt Romney or Rudy Giuliani for secretary of state.\n\nThe president-elect held court on Thursday at his Palm Beach, Fla., Mar-a-Lago club at a large table with family members including wife Melania and ...",
                "date": "2016-11-27",
                "id": "13292739",
                "isDuplicate": false,
                "lang": "eng",
                "sim": 0.8117647171020508,
                "source": {
                    "id": "13",
                    "title": "New York Post",
                    "uri": "nypost.com"
                },
                "time": "01:03:00",
                "title": "Trump spent Thanksgiving asking: Mitt or Rudy?",
                "uri": "554551116",
                "url": "http://nypost.com/2016/11/26/trump-spent-thanksgiving-asking-mitt-or-rudy/",
                "wgt": 1
            },
            {
                "body": "For a half-Mohawk, half-Jewish kid who grew up on a reservation in Canada, Robertson has come a long way. On the 40th anniversary of \"The Last Waltz,\" The Band's Martin Scorsese-filmed final concert, Robertson has added a fine memoir to his previous writing achievements -- songs including \"The ...",
                "date": "2016-11-27",
                "id": "13292202",
                "isDuplicate": false,
                "lang": "eng",
                "sim": 0,
                "source": {
                    "id": "13",
                    "title": "New York Post",
                    "uri": "nypost.com"
                },
                "time": "00:56:00",
                "title": "This week's must-read books",
                "uri": "554549092",
                "url": "http://nypost.com/2016/11/26/this-weeks-must-read-books-149/",
                "wgt": 1
            },
            {
                "body": "Fidel Castro is alive and well -- and fixing cars in Queens.\n\nThat Castro, 54, an auto mechanic in Bellerose, has spent his life on the receiving end of double takes and questioning glances.\n\n\"When they hear Fidel, they go, 'Wow!'\" he said. \"They would say, 'Are you sure?' They look at my driver's ...",
                "date": "2016-11-27",
                "id": "13291535",
                "isDuplicate": false,
                "lang": "eng",
                "sim": 0.4666666686534882,
                "source": {
                    "id": "13",
                    "title": "New York Post",
                    "uri": "nypost.com"
                },
                "time": "00:48:00",
                "title": "Fidel Castro lives on -- fixing cars in Queens",
                "uri": "554546495",
                "url": "http://nypost.com/2016/11/26/fidel-castro-lives-on-fixing-cars-in-queens/",
                "wgt": 1
            },
            {
                "body": "College football's hottest coach has the whole sport guessing\n\nCurtis Samuel just smiled when asked for his response. He heard the talk from Michigan's Heisman Trophy candidate, Jabrill Peppers, during the week that the Ohio State wide receiver/running back wasn't used to getting hit, and Michigan ...",
                "date": "2016-11-27",
                "id": "13286539",
                "isDuplicate": false,
                "lang": "eng",
                "sim": 0.4941176474094391,
                "source": {
                    "id": "13",
                    "title": "New York Post",
                    "uri": "nypost.com"
                },
                "time": "00:02:00",
                "title": "Ohio St.'s Curtis Samuel owns OT in wake-up statement",
                "uri": "554532158",
                "url": "http://nypost.com/2016/11/26/ohio-st-s-curtis-samuel-owns-ot-in-wake-up-statement/",
                "wgt": 1
            }
        ],
        "totalResults": 92
    }
}