{
    "articles": {
        "count": 79,
        "page": 1,
        "pages": 1,
        "results": [
            {
                "body": "PLYMOUTH, Mass. -- Archaeologists have pinpointed what they think is the exact spot where the Pilgrims lived in the years after landing in the New World.\n\nEvery American schoolchild knows the Pilgrims landed in Plymouth in 1620, but exactly where has been elusive.\n\nArchaeologists from the University ...",
                "date": "2016-11-24",
                "id": "12881184",
                "isDuplicate": true,
                "lang": "eng",
                "sim": 0,
                "source": {
                    "id": "13",
                    "title": "New York Post",
                    "uri": "nypost.com"
                },
                "time": "23:08:00",
                "title": "Archaeologists find groundbreaking Pilgrim settlement clues",
                "uri": "553462050",
                "url": "http://nypost.com/2016/11/24/archaeologists-find-groundbreaking-pilgrim-settlement-clues/",
                "wgt": 1
            },
            {
                "body": "DETROIT -- Matt Prater kicked a 40-yard field goal as time expired after Darius Slay returned an interception 13 yards with 30 seconds left, lifting the Lions to a 16-13 win over the Vikings on Thursday and into sole possession of first place in the NFC North.\n\n\"I felt pretty confident we were going ...",
                "date": "2016-11-24",
                "id": "12876938",
                "isDuplicate": false,
                "lang": "eng",
                "sim": 0.6235294342041016,
                "source": {
                    "id": "13",
                    "title": "New York Post",
                    "uri": "nypost.com"
                },
                "time": "22:33:00",
                "title": "Matt Prater kick Lions into first place in NFC North",
                "uri": "553450613",
                "url": "http://nypost.com/2016/11/24/matt-prater-kick-lions-into-first-place-in-nfc-north/",
                "wgt": 1
            },
            {
                "body": "I was greeted by this heartwarming display on the corner of my street today. Thank you to all of you who did this. Happy Thanksgiving. -H pic.twitter.com/b69mW3Oqbf\n\nHillary Clinton's neighbors posted lawn signs thanking her for running for president -- and she responded with sheer gratitude.\n\nThe ...",
                "date": "2016-11-24",
                "id": "12873606",
                "isDuplicate": false,
                "lang": "eng",
                "sim": 0.7450980544090271,
                "source": {
                    "id": "13",
                    "title": "New York Post",
                    "uri": "nypost.com"
                },
                "time": "22:07:00",
                "title": "Clinton's neighbors are thankful she ran for president",
                "uri": "553441007",
                "url": "http://nypost.com/2016/11/24/clintons-neighbors-are-thankful-she-ran-for-president/",
                "wgt": 1
            },
            {
                "body": "Punk is dead and will be thrown on the funeral pyre this Saturday near London, says the son of one of its pioneers.\n\nJoe Corre, the heir of the late Sex Pistols manager Malcolm McLaren and fashion icon Vivienne Westwood, claims he is burning more than $6 million worth of rare punk memorabilia in ...",
                "date": "2016-11-24",
                "id": "12872894",
                "isDuplicate": false,
                "lang": "eng",
                "sim": 0.8313725590705872,
                "source": {
                    "id": "13",
                    "title": "New York Post",
                    "uri": "nypost.com"
                },
                "time": "22:01:00",
                "title": "Punk memorabilia worth $6M goes up in flames  --  on purpose",
                "uri": "553439068",
                "url": "http://nypost.com/2016/11/24/punk-memorabilia-worth-6m-goes-up-in-flames-on-purpose/",
                "wgt": 1
            },
            {
                "body": "{* #userInformationForm *} {* traditionalSignIn_emailAddress *} {* traditionalSignIn_password *} {* traditionalSignIn_signInButton *} {* /userInformationForm *} {* #registrationForm *} {* traditionalRegistration_emailAddress *} {* traditionalRegistration_password *} {* ...",
                "date": "2016-11-24",
                "id": "12872878",
                "isDuplicate": true,
                "lang": "eng",
                "sim": 0,
                "source": {
                    "id": "13",
                    "title": "New York Post",
                    "uri": "nypost.com"
                },
                "time": "22:01:00",
                "title": "You won't be able to recognize these everyday objects in extreme",
                "uri": "553439067",
                "url": "http://nypost.com/video/you-wont-be-able-to-recognize-these-everyday-objects-in-extreme-closeup/",
                "wgt": 1
            },
            {
                "body": "Two people were killed and four others injured in a shooting at a park in Louisville, Kentucky Thursday during a youth football game, officials said.\n\nLouisville Metro Police spokesman Dwight Mitchell told WDRB-TV that officers arriving at the park found two black males with gunshot wounds. Both ...",
                "date": "2016-11-24",
                "id": "12868309",
                "isDuplicate": false,
                "lang": "eng",
                "sim": 0.6627451181411743,
                "source": {
                    "id": "13",
                    "title": "New York Post",
                    "uri": "nypost.com"
                },
                "time": "21:25:00",
                "title": "2 killed, 4 injured in shooting at youth football game",
                "uri": "553426526",
                "url": "http://nypost.com/2016/11/24/2-killed-4-injured-in-shooting-at-youth-football-game/",
                "wgt": 1
            },
            {
                "body": "WASHINGTON -- President Barack Obama and his family are spending Thanksgiving with friends, family, turkey and touchdowns, as he puts it, and reflecting \"on what truly binds us as Americans.\"\n\nHe says the country has just emerged from \"a noisy, passionate and sometimes divisive campaign season.\" But ...",
                "date": "2016-11-24",
                "id": "12868292",
                "isDuplicate": true,
                "lang": "eng",
                "sim": 0,
                "source": {
                    "id": "13",
                    "title": "New York Post",
                    "uri": "nypost.com"
                },
                "time": "21:25:00",
                "title": "Obama on Thanksgiving: 'We are still one people'",
                "uri": "553426528",
                "url": "http://nypost.com/2016/11/24/obama-on-thanksgiving-we-are-still-one-people/",
                "wgt": 1
            },
            {
                "body": "Derrick Rose wouldn't be denied invite to Carmelo's Thanksgiving\n\nStarting center Joakim Noah is expected back from his flu-like illness for Friday's Garden game vs. Charlotte, the first half of a two-day, home-and-home with the Hornets. Whether the Knicks need him is open for debate.\n\nThe Knicks ...",
                "date": "2016-11-24",
                "id": "12850925",
                "isDuplicate": false,
                "lang": "eng",
                "sim": 0.7058823704719543,
                "source": {
                    "id": "13",
                    "title": "New York Post",
                    "uri": "nypost.com"
                },
                "time": "19:24:00",
                "title": "Joakim Noah is back  --  and that's a problem for the Knicks",
                "uri": "553376823",
                "url": "http://nypost.com/2016/11/24/joakim-noah-is-back-and-thats-a-problem-for-the-knicks/",
                "wgt": 1
            },
            {
                "body": "Dave Stewart was fired as the Diamondbacks general manager after the season in large part because of high-risk moves (Zack Greinke, Shelby Miller, Yasmany Tomas) that did not work out well. But his criticized trade of Jean Segura was a success as the struggling shortstop in Milwaukee was rejuvenated ...",
                "date": "2016-11-24",
                "id": "12844685",
                "isDuplicate": false,
                "lang": "eng",
                "sim": 0.6117647290229797,
                "source": {
                    "id": "13",
                    "title": "New York Post",
                    "uri": "nypost.com"
                },
                "time": "18:46:00",
                "title": "Diamondbacks make most of failed GM's stellar move",
                "uri": "553360183",
                "url": "http://nypost.com/2016/11/24/diamondbacks-make-most-of-failed-gms-stellar-move/",
                "wgt": 1
            },
            {
                "body": "Say you were starting a team and could have one of these quartets: Kris Bryant, Anthony Rizzo, Addison Russell and Kyle Schwarber based on what you knew about them going into last offseason or Jose Altuve, Alex Bregman, Carlos Correa and George Springer going into this offseason.\n\nWhich would you ...",
                "date": "2016-11-24",
                "id": "12839104",
                "isDuplicate": false,
                "lang": "eng",
                "sim": 0.4745098054409027,
                "source": {
                    "id": "13",
                    "title": "New York Post",
                    "uri": "nypost.com"
                },
                "time": "18:14:00",
                "title": "Astros could be next season's Cubs  --  and are spending like it",
                "uri": "553345260",
                "url": "http://nypost.com/2016/11/24/astros-could-be-next-seasons-cubs-and-are-spending-like-it/",
                "wgt": 1
            },
            {
                "body": "CHARLESTON, W.Va. -- Police in West Virginia have accused a 62-year-old white man of killing a black 15-year-old after they bumped into each other and exchanged words, and a federal official says the case is under review as a possible federal hate crime.\n\nA complaint signed by Charleston Police ...",
                "date": "2016-11-24",
                "id": "12837551",
                "isDuplicate": true,
                "lang": "eng",
                "sim": 0,
                "source": {
                    "id": "13",
                    "title": "New York Post",
                    "uri": "nypost.com"
                },
                "time": "18:05:00",
                "title": "White man fatally shoots black teen, calls him 'trash': cops",
                "uri": "553341443",
                "url": "http://nypost.com/2016/11/24/white-man-fatally-shoots-black-teen-calls-him-trash-cops/",
                "wgt": 1
            },
            {
                "body": "Miss Piggy saved the day at the Macy's Thanksgiving Day Parade when singer Tony Bennett nearly tumbled from a float.\n\nThe legendary crooner and and the famed Muppet swine had just wrapped up a duet of \"Santa Claus is Coming to Town\" when their parade float began to move, causing the 90-year-old \"I ...",
                "date": "2016-11-24",
                "id": "12833544",
                "isDuplicate": false,
                "lang": "eng",
                "sim": 0.7607843279838562,
                "source": {
                    "id": "13",
                    "title": "New York Post",
                    "uri": "nypost.com"
                },
                "time": "17:44:00",
                "title": "Miss Piggy saves Tony Bennett from falling on parade float",
                "uri": "553330904",
                "url": "http://nypost.com/2016/11/24/miss-piggy-saves-tony-bennett-from-falling-on-parade-float/",
                "wgt": 1
            },
            {
                "body": "Austin Seferian-Jenkins has been a focal point in practice this week. The Jets tight end has been running new routes, getting a ton of passes thrown his way and making the defense be aware of where he lines up on every snap.\n\nThat's because he has been running the Patriots offense as part of the ...",
                "date": "2016-11-24",
                "id": "12831313",
                "isDuplicate": false,
                "lang": "eng",
                "sim": 0.6274510025978088,
                "source": {
                    "id": "13",
                    "title": "New York Post",
                    "uri": "nypost.com"
                },
                "time": "17:32:00",
                "title": "The Jets have made this position completely invisible",
                "uri": "553325390",
                "url": "http://nypost.com/2016/11/24/the-jets-have-made-this-position-completely-invisible/",
                "wgt": 1
            },
            {
                "body": "Kellyanne Conway, President-elect Trump's campaign manager, is publicly discouraging her boss from naming Mitt Romney as secretary of state.\n\nConway, a top transition adviser to Trump, tweeted Thursday that she's receiving a \"deluge\" of comments about Romney -- and then linked to a Politico story ...",
                "date": "2016-11-24",
                "id": "12829527",
                "isDuplicate": false,
                "lang": "eng",
                "sim": 0.6235294342041016,
                "source": {
                    "id": "13",
                    "title": "New York Post",
                    "uri": "nypost.com"
                },
                "time": "17:24:00",
                "title": "Kellyanne Conway skeptic of Mitt Romney",
                "uri": "553321350",
                "url": "http://nypost.com/2016/11/24/kellyanne-conway-skeptic-of-mitt-romney/",
                "wgt": 1
            },
            {
                "body": "Nigel Farage, the outspoken Brexit backer, will travel to Washington in December to meet again with Donald Trump's transition team, it was reported Thursday.\n\nFarage, the outgoing interim leader of the UK Independence Party, continues to foster a friendship with Trump that has irked British Prime ...",
                "date": "2016-11-24",
                "id": "12826444",
                "isDuplicate": false,
                "lang": "eng",
                "sim": 0.7568627595901489,
                "source": {
                    "id": "13",
                    "title": "New York Post",
                    "uri": "nypost.com"
                },
                "time": "17:07:00",
                "title": "Brexit backer Nigel Farage is heading to Washington",
                "uri": "553313712",
                "url": "http://nypost.com/2016/11/24/brexit-backer-nigel-farage-is-heading-to-washington/",
                "wgt": 1
            },
            {
                "body": "A motorist and passenger miraculously survived a terrifying one-car crash in Brooklyn early Thursday morning, authorities said.\n\nThe 2008 Infiniti slammed into a wooden utility pole before careening into a metal light standard near Church Avenue and Kings Highway at 4:36 a.m., witnesses said.\n\nThe ...",
                "date": "2016-11-24",
                "id": "12825063",
                "isDuplicate": false,
                "lang": "eng",
                "sim": 0,
                "source": {
                    "id": "13",
                    "title": "New York Post",
                    "uri": "nypost.com"
                },
                "time": "17:01:00",
                "title": "Driver, passenger survive horrifying crash",
                "uri": "553310377",
                "url": "http://nypost.com/2016/11/24/driver-passenger-survive-horrifying-crash/",
                "wgt": 1
            },
            {
                "body": "{* #userInformationForm *} {* traditionalSignIn_emailAddress *} {* traditionalSignIn_password *} {* traditionalSignIn_signInButton *} {* /userInformationForm *} {* #registrationForm *} {* traditionalRegistration_emailAddress *} {* traditionalRegistration_password *} {* ...",
                "date": "2016-11-24",
                "id": "12825042",
                "isDuplicate": true,
                "lang": "eng",
                "sim": 0,
                "source": {
                    "id": "13",
                    "title": "New York Post",
                    "uri": "nypost.com"
                },
                "time": "17:01:00",
                "title": "Even Tom Brady's diet would break you",
                "uri": "553310384",
                "url": "http://nypost.com/video/even-tom-bradys-diet-would-break-you/",
                "wgt": 1
            },
            {
                "body": "This Westchester County woman picked up a little something extra while doing her Thanksgiving shopping at the grocery store -- a photo with Hillary Clinton.\n\nBrittany Valente, 25, was grocery shopping at the Chappaqua Village Market on Wednesday when she bumped into Clinton and her family perusing ...",
                "date": "2016-11-24",
                "id": "12824704",
                "isDuplicate": false,
                "lang": "eng",
                "sim": 0.8274509906768799,
                "source": {
                    "id": "13",
                    "title": "New York Post",
                    "uri": "nypost.com"
                },
                "time": "16:59:00",
                "title": "Hillary Clinton spotted shopping for Thanksgiving",
                "uri": "553309337",
                "url": "http://nypost.com/2016/11/24/hillary-spotted-thanksgiving-shopping/",
                "wgt": 1
            },
            {
                "body": "President-elect Donald Trump announced Thursday that he's in talks with Carrier to stop the air-conditioning company from re-locating to Mexico from Indianapolis.\n\n\"I am working hard, even on Thanksgiving, trying to get Carrier A.C. Company to stay in the U.S. (Indiana). MAKING PROGRESS - Will know ...",
                "date": "2016-11-24",
                "id": "12824690",
                "isDuplicate": false,
                "lang": "eng",
                "sim": 0.6901960968971252,
                "source": {
                    "id": "13",
                    "title": "New York Post",
                    "uri": "nypost.com"
                },
                "time": "16:59:00",
                "title": "Trump tries to keep air-conditioning company from moving to Mexico",
                "uri": "553309334",
                "url": "http://nypost.com/2016/11/24/trump-tries-to-keep-air-conditioning-company-from-moving-to-mexico/",
                "wgt": 1
            },
            {
                "body": "WASHINGTON - Donald Trump is expected to hire Todd Ricketts, a man he once said did a \"rotten job\" running the Chicago Cubs, as deputy secretary of commerce, according to Bloomberg News.\n\nThe president-elect wants Ricketts, co-owner of the world-champion baseball team, to serve under Trump's ...",
                "date": "2016-11-24",
                "id": "12824677",
                "isDuplicate": false,
                "lang": "eng",
                "sim": 0.8745098114013672,
                "source": {
                    "id": "13",
                    "title": "New York Post",
                    "uri": "nypost.com"
                },
                "time": "16:59:00",
                "title": "Trump expected to hire Cubs owner for Commerce role",
                "uri": "553309332",
                "url": "http://nypost.com/2016/11/24/trump-expected-to-hire-cubs-owner-for-commerce-role/",
                "wgt": 1
            },
            {
                "body": "BEIJING -- Scaffolding at a construction site in eastern China collapsed into a deadly heap on Thursday, sending iron pipes, steel bars and wooden planks tumbling down on about 70 workers in the country's worst work-safety accident in over two years.\n\nAt least 67 people were killed by the collapse ...",
                "date": "2016-11-24",
                "id": "12824672",
                "isDuplicate": false,
                "lang": "eng",
                "sim": 0.8627451062202454,
                "source": {
                    "id": "13",
                    "title": "New York Post",
                    "uri": "nypost.com"
                },
                "time": "16:59:00",
                "title": "Massive scaffolding collapse at Chinese construction site kills dozens",
                "uri": "553309328",
                "url": "http://nypost.com/2016/11/24/massive-scaffolding-collapse-at-chinese-construction-site-kills-dozens/",
                "wgt": 1
            },
            {
                "body": "Clint Frazier is using his Twitter account to recruit more than models.\n\nThe Yankees prospect used a tweet from Bryce Harper as an opportunity to see if the 2015 NL MVP could be persuaded into joining the Yankees.\n\nThe 24-year-old Harper is entering the final season of his contract with the ...",
                "date": "2016-11-24",
                "id": "12824643",
                "isDuplicate": false,
                "lang": "eng",
                "sim": 0,
                "source": {
                    "id": "13",
                    "title": "New York Post",
                    "uri": "nypost.com"
                },
                "time": "16:59:00",
                "title": "Yankees prospect boldly recruits Bryce Harper to pinstripes",
                "uri": "553309336",
                "url": "http://nypost.com/2016/11/24/yankees-prospect-boldly-recruits-bryce-harper-to-pinstripes/",
                "wgt": 1
            },
            {
                "body": "SEATTLE -- The Seattle Mariners finally landed the established shortstop they've long been trying to find.\n\nTo do it, they had to part with a talented young pitcher who still has the potential to blossom.\n\nSeattle and Arizona pulled off a five-player trade Wednesday night, with the Mariners ...",
                "date": "2016-11-24",
                "id": "12814143",
                "isDuplicate": false,
                "lang": "eng",
                "sim": 0.9019607901573181,
                "source": {
                    "id": "13",
                    "title": "New York Post",
                    "uri": "nypost.com"
                },
                "time": "16:09:00",
                "title": "Mariners give up on high-upside pitcher for missing infield piece",
                "uri": "553283729",
                "url": "http://nypost.com/2016/11/24/mariners-give-up-on-high-upside-pitcher-for-missing-infield-piece/",
                "wgt": 1
            },
            {
                "body": "Mechanical engineer Bret Lobree and seven pals did the \"Turkey Ride\" in San Francisco earlier this week, bicycling all over Baghdad by the Bay and following a 50.5-mile path mapped in the outline of Thanksgiving's yummy bird.\n\nLobree, 41, used GPS-based technology to plan the intricate journey - but ...",
                "date": "2016-11-24",
                "id": "12812185",
                "isDuplicate": false,
                "lang": "eng",
                "sim": 0,
                "source": {
                    "id": "13",
                    "title": "New York Post",
                    "uri": "nypost.com"
                },
                "time": "16:00:00",
                "title": "Cycling race route outlines Thanksgiving turkey",
                "uri": "553279038",
                "url": "http://nypost.com/2016/11/24/cycling-race-route-outlines-thanksgiving-turkey/",
                "wgt": 1
            },
            {
                "body": "People don't need to brave crowds or cold weather to experience what it's like to be at the Macy's Thanksgiving Day Parade anymore.\n\nVerizon is livestreaming the parade on YouTube using a 360-degree video camera that allows the viewer to feel like they're one of the spectators watching from Central ...",
                "date": "2016-11-24",
                "id": "12805173",
                "isDuplicate": false,
                "lang": "eng",
                "sim": 0.501960813999176,
                "source": {
                    "id": "13",
                    "title": "New York Post",
                    "uri": "nypost.com"
                },
                "time": "15:26:00",
                "title": "Livestream the Thanksgiving Day Parade here",
                "uri": "553262320",
                "url": "http://nypost.com/2016/11/24/livestream-the-thanksgiving-day-parade-here/",
                "wgt": 1
            },
            {
                "body": "The 90th Macy's Thanksgiving Day Parade got rolling Thursday morning, cheered by millions of revelers and under the watchful eye of thousands of New York's finest.\n\nMarching bands, floats and huge balloons began their southward journey at Central Park West and 77th Street at the stroke of 9 a.m. ...",
                "date": "2016-11-24",
                "id": "12801485",
                "isDuplicate": false,
                "lang": "eng",
                "sim": 0.4313725531101227,
                "source": {
                    "id": "13",
                    "title": "New York Post",
                    "uri": "nypost.com"
                },
                "time": "15:09:00",
                "title": "Revelers bundle up to enjoy Thanksgiving Day Parade",
                "uri": "553253601",
                "url": "http://nypost.com/2016/11/24/revelers-bundle-up-to-enjoy-thanksgiving-day-parade/",
                "wgt": 1
            },
            {
                "body": "{* #userInformationForm *} {* traditionalSignIn_emailAddress *} {* traditionalSignIn_password *} {* traditionalSignIn_signInButton *} {* /userInformationForm *} {* #registrationForm *} {* traditionalRegistration_emailAddress *} {* traditionalRegistration_password *} {* ...",
                "date": "2016-11-24",
                "id": "12798810",
                "isDuplicate": true,
                "lang": "eng",
                "sim": 0,
                "source": {
                    "id": "13",
                    "title": "New York Post",
                    "uri": "nypost.com"
                },
                "time": "14:55:00",
                "title": "Sights from the Macy's Thanksgiving Day Parade",
                "uri": "553246457",
                "url": "http://nypost.com/2016/11/24/sights-from-the-macys-thanksgiving-day-parade/",
                "wgt": 1
            },
            {
                "body": "WASHINGTON -Donald Trump has passed on the opportunity to receive daily intelligence briefings on global security threats in the two weeks since his election -- with Mike Pence stepping in instead.\n\nThe president-elect has taken only two classified briefings - a frequency that is lower than past ...",
                "date": "2016-11-24",
                "id": "12795845",
                "isDuplicate": false,
                "lang": "eng",
                "sim": 0.7333333492279053,
                "source": {
                    "id": "13",
                    "title": "New York Post",
                    "uri": "nypost.com"
                },
                "time": "14:42:00",
                "title": "Trump passes daily intelligence briefings to Pence",
                "uri": "553239620",
                "url": "http://nypost.com/2016/11/24/trump-passes-daily-intelligence-briefings-to-pence/",
                "wgt": 1
            },
            {
                "body": "A Mexican cement maker is ready to lend its services to U.S. President-elect Donald Trump to build the wall he wants to erect on the southern border of the United States to curb immigration.\n\n\"We can't be choosy,\" Enrique Escalante, Chief Executive Officer of Grupo Cementos de Chihuahua (GCC) said ...",
                "date": "2016-11-24",
                "id": "12789900",
                "isDuplicate": true,
                "lang": "eng",
                "sim": 0,
                "source": {
                    "id": "13",
                    "title": "New York Post",
                    "uri": "nypost.com"
                },
                "time": "14:14:00",
                "title": "Mexican cement company offers to build Trump's wall",
                "uri": "553225730",
                "url": "http://nypost.com/2016/11/24/mexican-cement-company-offers-to-build-trumps-wall/",
                "wgt": 1
            },
            {
                "body": "Muriel Siebert -- the first woman to hold a seat on the New York Stock Exchange -- must be turning in her grave over allegations that the brokerage firm she founded now resembles \"a rowdy teenage boys' locker room,\" according to a new lawsuit.\n\nInstitutional salesman Tom Corcoran is suing Siebert ...",
                "date": "2016-11-24",
                "id": "12785636",
                "isDuplicate": false,
                "lang": "eng",
                "sim": 0,
                "source": {
                    "id": "13",
                    "title": "New York Post",
                    "uri": "nypost.com"
                },
                "time": "13:54:00",
                "title": "Firm started by woman is now 'rowdy' locker room: suit",
                "uri": "553213688",
                "url": "http://nypost.com/2016/11/24/firm-started-by-woman-is-now-rowdy-locker-room-suit/",
                "wgt": 1
            },
            {
                "body": "Police Commissioner James O'Neill took to the airwaves Thursday to reassure the public that there are no credible threats against the Thanksgiving Day Parade, despite groups like ISIS recently calling the event an \"excellent target\" for a lone wolf terror attack.\"\n\n\"Come on down, the weather's a ...",
                "date": "2016-11-24",
                "id": "12785020",
                "isDuplicate": false,
                "lang": "eng",
                "sim": 0.6078431606292725,
                "source": {
                    "id": "13",
                    "title": "New York Post",
                    "uri": "nypost.com"
                },
                "time": "13:51:00",
                "title": "NYPD commish talks security ahead of parade",
                "uri": "553211925",
                "url": "http://nypost.com/2016/11/24/nypd-commish-talks-security-ahead-of-parade/",
                "wgt": 1
            },
            {
                "body": "On Thanksgiving, people generally turn their TVs on first thing in the morning to watch the parade -- and tend to leave their sets on all day.\n\nWhy not? There's so much to watch and catch up on, whether it's regular shows you watch on demand, or specials that roll around each Turkey Day, like the ...",
                "date": "2016-11-24",
                "id": "12762734",
                "isDuplicate": false,
                "lang": "eng",
                "sim": 0,
                "source": {
                    "id": "13",
                    "title": "New York Post",
                    "uri": "nypost.com"
                },
                "time": "12:08:00",
                "title": "What to watch on Thanksgiving besides the parade",
                "uri": "553159407",
                "url": "http://nypost.com/2016/11/24/what-to-watch-on-thanksgiving-besides-the-parade/",
                "wgt": 1
            },
            {
                "body": "DETROIT -- A Wayne State University police officer has died a day after he was shot in the head while on patrol near the campus.\n\nOfficer Collin Rose, 29, died Wednesday about 5:45 p.m. at a hospital, Detroit police Sgt. Michael Woody said.\n\n\"This is a tragedy felt by all of us,\" Wayne State ...",
                "date": "2016-11-24",
                "id": "12723900",
                "isDuplicate": false,
                "lang": "eng",
                "sim": 0.7764706015586853,
                "source": {
                    "id": "13",
                    "title": "New York Post",
                    "uri": "nypost.com"
                },
                "time": "08:51:00",
                "title": "University police officer dies after shot to the head",
                "uri": "553062175",
                "url": "http://nypost.com/2016/11/24/university-police-officer-dies-after-shot-to-the-head/",
                "wgt": 1
            },
            {
                "body": "BRISBANE, Australia -- A bystander dressed only in underpants helped police arrest an unlicensed driver who allegedly crashed a car into an Australian takeout restaurant on Thursday then fled.\n\nDaniel McConnell said he was lying in bed at home in the Brisbane suburb of Hendra at 2 a.m. when a car ...",
                "date": "2016-11-24",
                "id": "12718984",
                "isDuplicate": true,
                "lang": "eng",
                "sim": 0,
                "source": {
                    "id": "13",
                    "title": "New York Post",
                    "uri": "nypost.com"
                },
                "time": "08:22:00",
                "title": "Vigilante only in underwear leads cops to runaway suspect",
                "uri": "553049987",
                "url": "http://nypost.com/2016/11/24/vigilante-only-in-underwear-leads-cops-to-runaway-suspect/",
                "wgt": 1
            },
            {
                "body": "On Thanksgiving Eve 2015, the 16-3-2 Rangers were humiliated at the Garden 5-1 by the Canadiens, who drove Henrik Lundqvist from nets by scoring five times on 24 shots in 49:06. The defeat precipitated a 3-9-2 skid during which the Blueshirts were exposed as pretenders.\n\nOn this Thanksgiving Eve, ...",
                "date": "2016-11-24",
                "id": "12709603",
                "isDuplicate": false,
                "lang": "eng",
                "sim": 0,
                "source": {
                    "id": "13",
                    "title": "New York Post",
                    "uri": "nypost.com"
                },
                "time": "07:22:00",
                "title": "Rangers' task: Don't repeat 2015 and swoon after 'horses--t' game",
                "uri": "553025047",
                "url": "http://nypost.com/2016/11/24/rangers-task-dont-repeat-2015-and-swoon-after-horses-t-game/",
                "wgt": 1
            },
            {
                "body": "WICHITA, Kan. -- A Dallas woman accused of killing a Wichita mother and taking her baby was in the country illegally when she was released from a Kansas jail this summer before immigration officials had a chance to request she be held, law enforcement authorities said Wednesday.\n\nThe U.S. ...",
                "date": "2016-11-24",
                "id": "12708822",
                "isDuplicate": true,
                "lang": "eng",
                "sim": 0,
                "source": {
                    "id": "13",
                    "title": "New York Post",
                    "uri": "nypost.com"
                },
                "time": "07:16:00",
                "title": "Woman accused of murder, kidnapping baby was living in US illegally",
                "uri": "553022681",
                "url": "http://nypost.com/2016/11/24/woman-accused-of-murder-kidnapping-baby-was-living-in-us-illegally/",
                "wgt": 1
            },
            {
                "body": "LOS ANGELES -- Derek Forbort scored the go-ahead goal with 2:28 remaining, Peter Budaj stopped 22 shots and the Kings defeated the Islanders 4-2 on Wednesday night for their fourth consecutive win.\n\nDwight King, Jake Muzzin and Alec Martinez also scored to help the Kings win their fifth straight at ...",
                "date": "2016-11-24",
                "id": "12702331",
                "isDuplicate": true,
                "lang": "eng",
                "sim": 0,
                "source": {
                    "id": "13",
                    "title": "New York Post",
                    "uri": "nypost.com"
                },
                "time": "06:34:00",
                "title": "Islanders overwhelmed by the surging Kings",
                "uri": "553005834",
                "url": "http://nypost.com/2016/11/24/islanders-overwhelmed-by-the-surging-kings/",
                "wgt": 1
            },
            {
                "body": "Nets finally get some good news in messy point guard situation\n\nNets forward Chris McCullough became just the fourth player to appear in both an NBA game and a D-League game in the same day.\n\nAfter scoring 21 points in the Long Island Nets' loss on Wednesday afternoon -- shooting 8-of-19 from the ...",
                "date": "2016-11-24",
                "id": "12698727",
                "isDuplicate": false,
                "lang": "eng",
                "sim": 0.6313725709915161,
                "source": {
                    "id": "13",
                    "title": "New York Post",
                    "uri": "nypost.com"
                },
                "time": "06:09:00",
                "title": "Chris McCullough pulls off unique doubleheader for Nets",
                "uri": "552995101",
                "url": "http://nypost.com/2016/11/24/chris-mccullough-pulls-off-unique-doubleheader-for-nets/",
                "wgt": 1
            },
            {
                "body": "WASHINGTON -- President-elect Donald Trump urged Americans to put the divisive political campaign behind them and rally together to build a thriving nation.\n\nIn a recorded message for the Thanksgiving holiday, Trump offered words of conciliation and unity.\n\n\"It's my prayer that on this Thanksgiving ...",
                "date": "2016-11-24",
                "id": "12698475",
                "isDuplicate": false,
                "lang": "eng",
                "sim": 0.6509804129600525,
                "source": {
                    "id": "13",
                    "title": "New York Post",
                    "uri": "nypost.com"
                },
                "time": "06:07:00",
                "title": "Watch Trump's Thanksgiving message calling for unity",
                "uri": "552994417",
                "url": "http://nypost.com/2016/11/24/watch-trumps-thanksgiving-message-calling-for-unity/",
                "wgt": 1
            },
            {
                "body": "Immigrants rush to become US citizens just in case Trump wins\n\nAt age 99, a woman named America has become a U.S. citizen.\n\nAmerica Maria Hernandez, who was born in Colombia in 1917 and was brought to the U.S. by one of her daughters in 1988, signed her naturalization certificate and took the oath ...",
                "date": "2016-11-24",
                "id": "12696224",
                "isDuplicate": false,
                "lang": "eng",
                "sim": 0,
                "source": {
                    "id": "13",
                    "title": "New York Post",
                    "uri": "nypost.com"
                },
                "time": "05:49:00",
                "title": "99-year-old woman named America becomes US citizen",
                "uri": "552988556",
                "url": "http://nypost.com/2016/11/24/99-year-old-woman-named-america-becomes-us-citizen/",
                "wgt": 1
            },
            {
                "body": "MANITOWOC, Wis. -- The lawyer for a Wisconsin man convicted in a case profiled in the \"Making a Murderer\" Netflix series says an agreement to start independent scientific testing on several critical pieces of evidence has been signed.\n\nUSA Today Network-Wisconsin reports the agreement was filed ...",
                "date": "2016-11-24",
                "id": "12695251",
                "isDuplicate": false,
                "lang": "eng",
                "sim": 0.8235294222831726,
                "source": {
                    "id": "13",
                    "title": "New York Post",
                    "uri": "nypost.com"
                },
                "time": "05:41:00",
                "title": "'Making a Murderer' case evidence to be retested",
                "uri": "552985996",
                "url": "http://nypost.com/2016/11/24/making-a-murderer-case-evidence-to-be-retested/",
                "wgt": 1
            },
            {
                "body": "It was darn near impossible for Matt Puempel to contain his excitement after his first skate as a member of the Rangers.\n\nThe 23-year-old forward was claimed off waivers from the Senators on Monday, and got his first taste of wearing the Broadway Blueshirt at the morning skate at the Garden before ...",
                "date": "2016-11-24",
                "id": "12695254",
                "isDuplicate": false,
                "lang": "eng",
                "sim": 0.7333333492279053,
                "source": {
                    "id": "13",
                    "title": "New York Post",
                    "uri": "nypost.com"
                },
                "time": "05:41:00",
                "title": "Newest Ranger doesn't play, but is thrilled to be in NYC",
                "uri": "552985997",
                "url": "http://nypost.com/2016/11/24/newest-ranger-doesnt-play-but-is-thrilled-to-be-in-nyc/",
                "wgt": 1
            },
            {
                "body": "CHATTANOOGA, Tenn. -- A school bus driver had no drugs or alcohol in his system when he careened off a road and smashed into a tree, killing six elementary schoolchildren, police said Wednesday.\n\nChattanooga Police Sgt. Austin Garrett said a toxicology test was performed on Johnthony Walker, 24, the ...",
                "date": "2016-11-24",
                "id": "12695268",
                "isDuplicate": false,
                "lang": "eng",
                "sim": 0.9843137264251709,
                "source": {
                    "id": "13",
                    "title": "New York Post",
                    "uri": "nypost.com"
                },
                "time": "05:41:00",
                "title": "Sixth child dies in horrific school bus accident",
                "uri": "552985998",
                "url": "http://nypost.com/2016/11/24/sixth-child-dies-in-horrific-school-bus-accident/",
                "wgt": 1
            },
            {
                "body": "Hordes of holiday shoppers will be spending their Thanksgiving gobbling up deals at big-name retailers across the city.\n\nAbout 15 percent of Americans say they plan to brave the sale-seeking crowds on Turkey Day and shop 'til they drop, according to a recent Bankrate report.\n\nBrooke Greenwood, 29, ...",
                "date": "2016-11-24",
                "id": "12690029",
                "isDuplicate": false,
                "lang": "eng",
                "sim": 0,
                "source": {
                    "id": "13",
                    "title": "New York Post",
                    "uri": "nypost.com"
                },
                "time": "05:01:00",
                "title": "Why people are cutting Thanksgiving short to shop",
                "uri": "552967071",
                "url": "http://nypost.com/2016/11/23/why-people-are-cutting-thanksgiving-short-to-shop/",
                "wgt": 1
            },
            {
                "body": "Devils storm to fifth straight win with more overtime heroics\n\nMike Cammalleri had four points in his return to the lineup and Jacob Josefson scored in the shootout as the Devils beat the Maple Leafs 5-4 on Wednesday night at Prudential Center.\n\nCory Schneider stopped all three Toronto attempts in ...",
                "date": "2016-11-24",
                "id": "12683409",
                "isDuplicate": false,
                "lang": "eng",
                "sim": 0.9254902005195618,
                "source": {
                    "id": "13",
                    "title": "New York Post",
                    "uri": "nypost.com"
                },
                "time": "04:06:00",
                "title": "After disastrous first period, Devils rally for shootout win",
                "uri": "552948608",
                "url": "http://nypost.com/2016/11/23/after-disastrous-first-period-devils-rally-for-shootout-win/",
                "wgt": 1
            },
            {
                "body": "Four white 15-year-old Catholic schoolgirl friends laughing and chatting on their usual bus ride home were targeted in an unprovoked, racial attack that left them bloody and bruised, the teens told The Post Wednesday.\n\n\"Oh, white girl got money!\" a young black man sitting with a friend commented as ...",
                "date": "2016-11-24",
                "id": "12682295",
                "isDuplicate": false,
                "lang": "eng",
                "sim": 0,
                "source": {
                    "id": "13",
                    "title": "New York Post",
                    "uri": "nypost.com"
                },
                "time": "03:54:00",
                "title": "White schoolgirls say black gang racially targeted them in bus attack",
                "uri": "552945631",
                "url": "http://nypost.com/2016/11/23/white-schoolgirls-say-black-gang-racially-targeted-them-in-bus-attack/",
                "wgt": 1
            },
            {
                "body": "No, Colin Kaepernick and his fiery politics are not going away.\n\nThe quarterback, whose 49ers will face the Dolphins in Miami on Sunday, was bombarded with questions in a conference call with the media Wednesday. He was asked not about his national anthem movement or why he didn't vote but about a ...",
                "date": "2016-11-24",
                "id": "12681836",
                "isDuplicate": false,
                "lang": "eng",
                "sim": 0.8156862854957581,
                "source": {
                    "id": "13",
                    "title": "New York Post",
                    "uri": "nypost.com"
                },
                "time": "03:49:00",
                "title": "How Colin Kaepernick defended Fidel Castro to skeptical Miami media",
                "uri": "552944242",
                "url": "http://nypost.com/2016/11/23/how-colin-kaepernick-defended-fidel-castro-to-skeptical-miami-media/",
                "wgt": 1
            },
            {
                "body": "City makes final land buy in long-delayed Brooklyn waterfront park\n\nMayor de Blasio still hasn't fulfilled two promises he made about lobbyists -- including one made more than three years ago.\n\nWhen he was running for City Hall in 2013, the mayor said all lobbyists' meetings with members of his ...",
                "date": "2016-11-24",
                "id": "12681351",
                "isDuplicate": false,
                "lang": "eng",
                "sim": 0.5764706134796143,
                "source": {
                    "id": "13",
                    "title": "New York Post",
                    "uri": "nypost.com"
                },
                "time": "03:43:00",
                "title": "De Blasio still struggling to disclose meetings with lobbyists",
                "uri": "552943012",
                "url": "http://nypost.com/2016/11/23/de-blasio-still-struggling-to-disclose-meetings-with-lobbyists/",
                "wgt": 1
            },
            {
                "body": "Nets finally get some good news in messy point guard situation\n\nThe Nets finally fixed the leaky defense that led to a four-game losing streak. But the third-quarter problem? Yes, that's still a thing -- and it came back to cost them against the Celtics in a 111-92 loss Wednesday at Barclays ...",
                "date": "2016-11-24",
                "id": "12679901",
                "isDuplicate": false,
                "lang": "eng",
                "sim": 0.8039215803146362,
                "source": {
                    "id": "13",
                    "title": "New York Post",
                    "uri": "nypost.com"
                },
                "time": "03:29:00",
                "title": "Struggling Nets doomed by another porous third quarter",
                "uri": "552939284",
                "url": "http://nypost.com/2016/11/23/struggling-nets-doomed-by-another-porous-third-quarter/",
                "wgt": 1
            },
            {
                "body": "An argument about cigarettes led to the murder of a Connecticut man who was stabbed to death at an East Side apartment after a night of partying, law-enforcement sources told The Post.\n\nLawrence Dilione, 28, who admitted to police that he helped dump Joseph Comunale's body in New Jersey with James ...",
                "date": "2016-11-24",
                "id": "12679836",
                "isDuplicate": false,
                "lang": "eng",
                "sim": 0.7372549176216125,
                "source": {
                    "id": "13",
                    "title": "New York Post",
                    "uri": "nypost.com"
                },
                "time": "03:28:00",
                "title": "Party-goer was stabbed to death after argument about cigarettes",
                "uri": "552939109",
                "url": "http://nypost.com/2016/11/23/party-goer-was-stabbed-to-death-after-argument-about-cigarettes/",
                "wgt": 1
            },
            {
                "body": "PARADISE ISLAND, Bahamas -- Freshman Miles Bridges had 22 points and a season-high 15 rebounds to help No. 24 Michigan State pull away late from St. John's for a 73-62 victory Wednesday night in the first round of the Battle 4 Atlantis.\n\nEron Harris added 14 points for the Spartans (3-2), who used a ...",
                "date": "2016-11-24",
                "id": "12677588",
                "isDuplicate": true,
                "lang": "eng",
                "sim": 0,
                "source": {
                    "id": "13",
                    "title": "New York Post",
                    "uri": "nypost.com"
                },
                "time": "03:04:00",
                "title": "St. John's upset bid derailed in one horrendous stretch",
                "uri": "552932414",
                "url": "http://nypost.com/2016/11/23/st-johns-upset-bid-derailed-in-one-horrendous-stretch/",
                "wgt": 1
            },
            {
                "body": "The principal of DeWitt Clinton HS, a struggling Bronx school...\n\nA high-profile Bronx principal was ousted Wednesday after an investigation found that he changed grades to boost faltering graduation rates, The Post has learned.\n\nDeWitt Clinton HS Principal Santiago Taveras was removed after a ...",
                "date": "2016-11-24",
                "id": "12676906",
                "isDuplicate": false,
                "lang": "eng",
                "sim": 0,
                "source": {
                    "id": "13",
                    "title": "New York Post",
                    "uri": "nypost.com"
                },
                "time": "02:57:00",
                "title": "Principal removed for changing grades to boost graduation rates",
                "uri": "552930401",
                "url": "http://nypost.com/2016/11/23/principal-removed-for-changing-grades-to-boost-graduation-rates/",
                "wgt": 1
            },
            {
                "body": "Just the way last season ended, this game started with Henrik Lundqvist in the Rangers' net against the Penguins and finished with him watching from the bench with a baseball cap on.\n\nAnd just like last season, it is impossible to point the finger just at Lundqvist for another desultory loss to the ...",
                "date": "2016-11-24",
                "id": "12676729",
                "isDuplicate": false,
                "lang": "eng",
                "sim": 0.8078431487083435,
                "source": {
                    "id": "13",
                    "title": "New York Post",
                    "uri": "nypost.com"
                },
                "time": "02:55:00",
                "title": "Henrik Lundqvist yanked in Rangers' ugly blowout loss",
                "uri": "552929921",
                "url": "http://nypost.com/2016/11/23/henrik-lundqvist-yanked-in-rangers-ugly-blowout-loss/",
                "wgt": 1
            },
            {
                "body": "Mayor de Blasio has promised to fight President-elect Trump on \"anything we see as undermining our values,\" but a report from city Comptroller Scott Stringer revealed Wednesday that might not work out so well for average New Yorkers.\n\nStringer's report showed that Washington supplies a huge part of ...",
                "date": "2016-11-24",
                "id": "12675462",
                "isDuplicate": false,
                "lang": "eng",
                "sim": 0.7176470756530762,
                "source": {
                    "id": "13",
                    "title": "New York Post",
                    "uri": "nypost.com"
                },
                "time": "02:41:00",
                "title": "City warns of 'devastating impact' if federal funds get cut",
                "uri": "552926153",
                "url": "http://nypost.com/2016/11/23/city-warns-of-devastating-impact-if-federal-funds-get-cut/",
                "wgt": 1
            },
            {
                "body": "Cops shot a person inside a Bronx apartment Wednesday after they apparently refused to drop a large butcher knife, sources said.\n\nThe shooting took place inside a building in the Woodstock section of the Bronx at around 7:30 p.m. when someone called 911 and flagged down a squad car after a dispute ...",
                "date": "2016-11-24",
                "id": "12674419",
                "isDuplicate": false,
                "lang": "eng",
                "sim": 0.6941176652908325,
                "source": {
                    "id": "13",
                    "title": "New York Post",
                    "uri": "nypost.com"
                },
                "time": "02:29:00",
                "title": "Cops shoot knife-wielding Bronx man in his apartment",
                "uri": "552923112",
                "url": "http://nypost.com/2016/11/23/cops-shoot-knife-wielding-bronx-man-in-his-apartment/",
                "wgt": 1
            },
            {
                "body": "While Americans everywhere are thinking about turkey, the Jets are preparing for the G.O.A.T.\n\nTom Brady is coming to town on Sunday, leading the 8-2 Patriots into MetLife Stadium to face the 3-7 Jets. Brady actually missed practice on Wednesday with a knee injury, but the Jets were not doing any ...",
                "date": "2016-11-24",
                "id": "12673010",
                "isDuplicate": false,
                "lang": "eng",
                "sim": 0.7215686440467834,
                "source": {
                    "id": "13",
                    "title": "New York Post",
                    "uri": "nypost.com"
                },
                "time": "02:12:00",
                "title": "Jets' Tom Brady lovefest: 'Best QB to ever step on the field'",
                "uri": "552916235",
                "url": "http://nypost.com/2016/11/23/jets-tom-brady-lovefest-best-qb-to-ever-step-on-the-field/",
                "wgt": 1
            },
            {
                "body": "ARLINGTON, Texas -- The Cowboys are already as Thanksgiving as gravy and dressing.\n\nDallas is hoping its dynamic duo of Dak Prescott and Ezekiel Elliott can make themselves part of that Turkey Day tradition starting Thursday afternoon against the archrival Redskins.\n\nThe Cowboys' legion of fans ...",
                "date": "2016-11-24",
                "id": "12671947",
                "isDuplicate": false,
                "lang": "eng",
                "sim": 0.7254902124404907,
                "source": {
                    "id": "13",
                    "title": "New York Post",
                    "uri": "nypost.com"
                },
                "time": "02:04:00",
                "title": "Why Cowboys-Redskins has the makings of a classic",
                "uri": "552912997",
                "url": "http://nypost.com/2016/11/23/why-cowboys-redskins-has-the-makings-of-a-classic/",
                "wgt": 1
            },
            {
                "body": "Cavaliers forward Kevin Love was on fire at the outset of Wednesday night's game against the Trail Blazers, setting an NBA record for points in a first quarter with 34.\n\nBut Cleveland fans weren't sitting on the edge of their seats, looking for history, for long. The drama-filled first quarter ...",
                "date": "2016-11-24",
                "id": "12669805",
                "isDuplicate": false,
                "lang": "eng",
                "sim": 0.7137255072593689,
                "source": {
                    "id": "13",
                    "title": "New York Post",
                    "uri": "nypost.com"
                },
                "time": "01:44:00",
                "title": "Cavs put strange stop to Kevin Love's jaw-dropping game",
                "uri": "552907502",
                "url": "http://nypost.com/2016/11/23/cavs-put-strange-stop-to-kevin-loves-jaw-dropping-game/",
                "wgt": 1
            },
            {
                "body": "From the sound of things, Nick Mangold may not be back this season.\n\nThe Jets center has been sidelined for the past four weeks with an ankle sprain. He did not practice again Wednesday. Coach Todd Bowles said the team is not considering putting him on injured reserve at the moment, but it is ...",
                "date": "2016-11-24",
                "id": "12669661",
                "isDuplicate": false,
                "lang": "eng",
                "sim": 0.6196078658103943,
                "source": {
                    "id": "13",
                    "title": "New York Post",
                    "uri": "nypost.com"
                },
                "time": "01:43:00",
                "title": "Jets coach puts bleak outlook on rest of Nick Mangold's year",
                "uri": "552906999",
                "url": "http://nypost.com/2016/11/23/jets-coach-puts-bleak-outlook-on-rest-of-nick-mangolds-year/",
                "wgt": 1
            },
            {
                "body": "Ex-Trump aides tied to firm that tried to expand Russia's spying efforts\n\nA high-powered lobbyist was treated as a member of the administration and included in discussions with senior mayoral aides on topics ranging from pre-K to the city's failed effort to win the Democratic presidential election, ...",
                "date": "2016-11-24",
                "id": "12669664",
                "isDuplicate": false,
                "lang": "eng",
                "sim": 0.7372549176216125,
                "source": {
                    "id": "13",
                    "title": "New York Post",
                    "uri": "nypost.com"
                },
                "time": "01:43:00",
                "title": "Lobbyist acted as member of de Blasio admin, email dump shows",
                "uri": "552907000",
                "url": "http://nypost.com/2016/11/23/lobbyist-acted-as-member-of-de-blasio-admin-email-dump-shows/",
                "wgt": 1
            },
            {
                "body": "This was after Sunday's important win over Atlanta: Kristaps Porzingis was lamenting about failing to post a single blocked shot against the Hawks.\n\nThe day before, Porzingis had appeared in Harlem to announce a donation of $500 for each blocked shot this season to a youth basketball program -- the ...",
                "date": "2016-11-24",
                "id": "12669665",
                "isDuplicate": false,
                "lang": "eng",
                "sim": 0.7058823704719543,
                "source": {
                    "id": "13",
                    "title": "New York Post",
                    "uri": "nypost.com"
                },
                "time": "01:43:00",
                "title": "Kristaps Porzingis is making All-Star case  --  and case he's Knicks'",
                "uri": "552907005",
                "url": "http://nypost.com/2016/11/23/kristaps-porzingis-is-making-all-star-case-and-case-hes-knicks-franchise/",
                "wgt": 1
            },
            {
                "body": "In past years, Terrelle Pryor may have been a cause for concern for the Giants. A serious problem. That was in the pre-Janoris Jenkins era, when Big Blue lacked a lock-down cornerback.\n\nPryor, after all, is a 6-foot-4 former quarterback, an athletic marvel who was a star basketball player in high ...",
                "date": "2016-11-24",
                "id": "12668844",
                "isDuplicate": false,
                "lang": "eng",
                "sim": 0.7647058963775635,
                "source": {
                    "id": "13",
                    "title": "New York Post",
                    "uri": "nypost.com"
                },
                "time": "01:34:00",
                "title": "Why Giants are all but rolling their eyes at Browns' big threat",
                "uri": "552904640",
                "url": "http://nypost.com/2016/11/23/why-giants-are-all-but-rolling-their-eyes-at-browns-big-threat/",
                "wgt": 1
            },
            {
                "body": "Nick Koridis dreamed about tiny homes for almost a decade before finally moving into one.\n\nThe 28-year-old stagehand paid a Long Island neighbor for a 125-square-foot cabin on wheels earlier this year. He has parked it on land he is renting near Port Jefferson. Total cost: $28,000, plus thousands in ...",
                "date": "2016-11-24",
                "id": "12667289",
                "isDuplicate": false,
                "lang": "eng",
                "sim": 0,
                "source": {
                    "id": "13",
                    "title": "New York Post",
                    "uri": "nypost.com"
                },
                "time": "01:19:00",
                "title": "How to live large in a tiny home  --  without breaking the bank",
                "uri": "552899865",
                "url": "http://nypost.com/2016/11/23/how-to-live-large-in-a-tiny-home-without-breaking-the-bank/",
                "wgt": 1
            },
            {
                "body": "This four-bedroom, four-bathroom duplex co-op at 140 East 83rd St. includes a sweet piece of New York City Beatles history.\n\nThe sprawling unit -- now a combination of three apartments -- includes Linda McCartney's former studio, #10D. This is where she lived with her daughter Heather when she was ...",
                "date": "2016-11-24",
                "id": "12666354",
                "isDuplicate": false,
                "lang": "eng",
                "sim": 0,
                "source": {
                    "id": "13",
                    "title": "New York Post",
                    "uri": "nypost.com"
                },
                "time": "01:08:00",
                "title": "Snag a piece of Beatles history",
                "uri": "552897038",
                "url": "http://nypost.com/2016/11/23/snag-a-piece-of-beatles-history/",
                "wgt": 1
            },
            {
                "body": "\"American Idol\" alum Clay Aiken, the singer-songwriter turned political activist who ran for Congress in North Carolina two years ago, has been spotted house-hunting downtown in the Financial District.\n\nOne of the homes he toured was a two-bedroom, two-bathroom loft condo at 67 Liberty St. that's ...",
                "date": "2016-11-24",
                "id": "12666352",
                "isDuplicate": false,
                "lang": "eng",
                "sim": 0,
                "source": {
                    "id": "13",
                    "title": "New York Post",
                    "uri": "nypost.com"
                },
                "time": "01:07:00",
                "title": "'American Idol' alum eyes downtown NYC condo",
                "uri": "552897036",
                "url": "http://nypost.com/2016/11/23/american-idol-alum-eyes-downtown-nyc-condo/",
                "wgt": 1
            },
            {
                "body": "SiriusXM and Virgin media director James Mooney is re-listing his oceanfront Hamptons estate at 370 Fowler St. in Water Mill South for a cool $29 million -- $6 million below its original 2014 price.\n\nThe five-bedroom, five-bathroom beach manse measures 9,500 square feet and sits on 3.3 acres in the ...",
                "date": "2016-11-24",
                "id": "12666343",
                "isDuplicate": false,
                "lang": "eng",
                "sim": 0,
                "source": {
                    "id": "13",
                    "title": "New York Post",
                    "uri": "nypost.com"
                },
                "time": "01:07:00",
                "title": "This Hamptons home looking for a 'Sirius' buyer",
                "uri": "552897041",
                "url": "http://nypost.com/2016/11/23/this-hamptons-home-looking-for-a-sirius-buyer/",
                "wgt": 1
            },
            {
                "body": "Ashley Olsen's ex-boyfriend Hayden Slater, the founder of Pressed Juicery, recently checked out this charming two-bedroom, one-bathroom duplex condo at 29 King St., which is priced at $2.27 million.\n\nIt would have been a romantic love nest, but Ashley has reportedly moved on with older boy toy ...",
                "date": "2016-11-24",
                "id": "12665446",
                "isDuplicate": false,
                "lang": "eng",
                "sim": 0,
                "source": {
                    "id": "13",
                    "title": "New York Post",
                    "uri": "nypost.com"
                },
                "time": "00:59:00",
                "title": "Ashley Olsen's ex eyes juicy new bachelor pad",
                "uri": "552894325",
                "url": "http://nypost.com/2016/11/23/ashley-olsens-ex-eyes-juicy-new-bachelor-pad/",
                "wgt": 1
            },
            {
                "body": "Long ago, Debbie Harry left New Jersey for New York, where she was a Playboy bunny before becoming the leader of famed new-wave band, Blondie.\n\nHer career has spanned more than four decades. Now 71, the talented blonde has expanded to Connecticut, where she bought a Roxbury retreat for $785,000 -- a ...",
                "date": "2016-11-24",
                "id": "12665423",
                "isDuplicate": false,
                "lang": "eng",
                "sim": 0,
                "source": {
                    "id": "13",
                    "title": "New York Post",
                    "uri": "nypost.com"
                },
                "time": "00:59:00",
                "title": "Heart of class: Blondie buys charming Connecticut estate",
                "uri": "552894324",
                "url": "http://nypost.com/2016/11/23/heart-of-class-blondie-buys-charming-connecticut-estate/",
                "wgt": 1
            },
            {
                "body": "Politician to Odell Beckham Jr.: The Bronx more than a strip club\n\nThanksgiving at the Harrison household sounds like a feast not to be missed.\n\n\"It's a very big day, one of the most important days of the year,\" Giants defensive tackle Damon Harrison told msgnetworks.com in its weekly interview ...",
                "date": "2016-11-24",
                "id": "12664465",
                "isDuplicate": false,
                "lang": "eng",
                "sim": 0.615686297416687,
                "source": {
                    "id": "13",
                    "title": "New York Post",
                    "uri": "nypost.com"
                },
                "time": "00:50:00",
                "title": "The insane menu for Giants Thanksgiving at 'Snacks' Harrison's house",
                "uri": "552891498",
                "url": "http://nypost.com/2016/11/23/the-insane-menu-for-giants-thanksgiving-at-snacks-harrisons-house/",
                "wgt": 1
            },
            {
                "body": "The recurring message Odell Beckham Jr. delivers to Eli Manning\n\nThey're in desperate need of something -- anything -- positive to happen to them, something to talk about that isn't depressing, something to embrace, to help ease the pain of the first 10 games of this disappointing season.\n\nAt 3-7 ...",
                "date": "2016-11-24",
                "id": "12663059",
                "isDuplicate": false,
                "lang": "eng",
                "sim": 0.7176470756530762,
                "source": {
                    "id": "13",
                    "title": "New York Post",
                    "uri": "nypost.com"
                },
                "time": "00:39:00",
                "title": "Why Patriots are exactly what these hopeless Jets need",
                "uri": "552887999",
                "url": "http://nypost.com/2016/11/23/why-patriots-are-exactly-what-these-hopeless-jets-need/",
                "wgt": 1
            },
            {
                "body": "{* #userInformationForm *} {* traditionalSignIn_emailAddress *} {* traditionalSignIn_password *} {* traditionalSignIn_signInButton *} {* /userInformationForm *} {* #registrationForm *} {* traditionalRegistration_emailAddress *} {* traditionalRegistration_password *} {* ...",
                "date": "2016-11-24",
                "id": "12662014",
                "isDuplicate": true,
                "lang": "eng",
                "sim": 0,
                "source": {
                    "id": "13",
                    "title": "New York Post",
                    "uri": "nypost.com"
                },
                "time": "00:30:00",
                "title": "Norman Foster rings in the Hearst Tower's 10th anniversary",
                "uri": "552885358",
                "url": "http://nypost.com/2016/11/23/norman-foster-rings-in-the-hearst-towers-10th-anniversary/",
                "wgt": 1
            },
            {
                "body": "Donald Trump's presidential campaign is selling 14-karat gold Christmas tree ornaments to supporters just in time for the holidays.\n\nThe campaign sent out an email Wednesday hawking the $149 holiday trinket, which is red, shaped like a hat, and bears Trump's winning \"Make America Great Again\" ...",
                "date": "2016-11-24",
                "id": "12661689",
                "isDuplicate": false,
                "lang": "eng",
                "sim": 0.6745098233222961,
                "source": {
                    "id": "13",
                    "title": "New York Post",
                    "uri": "nypost.com"
                },
                "time": "00:28:00",
                "title": "Trump is selling 'Make America Great Again' ornaments for $149",
                "uri": "552884592",
                "url": "http://nypost.com/2016/11/23/trump-is-selling-make-america-great-again-ornaments-for-149/",
                "wgt": 1
            },
            {
                "body": "The real reason reporters don't give to pols: It would give away their agenda\n\n\"The conservatives are going to go crazy,\" Donald Trump's senior advisor, Steve Bannon, recently told the Hollywood Reporter about his grand plans for a massive new spending program. \"I'm the guy pushing a trillion-dollar ...",
                "date": "2016-11-24",
                "id": "12661146",
                "isDuplicate": false,
                "lang": "eng",
                "sim": 0.9882352948188782,
                "source": {
                    "id": "13",
                    "title": "New York Post",
                    "uri": "nypost.com"
                },
                "time": "00:23:00",
                "title": "Conservatives could learn to love 'Trump the builder'",
                "uri": "552882952",
                "url": "http://nypost.com/2016/11/23/conservatives-could-learn-to-love-trump-the-builder/",
                "wgt": 1
            },
            {
                "body": "The first Thanksgiving in the New World was celebrated in 1621, nearly a year after the Pilgrims landed at Plymouth in the Massachusetts Bay Colony.\n\nIn 1789, George Washington became the first of many US presidents to formally proclaim a day of \"public thanksgiving and prayer\":\n\nI do recommend and ...",
                "date": "2016-11-24",
                "id": "12660698",
                "isDuplicate": false,
                "lang": "eng",
                "sim": 0,
                "source": {
                    "id": "13",
                    "title": "New York Post",
                    "uri": "nypost.com"
                },
                "time": "00:19:00",
                "title": "Giving thanks: presidents from Washington to Obama",
                "uri": "552881582",
                "url": "http://nypost.com/2016/11/23/giving-thanks-presidents-from-washington-to-obama/",
                "wgt": 1
            },
            {
                "body": "\"Oh, don't the days seem lank and long / When all goes right and nothing goes wrong, / And isn't your life extremely flat / With nothing whatever to grumble at!\"\n\n-- Gilbert and Sullivan\n\nAt this shank end of a shabby year, Americans still can be thankful: They don't have the problem of nothing to ...",
                "date": "2016-11-24",
                "id": "12660689",
                "isDuplicate": false,
                "lang": "eng",
                "sim": 0.9686274528503418,
                "source": {
                    "id": "13",
                    "title": "New York Post",
                    "uri": "nypost.com"
                },
                "time": "00:19:00",
                "title": "Be thankful for all you have to grumble about",
                "uri": "552881586",
                "url": "http://nypost.com/2016/11/23/be-thankful-for-all-you-have-to-grumble-about/",
                "wgt": 1
            },
            {
                "body": "A city teacher who claimed she was fired for giving her students a lesson on the Central Park Five case isn't protected under the First Amendment -- because she's a public employee, a federal judge ruled Wednesday in tossing the lawsuit.\n\nJeena Lee-Walker, who taught at the High School for Arts on ...",
                "date": "2016-11-24",
                "id": "12660684",
                "isDuplicate": false,
                "lang": "eng",
                "sim": 0,
                "source": {
                    "id": "13",
                    "title": "New York Post",
                    "uri": "nypost.com"
                },
                "time": "00:19:00",
                "title": "Teacher fired over Central Park 5 lesson isn't covered by 1st",
                "uri": "552881587",
                "url": "http://nypost.com/2016/11/23/teacher-fired-over-central-park-5-lesson-isnt-covered-by-1st-amendment/",
                "wgt": 1
            },
            {
                "body": "Did anyone ever stop to ask why there's only one day a year when we are supposed to eat yams? This tasteless tuber the color of carrots may be the least edible substance known to man.\n\nWhat in the world is the logic of serving yams on a day for giving thanks? If gratitude is the game on this ...",
                "date": "2016-11-24",
                "id": "12660678",
                "isDuplicate": false,
                "lang": "eng",
                "sim": 0,
                "source": {
                    "id": "13",
                    "title": "New York Post",
                    "uri": "nypost.com"
                },
                "time": "00:19:00",
                "title": "Our enemy, the yam",
                "uri": "552881585",
                "url": "http://nypost.com/2016/11/23/our-enemy-the-yam/",
                "wgt": 1
            },
            {
                "body": "A struggling British photographer spent her life savings -- and has had to put her adopted son's life in limbo -- to fend off claims from an ex-girlfriend who's suing to be named a legal parent to the child, her lawyer argued in Manhattan court Wednesday.\n\n\"She is unable to move to the UK with her ...",
                "date": "2016-11-24",
                "id": "12659064",
                "isDuplicate": false,
                "lang": "eng",
                "sim": 0,
                "source": {
                    "id": "13",
                    "title": "New York Post",
                    "uri": "nypost.com"
                },
                "time": "00:07:00",
                "title": "Mom asks judge to toss her ex-girlfriend's custody lawsuit",
                "uri": "552877510",
                "url": "http://nypost.com/2016/11/23/mom-asks-judge-to-toss-her-ex-girlfriends-custody-lawsuit/",
                "wgt": 1
            },
            {
                "body": "A veteran NYPD officer says she was mocked by colleagues as the \"oldest rookie ever\" because she handed out traffic tickets over her nearly 21-year career instead of racking up arrests.\n\nDoreen Debattista, 49, is now suing the city and her former bosses, saying she was forced to retire when she ...",
                "date": "2016-11-24",
                "id": "12659070",
                "isDuplicate": false,
                "lang": "eng",
                "sim": 0,
                "source": {
                    "id": "13",
                    "title": "New York Post",
                    "uri": "nypost.com"
                },
                "time": "00:07:00",
                "title": "NYPD vet: Fellow cops mocked me for not arresting anyone",
                "uri": "552877511",
                "url": "http://nypost.com/2016/11/23/nypd-vet-fellow-cops-mocked-me-for-not-arresting-anyone/",
                "wgt": 1
            }
        ],
        "totalResults": 79
    }
}