{
    "articles": {
        "count": 84,
        "page": 1,
        "pages": 1,
        "results": [
            {
                "body": "Brandon Victor Dixon's remarks Friday night came from a good place. But they also yet again revealed the peculiar failure of liberal America to practice the empathy it preaches.\n\nThe actor who plays Aaron Burr in \"Hamilton\" thanked Vice President-elect Mike Pence for coming to the show, then spoke ...",
                "date": "2016-11-20",
                "id": "11896898",
                "isDuplicate": false,
                "lang": "eng",
                "sim": 0,
                "source": {
                    "id": "13",
                    "title": "New York Post",
                    "uri": "nypost.com"
                },
                "time": "23:48:00",
                "title": "The real problem with the 'Hamilton' shout-out to Pence",
                "uri": "550877109",
                "url": "http://nypost.com/2016/11/20/the-real-problem-with-the-hamilton-shout-out-to-pence/",
                "wgt": 1
            },
            {
                "body": "The chance to fill the Supreme Court seat opened by Antonin Scalia's death was a rallying cry for supporters of Donald Trump trying to win over skeptical conservatives. And it worked, says Northwestern Law professor John O. McGinnis at City Journal. Scalia, he notes, was an erudite exponent of the ...",
                "date": "2016-11-20",
                "id": "11895809",
                "isDuplicate": false,
                "lang": "eng",
                "sim": 0,
                "source": {
                    "id": "13",
                    "title": "New York Post",
                    "uri": "nypost.com"
                },
                "time": "23:38:00",
                "title": "Antonin Scalia won the 2016 election and other comments",
                "uri": "550874500",
                "url": "http://nypost.com/2016/11/20/antonin-scalia-won-the-2016-election-and-other-comments/",
                "wgt": 1
            },
            {
                "body": "Nets' struggling defense now has to deal with Russell Westbrook\n\nThe Nets had called their recent defensive woes \"slippage\". But this wasn't slippage. This was a headlong stumble and fall right into a four-game losing streak.\n\nBack home for the first time after a five-game road swing, Brooklyn was ...",
                "date": "2016-11-20",
                "id": "11892221",
                "isDuplicate": false,
                "lang": "eng",
                "sim": 0.7647058963775635,
                "source": {
                    "id": "13",
                    "title": "New York Post",
                    "uri": "nypost.com"
                },
                "time": "23:08:00",
                "title": "Nets' defense at a crisis point in humiliating home letdown",
                "uri": "550865697",
                "url": "http://nypost.com/2016/11/20/nets-defense-at-a-crisis-point-in-humiliating-home-letdown/",
                "wgt": 1
            },
            {
                "body": "Grades from the Giants' 22-16 win over the Bears at MetLife Stadium on Sunday:\n\nNot a whole lot doing here. Eli Manning (21-of-36, 227 yards, 2 TDs) did not throw an interception, although he came close, but he and his running game came up empty on five straight fourth-quarter series. Not good. ...",
                "date": "2016-11-20",
                "id": "11890574",
                "isDuplicate": false,
                "lang": "eng",
                "sim": 0.5490196347236633,
                "source": {
                    "id": "13",
                    "title": "New York Post",
                    "uri": "nypost.com"
                },
                "time": "22:53:00",
                "title": "Giants report card: Transforming defense is only getting scarier",
                "uri": "550860822",
                "url": "http://nypost.com/2016/11/20/giants-report-card-transforming-defense-is-only-getting-scarier/",
                "wgt": 1
            },
            {
                "body": "Giants' throwback, bruising blueprint comes with nail-biting -- and glory\n\nEvery now and again, the buzz inside Madison Square Garden lets you know what the people want, where they want this Knicks team to go -- where, specifically, they would like the basketball to go.\n\nSometimes, Kristaps ...",
                "date": "2016-11-20",
                "id": "11889073",
                "isDuplicate": false,
                "lang": "eng",
                "sim": 0.6352941393852234,
                "source": {
                    "id": "13",
                    "title": "New York Post",
                    "uri": "nypost.com"
                },
                "time": "22:39:00",
                "title": "This is why Knicks are still Carmelo's team  --  no matter your yells",
                "uri": "550856820",
                "url": "http://nypost.com/2016/11/20/this-is-why-knicks-are-still-carmelos-team-no-matter-your-yells/",
                "wgt": 1
            },
            {
                "body": "The cop injured during a fatal shooting of a Brooklyn man was released from the hospital on Sunday -- as the dead man's kin insisted he wasn't a violent threat.\n\nMore than 40 cheering NYPD officers at Jamaica Hospital greeted their colleague, Andris Bisogno as he was wheeled out, his left arm in ...",
                "date": "2016-11-20",
                "id": "11887177",
                "isDuplicate": false,
                "lang": "eng",
                "sim": 0,
                "source": {
                    "id": "13",
                    "title": "New York Post",
                    "uri": "nypost.com"
                },
                "time": "22:20:00",
                "title": "Cop released from hospital after being injured in shootout",
                "uri": "550851556",
                "url": "http://nypost.com/2016/11/20/cop-released-from-hospital-after-being-injured-in-shootout/",
                "wgt": 1
            },
            {
                "body": "Donald Trump says his wife, Melania, and their son, Barron, will move to the White House \"right after he finishes school\" next year.\n\nAn aide to the president-elect had suggested earlier that the Trumps are reluctant to move their 10-year-old son from New York to Washington during the school ...",
                "date": "2016-11-20",
                "id": "11884443",
                "isDuplicate": false,
                "lang": "eng",
                "sim": 0.5098039507865906,
                "source": {
                    "id": "13",
                    "title": "New York Post",
                    "uri": "nypost.com"
                },
                "time": "21:54:00",
                "title": "Trump family to move to White House when school ends",
                "uri": "550843416",
                "url": "http://nypost.com/2016/11/20/trump-family-to-move-to-white-house-when-school-ends/",
                "wgt": 1
            },
            {
                "body": "WASHINGTON - Donald Trump's team is standing by a proposed crackdown on New York City and other municipalities that help shelter undocumented immigrants from deportations.\n\nTrump's newly named chief of staff Reince Priebus said Sunday Trump is \"looking into\" cutting millions of funding to so-called ...",
                "date": "2016-11-20",
                "id": "11883551",
                "isDuplicate": false,
                "lang": "eng",
                "sim": 0.5647059082984924,
                "source": {
                    "id": "13",
                    "title": "New York Post",
                    "uri": "nypost.com"
                },
                "time": "21:44:00",
                "title": "Priebus: Trump considering fund cuts for sanctuary cities",
                "uri": "550840826",
                "url": "http://nypost.com/2016/11/20/priebus-trump-considering-fund-cuts-for-sanctuary-cities/",
                "wgt": 1
            },
            {
                "body": "It wasn't pretty, but the Giants kept on rolling Sunday afternoon.\n\nTwo second-half touchdown passes by Eli Manning and another fourth-quarter defensive uprising handed Big Blue their fifth consecutive victory, a 22-16 decision over the lowly Bears at windy MetLife Stadium.\n\nJay Cutler was driving ...",
                "date": "2016-11-20",
                "id": "11881376",
                "isDuplicate": false,
                "lang": "eng",
                "sim": 0.658823549747467,
                "source": {
                    "id": "13",
                    "title": "New York Post",
                    "uri": "nypost.com"
                },
                "time": "21:26:00",
                "title": "Giants defense shuts the door to finish rollicking comeback",
                "uri": "550834546",
                "url": "http://nypost.com/2016/11/20/giants-defense-shuts-the-door-to-finish-rollicking-comeback/",
                "wgt": 1
            },
            {
                "body": "Knicks crack down on defense as Hornacek pinpoints hustle issue\n\nKnicks rookie center Marshall Plumlee had visions of how his NBA debut would come about, but could never have imagined this, arriving midway through the first quarter after a harried commute and dash through the streets of ...",
                "date": "2016-11-20",
                "id": "11880299",
                "isDuplicate": false,
                "lang": "eng",
                "sim": 0.8941176533699036,
                "source": {
                    "id": "13",
                    "title": "New York Post",
                    "uri": "nypost.com"
                },
                "time": "21:15:00",
                "title": "Marshall Plumlee's 'crazy' dash to Knicks debut: Cabbie bribe, NYC",
                "uri": "550831293",
                "url": "http://nypost.com/2016/11/20/marshall-plumlees-crazy-dash-to-knicks-debut-cabbie-bribe-nyc-sprint/",
                "wgt": 1
            },
            {
                "body": "SAN ANTONIO -- A San Antonio police officer writing out a traffic ticket to a motorist was shot to death in his squad car Sunday outside police headquarters by another driver who pulled up from behind, authorities said.\n\nSan Antonio police Chief William McManus said the suspect is not known and has ...",
                "date": "2016-11-20",
                "id": "11877181",
                "isDuplicate": true,
                "lang": "eng",
                "sim": 0,
                "source": {
                    "id": "13",
                    "title": "New York Post",
                    "uri": "nypost.com"
                },
                "time": "20:47:00",
                "title": "San Antonio police officer fatally shot while writing ticket",
                "uri": "550821123",
                "url": "http://nypost.com/2016/11/20/san-antonio-police-officer-fatally-shot-while-writing-ticket/",
                "wgt": 1
            },
            {
                "body": "The Minnesota Vikings came out of the tunnel pumped up to end their four-game losing skid against the Arizona Cardinals. There was just one problem: A FOX Sports sound guy cut across at the worst moment.\n\nAs you can see in the video below, parab operator Bernie Beaudry tried to make it across the ...",
                "date": "2016-11-20",
                "id": "11876486",
                "isDuplicate": false,
                "lang": "eng",
                "sim": 0.4470588266849518,
                "source": {
                    "id": "13",
                    "title": "New York Post",
                    "uri": "nypost.com"
                },
                "time": "20:40:00",
                "title": "Pumped-up Vikings obliterate poor TV sound guy",
                "uri": "550818821",
                "url": "http://nypost.com/2016/11/20/pumped-up-vikings-obliterate-poor-tv-sound-guy/",
                "wgt": 1
            },
            {
                "body": "Police are investigating the death of a 19-year-old man after his mother found him lying on the floor of the family's Bronx apartment on Sunday, authorities said.\n\nThe woman discovered her son, Jose Hart, unconscious at their home on Westchester Avenue and dialed 911 around 12:30 p.m.\n\nPolice and ...",
                "date": "2016-11-20",
                "id": "11875425",
                "isDuplicate": false,
                "lang": "eng",
                "sim": 0.6901960968971252,
                "source": {
                    "id": "13",
                    "title": "New York Post",
                    "uri": "nypost.com"
                },
                "time": "20:31:00",
                "title": "Teen found dead in family home",
                "uri": "550815556",
                "url": "http://nypost.com/2016/11/20/teen-found-dead-in-family-home/",
                "wgt": 1
            },
            {
                "body": "WASHINGTON -- Former Massachusetts Gov. Mitt Romney is under \"serious\" consideration to serve his one-time nemesis, Donald Trump, after a successful meeting over the weekend, according to the vice president elect.\n\n\"Governor Romney is under active and serious consideration to serve as Secretary of ...",
                "date": "2016-11-20",
                "id": "11874299",
                "isDuplicate": false,
                "lang": "eng",
                "sim": 0.4901960790157318,
                "source": {
                    "id": "13",
                    "title": "New York Post",
                    "uri": "nypost.com"
                },
                "time": "20:19:00",
                "title": "Mitt Romney under 'serious consideration' for Secretary of State",
                "uri": "550812252",
                "url": "http://nypost.com/2016/11/20/mitt-romney-under-serious-consideration-for-secretary-of-state-position/",
                "wgt": 1
            },
            {
                "body": "How Thanksgiving went from a day of prayer to a day of feasting\n\nThis is one Turkey Day tradition Frank Sinatra would give thanks for.\n\nThe historic Antique Bakery (now Antique Bar and Bakery) in Hoboken, NJ, which Sinatra frequented for its famous bread, will reopen its doors this Thanksgiving to ...",
                "date": "2016-11-20",
                "id": "11873392",
                "isDuplicate": false,
                "lang": "eng",
                "sim": 0,
                "source": {
                    "id": "13",
                    "title": "New York Post",
                    "uri": "nypost.com"
                },
                "time": "20:10:00",
                "title": "Sinatra's favorite bakery will roast locals' turkeys for free",
                "uri": "550809478",
                "url": "http://nypost.com/2016/11/20/sinatras-favorite-bakery-will-roast-locals-turkeys-for-free/",
                "wgt": 1
            },
            {
                "body": "LAS VEGAS -- Boxing got what it needed Saturday night at T-Mobile Arena: fans clamoring for a rematch for all the right reasons.\n\nAndre Ward and Sergey Kovalev will meet again real soon, and figure their rematch to be bigger than their pay-per-view rumble Saturday night that ended with Ward ...",
                "date": "2016-11-20",
                "id": "11872781",
                "isDuplicate": false,
                "lang": "eng",
                "sim": 0.7647058963775635,
                "source": {
                    "id": "13",
                    "title": "New York Post",
                    "uri": "nypost.com"
                },
                "time": "20:05:00",
                "title": "Ward-Kovalev was no robbery and everything boxing needed",
                "uri": "550807595",
                "url": "http://nypost.com/2016/11/20/ward-kovalev-was-no-robbery-and-everything-boxing-needed/",
                "wgt": 1
            },
            {
                "body": "The president-elect has found someone who likes to rant on Twitter just as much as him -- and he portrays the tweeter-in-chief on \"Saturday Night Live.\"\n\nFormer \"30 Rock\" actor Alec Baldwin, know for his own Twitter rants in the past, was back at it hours after he reprised his Trump impersonation on ...",
                "date": "2016-11-20",
                "id": "11872747",
                "isDuplicate": false,
                "lang": "eng",
                "sim": 0.6235294342041016,
                "source": {
                    "id": "13",
                    "title": "New York Post",
                    "uri": "nypost.com"
                },
                "time": "20:05:00",
                "title": "Alec Baldwin goes on his own Twitter rant against Trump",
                "uri": "550807601",
                "url": "http://nypost.com/2016/11/20/alec-baldwin-goes-on-his-own-twitter-rant-against-trump/",
                "wgt": 1
            },
            {
                "body": "Derrick Rose won't be bullied into selling his Trump property\n\nNo Noah meant no problem for the Knicks as they continued their might at the Garden.\n\nWith Kyle O'Quinn and rookie Willy Hernangomez supplying a rugged center tag-team to make up for Joakim Noah's Sunday-morning sickness and Carmelo ...",
                "date": "2016-11-20",
                "id": "11870124",
                "isDuplicate": false,
                "lang": "eng",
                "sim": 0.6352941393852234,
                "source": {
                    "id": "13",
                    "title": "New York Post",
                    "uri": "nypost.com"
                },
                "time": "19:41:00",
                "title": "Knicks' big men duo, guard duo come alive in uplifting win",
                "uri": "550800173",
                "url": "http://nypost.com/2016/11/20/knicks-big-men-duo-guard-duo-come-alive-in-uplifting-win/",
                "wgt": 1
            },
            {
                "body": "Governor Cuomo on Sunday announced a new statewide anti-hate crime force as the city's top cop blamed the increase in these crimes on the rhetoric surrounding the presidential campaign.\n\n\"New York is, and will always be, a place of acceptance, inclusion and a bastion of hope for all people,\" Cuomo ...",
                "date": "2016-11-20",
                "id": "11867718",
                "isDuplicate": false,
                "lang": "eng",
                "sim": 0,
                "source": {
                    "id": "13",
                    "title": "New York Post",
                    "uri": "nypost.com"
                },
                "time": "19:18:00",
                "title": "Cuomo creating statewide anti-hate crime force",
                "uri": "550793237",
                "url": "http://nypost.com/2016/11/20/cuomo-creating-statewide-anti-hate-crime-force/",
                "wgt": 1
            },
            {
                "body": "Donald Trump got advice on assembling his White House entourage from an unusual source on Sunday -- the talent agent who scored his TV deal for \"The Apprentice.\"\n\nAri Emanuel -- famed as the inspiration for Jeremy Piven's \"Ari Gold\" character on HBO's \"Entourage\" -- arrived for a sit-down at the ...",
                "date": "2016-11-20",
                "id": "11867709",
                "isDuplicate": false,
                "lang": "eng",
                "sim": 0.7411764860153198,
                "source": {
                    "id": "13",
                    "title": "New York Post",
                    "uri": "nypost.com"
                },
                "time": "19:18:00",
                "title": "Donald Trump gets advice from Hollywood agent Ari Emanuel",
                "uri": "550793233",
                "url": "http://nypost.com/2016/11/20/donald-trump-gets-advice-from-hollywood-agent-ari-emanuel/",
                "wgt": 1
            },
            {
                "body": "The upstate carpenter convicted Monday of killing a rape suspect will appeal, as the dead man's sister declared \"justice was done.\"\n\nAn Orange County jury found David Carlson, 45, guilty of first-degree manslaughter for blasting Norris Acosta Sanchez, 39, in the head with a 12-gauge shotgun in ...",
                "date": "2016-11-20",
                "id": "11866426",
                "isDuplicate": false,
                "lang": "eng",
                "sim": 0,
                "source": {
                    "id": "13",
                    "title": "New York Post",
                    "uri": "nypost.com"
                },
                "time": "19:06:00",
                "title": "Man convicted in suspected child rapist's murder will appeal",
                "uri": "550789691",
                "url": "http://nypost.com/2016/11/20/man-convicted-in-suspected-child-rapists-murder-will-appeal/",
                "wgt": 1
            },
            {
                "body": "A Staten Island woman suffered every parent's nightmare Saturday: She watched helplessly as a car thief drove away with her baby son in the back seat.\n\nBut there was a happy ending for mom Christine Grosso and dad Mike Keller, as their 3-month-old son, Liam, was found safe and sound on a Brooklyn ...",
                "date": "2016-11-20",
                "id": "11862223",
                "isDuplicate": false,
                "lang": "eng",
                "sim": 0.5607843399047852,
                "source": {
                    "id": "13",
                    "title": "New York Post",
                    "uri": "nypost.com"
                },
                "time": "18:31:00",
                "title": "Mom watches in horror as car thief drives off with her baby",
                "uri": "550777829",
                "url": "http://nypost.com/2016/11/20/mom-watches-in-horror-as-car-thief-drives-off-with-her-baby/",
                "wgt": 1
            },
            {
                "body": "PUKHRAYAN, India -- Rescuers worked through the night to pull people out of mangled coaches after an overnight passenger train derailed early Sunday in northern India, killing at least 115 people, police said.\n\nThe death toll was expected to rise further because rescue workers had yet to gain access ...",
                "date": "2016-11-20",
                "id": "11862217",
                "isDuplicate": false,
                "lang": "eng",
                "sim": 0.8196078538894653,
                "source": {
                    "id": "13",
                    "title": "New York Post",
                    "uri": "nypost.com"
                },
                "time": "18:30:00",
                "title": "Several still trapped after train derailment in India kills over 100",
                "uri": "550777716",
                "url": "http://nypost.com/2016/11/20/several-still-trapped-after-train-derailment-in-india-kills-over-100/",
                "wgt": 1
            },
            {
                "body": "Bengals receiver A.J. Green was carted off the field on their first possession Sunday against the Bills, and on their first defensive play linebacker Vontaze Burfict had to exit.\n\nGreen got his right foot caught awkwardly as he tried to make a contested catch on Cincinnati's first pass of the game. ...",
                "date": "2016-11-20",
                "id": "11862180",
                "isDuplicate": false,
                "lang": "eng",
                "sim": 0,
                "source": {
                    "id": "13",
                    "title": "New York Post",
                    "uri": "nypost.com"
                },
                "time": "18:30:00",
                "title": "The Bengals opened up with absolute disaster",
                "uri": "550777711",
                "url": "http://nypost.com/2016/11/20/the-bengals-opened-up-with-absolute-disaster/",
                "wgt": 1
            },
            {
                "body": "An allegedly poop-obsessed Broadway producer is being sued again by her household help, with a second maid accusing her of stiffing her on overtime pay.\n\nBarbara Manocherian, who helped produce \"Hair\" and \"Sunday in the Park with George,\" was sued last month by Maria Patel, who described the ...",
                "date": "2016-11-20",
                "id": "11861058",
                "isDuplicate": false,
                "lang": "eng",
                "sim": 0,
                "source": {
                    "id": "13",
                    "title": "New York Post",
                    "uri": "nypost.com"
                },
                "time": "18:20:00",
                "title": "Broadway big faces second lawsuit for allegedly not paying maid",
                "uri": "550774556",
                "url": "http://nypost.com/2016/11/20/broadway-big-faces-second-lawsuit-for-allegedly-not-paying-maid/",
                "wgt": 1
            },
            {
                "body": "Police Commissioner James O'Neill said during a radio interview Sunday that he thinks the recent spike in hate crimes in New York City may have something to do with the divisive rhetoric espoused during the recent presidential race.\n\n\"You've been paying attention to what's been going on in the ...",
                "date": "2016-11-20",
                "id": "11860275",
                "isDuplicate": false,
                "lang": "eng",
                "sim": 0,
                "source": {
                    "id": "13",
                    "title": "New York Post",
                    "uri": "nypost.com"
                },
                "time": "18:14:00",
                "title": "Hate crime spike is due to election rhetoric: NYPD Commissioner",
                "uri": "550772542",
                "url": "http://nypost.com/2016/11/20/hate-crime-spike-is-due-to-election-rhetoric-nypd-commissioner/",
                "wgt": 1
            },
            {
                "body": "Steve Kerr's advice for Cubs, the baseball equal of his Warriors\n\nGolden State Warriors coach Steve Kerr has been fined $25,000 by the NBA for publicly criticizing officiating.\n\nThe penalty announced Sunday was for comments Kerr made during a radio interview on Thursday, when he complained about how ...",
                "date": "2016-11-20",
                "id": "11858302",
                "isDuplicate": false,
                "lang": "eng",
                "sim": 0.8901960849761963,
                "source": {
                    "id": "13",
                    "title": "New York Post",
                    "uri": "nypost.com"
                },
                "time": "17:58:00",
                "title": "Steve Kerr fined for saying what everyone says about NBA walks",
                "uri": "550766896",
                "url": "http://nypost.com/2016/11/20/steve-kerr-fined-for-saying-what-everyone-says-about-nba-walks/",
                "wgt": 1
            },
            {
                "body": "These are the perceptive, sharp eyes that the Yankees swooned over when Phil Hughes was maturing through their system. But the right-hander is shutting down Alex Rodriguez these days, not opposing bats.\n\nHughes, now 30 and happily in Minnesota, has emerged as the unlikely foil for Rodriguez's ...",
                "date": "2016-11-20",
                "id": "11852045",
                "isDuplicate": false,
                "lang": "eng",
                "sim": 0,
                "source": {
                    "id": "13",
                    "title": "New York Post",
                    "uri": "nypost.com"
                },
                "time": "17:07:00",
                "title": "Phil Hughes won't stop trolling A-Rod on Twitter",
                "uri": "550750617",
                "url": "http://nypost.com/2016/11/20/phil-hughes-wont-stop-trolling-a-rod-on-twitter/",
                "wgt": 1
            },
            {
                "body": "A couple walking through the Upper West Side had anti-white statements spewed at them before suspects struck the man in the face with a skateboard and robbed him, authorities said.\n\nThe 61-year-old man was walking with a 54-year-old woman near the corner of West End Avenue near West 77th Street when ...",
                "date": "2016-11-20",
                "id": "11849295",
                "isDuplicate": false,
                "lang": "eng",
                "sim": 0,
                "source": {
                    "id": "13",
                    "title": "New York Post",
                    "uri": "nypost.com"
                },
                "time": "16:45:00",
                "title": "Robbery suspects yelled anti-white slurs at victims",
                "uri": "550743361",
                "url": "http://nypost.com/2016/11/20/robbery-suspects-yelled-anti-white-slurs-at-victims/",
                "wgt": 1
            },
            {
                "body": "He gets paid nearly $100,000 a year by CUNY, but has \"zero work\" to do -- and he's sick of it.\n\nHarendra \"Harold\" Sirisena was director of the bursar's office at \u200bthe New York City College of Technology in Brooklyn for eight years, responsible for all financial matters, including tuition ...",
                "date": "2016-11-20",
                "id": "11847888",
                "isDuplicate": false,
                "lang": "eng",
                "sim": 0,
                "source": {
                    "id": "13",
                    "title": "New York Post",
                    "uri": "nypost.com"
                },
                "time": "16:37:00",
                "title": "CUNY staffer complains about earning $100K for 'zero work'",
                "uri": "550740070",
                "url": "http://nypost.com/2016/11/20/cuny-staffer-complains-about-earning-100k-for-zero-work/",
                "wgt": 1
            },
            {
                "body": "WASHINGTON -- Two days after being booed and lectured at Hamilton, Mike Pence Sunday called the musical \"incredible\" - breaking from Donald Trump who has demanded the \"highly overrated\" Broadway cast apologize to his running mate.\n\n\"Hamilton is just an incredible production,\" Pence said of the ...",
                "date": "2016-11-20",
                "id": "11847789",
                "isDuplicate": false,
                "lang": "eng",
                "sim": 0.6666666865348816,
                "source": {
                    "id": "13",
                    "title": "New York Post",
                    "uri": "nypost.com"
                },
                "time": "16:36:00",
                "title": "Mike Pence raves about 'Hamilton' despite boos",
                "uri": "550739810",
                "url": "http://nypost.com/2016/11/20/mike-pence-calls-hamilton-incredible-despite-boos/",
                "wgt": 1
            },
            {
                "body": "Fashion photographer Sante D'Orazio rose to fame shooting supermodels -- often in various states of undress -- in the 1980s and '90s. Among the women he's talked out of their clothes are Stephanie Seymour, Heidi Klum, Kate Moss, Angelina Jolie and Janet Jackson.\n\n\"When I was starting out, these ...",
                "date": "2016-11-20",
                "id": "11840720",
                "isDuplicate": false,
                "lang": "eng",
                "sim": 0,
                "source": {
                    "id": "13",
                    "title": "New York Post",
                    "uri": "nypost.com"
                },
                "time": "15:40:00",
                "title": "How this photog got the hottest models to loosen for the camera",
                "uri": "550721040",
                "url": "http://nypost.com/2016/11/20/how-this-photog-got-the-hottest-models-to-loosen-for-the-camera/",
                "wgt": 1
            },
            {
                "body": "Tony Romo's future in Dallas is uncertain. Given the emergence of Dak Prescott as the quarterback of the future, and the team's overwhelming success with him under center, Romo may not have a place on the roster in 2017.\n\nThere are a handful of scenarios that could play out in the future. He could ...",
                "date": "2016-11-20",
                "id": "11839549",
                "isDuplicate": true,
                "lang": "eng",
                "sim": 0,
                "source": {
                    "id": "13",
                    "title": "New York Post",
                    "uri": "nypost.com"
                },
                "time": "15:31:00",
                "title": "Tony Romo already has his next team in mind",
                "uri": "550717861",
                "url": "http://nypost.com/2016/11/20/tony-romo-already-has-his-next-team-in-mind/",
                "wgt": 1
            },
            {
                "body": "Retired Marine Gen. James \"Mad Dog\" Mattis has an inside track to lead the Department of Defense - so said the leatherneck's potential boss, Donald Trump, on Sunday.\n\nTrump met with Mattis on Saturday and apparently left the confab highly impressed by the general, who served as head of US Central ...",
                "date": "2016-11-20",
                "id": "11839104",
                "isDuplicate": false,
                "lang": "eng",
                "sim": 0.5215686559677124,
                "source": {
                    "id": "13",
                    "title": "New York Post",
                    "uri": "nypost.com"
                },
                "time": "15:26:00",
                "title": "Retired general eyed as Trump's defense secretary",
                "uri": "550716603",
                "url": "http://nypost.com/2016/11/20/retired-general-eyed-as-trumps-defense-secretary/",
                "wgt": 1
            },
            {
                "body": "Donald Trump doubled down on his hate of \"Hamilton\" on Sunday and called the Broadway smash \"overrated\" before he launched into a new attack on \"Saturday Night Live.\"\n\nAt 6:22 a.m., Trump again called for \"Hamilton\" cast and producers to apologize to Pence for having the audacity of asking him to ...",
                "date": "2016-11-20",
                "id": "11834878",
                "isDuplicate": false,
                "lang": "eng",
                "sim": 0.7333333492279053,
                "source": {
                    "id": "13",
                    "title": "New York Post",
                    "uri": "nypost.com"
                },
                "time": "14:51:00",
                "title": "Trump won't stop tweeting about 'Hamilton'",
                "uri": "550705619",
                "url": "http://nypost.com/2016/11/20/trump-wont-stop-tweeting-about-hamilton/",
                "wgt": 1
            },
            {
                "body": "Trump win a necessary tonic against the arrogant liberal establishment\n\nElections have consequences and an obvious one now is your distress. Your grief over Hillary Clinton's defeat is understandable, but your rage over Donald Trump's victory is not.\n\nYet instead of searching for the reasons, you ...",
                "date": "2016-11-20",
                "id": "11815408",
                "isDuplicate": false,
                "lang": "eng",
                "sim": 0,
                "source": {
                    "id": "13",
                    "title": "New York Post",
                    "uri": "nypost.com"
                },
                "time": "12:01:00",
                "title": "Dear liberals: Start practicing the empathy you preach",
                "uri": "550649977",
                "url": "http://nypost.com/2016/11/20/dear-liberals-start-practicing-the-empathy-you-preach/",
                "wgt": 1
            },
            {
                "body": "In response to soaring housing costs, NYU is rolling out a pilot program in the fall that would let students live in the spare bedrooms of local senior citizens.\n\n\"We are extremely enthusiastic about the program,\" said Ellen Schall, chair of NYU's Affordability Steering Committee. \"The cost of ...",
                "date": "2016-11-20",
                "id": "11814133",
                "isDuplicate": false,
                "lang": "eng",
                "sim": 0.772549033164978,
                "source": {
                    "id": "13",
                    "title": "New York Post",
                    "uri": "nypost.com"
                },
                "time": "11:49:00",
                "title": "NYU plans to house local senior citizens with students",
                "uri": "550646625",
                "url": "http://nypost.com/2016/11/20/nyu-plans-to-house-local-senior-citizens-with-students/",
                "wgt": 1
            },
            {
                "body": "Chelsea Clinton used foundation to help pay for wedding: email\n\nDonations to the Clinton Foundation nose-dived last year amid Hillary Clinton's presidential run, pay-to-play allegations, internal strife and a black mark from a charity watchdog.\n\nContributions fell by 37 percent to $108 million, down ...",
                "date": "2016-11-20",
                "id": "11812141",
                "isDuplicate": false,
                "lang": "eng",
                "sim": 0.7411764860153198,
                "source": {
                    "id": "13",
                    "title": "New York Post",
                    "uri": "nypost.com"
                },
                "time": "11:30:00",
                "title": "Donations to Clinton Foundation fell by 37 percent",
                "uri": "550641128",
                "url": "http://nypost.com/2016/11/20/donations-to-clinton-foundation-fell-by-37-percent/",
                "wgt": 1
            },
            {
                "body": "Artist Virginie Sommet says that after her split with Gary Clare, he glued the locks of her gallery door and scrawled \"bitch\" and \"slumlord\" on the walls; stole her mail; called 50 of her friends and family threatening suicide; used more than 40 pseudonyms to pepper the Internet with defamatory ...",
                "date": "2016-11-20",
                "id": "11810981",
                "isDuplicate": false,
                "lang": "eng",
                "sim": 0,
                "source": {
                    "id": "13",
                    "title": "New York Post",
                    "uri": "nypost.com"
                },
                "time": "11:19:00",
                "title": "Artist sues ex for online harassment that damaged her business",
                "uri": "550637667",
                "url": "http://nypost.com/2016/11/20/artist-sues-ex-for-online-harassment-that-damaged-her-business/",
                "wgt": 1
            },
            {
                "body": "The 9/11 Memorial and Museum's first full year of operation ended in the red, with costs outstripping revenues by $25.2 million, The Post has learned.\n\nThe private nonprofit foundation, chaired by former Mayor Mike Bloomberg, racked up $108\u2009million in expenses but took in only $87.3 million, ...",
                "date": "2016-11-20",
                "id": "11810421",
                "isDuplicate": false,
                "lang": "eng",
                "sim": 0,
                "source": {
                    "id": "13",
                    "title": "New York Post",
                    "uri": "nypost.com"
                },
                "time": "11:14:00",
                "title": "9/11 Memorial and Museum loses $25M in first full year",
                "uri": "550635915",
                "url": "http://nypost.com/2016/11/20/911-memorial-and-museum-loses-25m-in-first-full-year/",
                "wgt": 1
            },
            {
                "body": "On a clear day, you can see forever -- unless you're trying to look out of the windows of the celebrated Frank Gehry building in Chelsea.\n\nThe curvy, twisted glass facade of media mogul Barry Diller's IAC Building on West 18th Street and 11th Avenue is facing a sticky problem: The window sealant has ...",
                "date": "2016-11-20",
                "id": "11810430",
                "isDuplicate": false,
                "lang": "eng",
                "sim": 0,
                "source": {
                    "id": "13",
                    "title": "New York Post",
                    "uri": "nypost.com"
                },
                "time": "11:14:00",
                "title": "Frank Gehry building has globs of sealant falling from windows",
                "uri": "550635918",
                "url": "http://nypost.com/2016/11/20/frank-gehry-building-has-globs-of-sealant-falling-from-windows/",
                "wgt": 1
            },
            {
                "body": "The state could be in line to get billions of dollars to build infrastructure, stimulate the economy and guard against terrorist attack during a Trump presidency.\n\nSenate Minority Leader Chuck Schumer doesn't anticipate New York will get shortchanged once again when it comes to anti-terrorism ...",
                "date": "2016-11-20",
                "id": "11809444",
                "isDuplicate": false,
                "lang": "eng",
                "sim": 0,
                "source": {
                    "id": "13",
                    "title": "New York Post",
                    "uri": "nypost.com"
                },
                "time": "11:06:00",
                "title": "Trump's presidency could mean big benefits for New York",
                "uri": "550633422",
                "url": "http://nypost.com/2016/11/20/trumps-presidency-could-mean-big-benefits-for-new-york/",
                "wgt": 1
            },
            {
                "body": "Dr. Robert Kelly, who jumped from his post as president of New York-Presbyterian Hospital after having an extramarital affair, landed with a $6.4 million golden parachute, new documents show.\n\nKelly, whose abrupt resignation in September 2015 was only later revealed to be because of the affair, ...",
                "date": "2016-11-20",
                "id": "11808176",
                "isDuplicate": false,
                "lang": "eng",
                "sim": 0,
                "source": {
                    "id": "13",
                    "title": "New York Post",
                    "uri": "nypost.com"
                },
                "time": "10:53:00",
                "title": "Doctor who had affair was given $6.4M to walk away",
                "uri": "550629596",
                "url": "http://nypost.com/2016/11/20/doctor-who-had-affair-was-given-6-4m-to-walk-away/",
                "wgt": 1
            },
            {
                "body": "President-elect Donald Trump met last week with three Indian business partners who visited him at his offices in Trump Tower -- alarming critics who question how he'll separate his business and government work.\n\n\"It was not a formal meeting of any kind,\" a Trump spokeswoman said of the meet-up with ...",
                "date": "2016-11-20",
                "id": "11808179",
                "isDuplicate": false,
                "lang": "eng",
                "sim": 0.4705882370471954,
                "source": {
                    "id": "13",
                    "title": "New York Post",
                    "uri": "nypost.com"
                },
                "time": "10:53:00",
                "title": "Trump continues to have meetings about his business",
                "uri": "550629603",
                "url": "http://nypost.com/2016/11/20/trump-continues-to-have-meetings-about-his-business/",
                "wgt": 1
            },
            {
                "body": "Future First Lady Melania Trump and son Barron will not be moving to the White House after Donald Trump's inauguration in January, The Post has learned.\n\nThe president-elect's 46-year-old wife and their 10-year-old son are staying put at the family's glitzy Trump Tower penthouse so that Barron can ...",
                "date": "2016-11-20",
                "id": "11808188",
                "isDuplicate": false,
                "lang": "eng",
                "sim": 0.8784313797950745,
                "source": {
                    "id": "13",
                    "title": "New York Post",
                    "uri": "nypost.com"
                },
                "time": "10:53:00",
                "title": "Melania and Barron Trump won't be moving to the White House",
                "uri": "550629599",
                "url": "http://nypost.com/2016/11/20/melania-and-barron-trump-wont-be-moving-to-the-white-house/",
                "wgt": 1
            },
            {
                "body": "A pregnant Bronx woman claims she got the boot from selling Skechers because of her big belly.\n\nShareem Lloyd says a manager at the Times Square store shouted, \"Look at her stomach; it's too big!\"\n\nWhen she asked, on doctor's orders, for a shorter work day, she was kicked off the schedule for ...",
                "date": "2016-11-20",
                "id": "11806351",
                "isDuplicate": false,
                "lang": "eng",
                "sim": 0,
                "source": {
                    "id": "13",
                    "title": "New York Post",
                    "uri": "nypost.com"
                },
                "time": "10:37:00",
                "title": "Woman says Skechers fired her because she was pregnant",
                "uri": "550624910",
                "url": "http://nypost.com/2016/11/20/woman-says-skechers-fired-her-because-she-was-pregnant/",
                "wgt": 1
            },
            {
                "body": "{* #userInformationForm *} {* traditionalSignIn_emailAddress *} {* traditionalSignIn_password *} {* traditionalSignIn_signInButton *} {* /userInformationForm *} {* #registrationForm *} {* traditionalRegistration_emailAddress *} {* traditionalRegistration_password *} {* ...",
                "date": "2016-11-20",
                "id": "11806341",
                "isDuplicate": true,
                "lang": "eng",
                "sim": 0,
                "source": {
                    "id": "13",
                    "title": "New York Post",
                    "uri": "nypost.com"
                },
                "time": "10:36:00",
                "title": "Mom in China wants to boot daughter from NYC pad: suit",
                "uri": "550624906",
                "url": "http://nypost.com/2016/11/20/mom-in-china-wants-to-boot-daughter-from-nyc-pad-suit/",
                "wgt": 1
            },
            {
                "body": "Council Speaker Mark-Viverito reveals she was sexually abused as a child\n\nNearly 500 protesters marched to Trump Tower from Queens on Saturday to protest what they called the \"racist, sexist, anti-gay\" views of President-elect Donald Trump.\n\nThe march across the 59th Street Bridge to the Fifth ...",
                "date": "2016-11-20",
                "id": "11803636",
                "isDuplicate": false,
                "lang": "eng",
                "sim": 0,
                "source": {
                    "id": "13",
                    "title": "New York Post",
                    "uri": "nypost.com"
                },
                "time": "10:13:00",
                "title": "Melissa Mark-Viverito leads 500 protesters to Trump Tower",
                "uri": "550616029",
                "url": "http://nypost.com/2016/11/20/melissa-mark-viverito-leads-500-protesters-to-trump-tower/",
                "wgt": 1
            },
            {
                "body": "British officials plan to invite President-elect Donald Trump and his wife, Melania, to meet Queen Elizabeth II next summer in an attempt to cozy up him.\n\nThe courtesy is being used as a \"secret weapon\" by the British government to coax Trump into securing a free-trade deal with them and to ...",
                "date": "2016-11-20",
                "id": "11803101",
                "isDuplicate": false,
                "lang": "eng",
                "sim": 0,
                "source": {
                    "id": "13",
                    "title": "New York Post",
                    "uri": "nypost.com"
                },
                "time": "10:08:00",
                "title": "Britain plans to invite Trump to meet Queen Elizabeth II",
                "uri": "550614047",
                "url": "http://nypost.com/2016/11/20/britain-plans-to-invite-trump-to-meet-queen-elizabeth-ii/",
                "wgt": 1
            },
            {
                "body": "Nick Denton may have filed for bankruptcy, but he has no plans of letting go of his lavish lifestyle.\n\nThe Gawker founder, who filed for personal bankruptcy in August after being held liable in a $125 million lawsuit with Hulk Hogan, still provides his husband with a $1,550 monthly allowance and ...",
                "date": "2016-11-20",
                "id": "11802166",
                "isDuplicate": false,
                "lang": "eng",
                "sim": 0,
                "source": {
                    "id": "13",
                    "title": "New York Post",
                    "uri": "nypost.com"
                },
                "time": "09:58:00",
                "title": "Nick Denton still lives lavish lifestyle despite filing for bankruptcy",
                "uri": "550610183",
                "url": "http://nypost.com/2016/11/20/nick-denton-still-lives-lavish-lifestyle-despite-filing-for-bankruptcy/",
                "wgt": 1
            },
            {
                "body": "{* #userInformationForm *} {* traditionalSignIn_emailAddress *} {* traditionalSignIn_password *} {* traditionalSignIn_signInButton *} {* /userInformationForm *} {* #registrationForm *} {* traditionalRegistration_emailAddress *} {* traditionalRegistration_password *} {* ...",
                "date": "2016-11-20",
                "id": "11801301",
                "isDuplicate": true,
                "lang": "eng",
                "sim": 0,
                "source": {
                    "id": "13",
                    "title": "New York Post",
                    "uri": "nypost.com"
                },
                "time": "09:49:00",
                "title": "Sex offender jumps to death from George Washington Bridge",
                "uri": "550606148",
                "url": "http://nypost.com/2016/11/20/sex-offender-jumps-to-death-from-george-washington-bridge/",
                "wgt": 1
            },
            {
                "body": "How the Thanksgiving Day Parade helped this couple fall in love\n\nIn 1873, Henry Vose, the so-called poultry king of Rhode Island, began to supply Thanksgiving turkeys to the White House, the start of a 40-year tradition. The first president to receive one of Vose's renowned fowls was Ulysses S. ...",
                "date": "2016-11-20",
                "id": "11799534",
                "isDuplicate": false,
                "lang": "eng",
                "sim": 0.4901960790157318,
                "source": {
                    "id": "13",
                    "title": "New York Post",
                    "uri": "nypost.com"
                },
                "time": "09:32:00",
                "title": "The turkey pardoning tradition may have started with a raccoon",
                "uri": "550599099",
                "url": "http://nypost.com/2016/11/20/the-turkey-pardoning-tradition-may-have-started-with-a-raccoon/",
                "wgt": 1
            },
            {
                "body": "Warren Beatty and Annette Bening could both win Oscars this year\n\nIt's contrary to the laws of nature for a tabloid writer to tell the gentry media not to go berserk. It's like a cat telling his owner to stop coughing up hairballs or Iron Man asking Captain America to be less arrogant. Here at The ...",
                "date": "2016-11-20",
                "id": "11794273",
                "isDuplicate": false,
                "lang": "eng",
                "sim": 0,
                "source": {
                    "id": "13",
                    "title": "New York Post",
                    "uri": "nypost.com"
                },
                "time": "08:39:00",
                "title": "Keep crying wolf about Trump, and no one will listen to a real crisis",
                "uri": "550584092",
                "url": "http://nypost.com/2016/11/20/keep-crying-wolf-about-trump-and-no-one-will-listen-to-a-real-crisis/",
                "wgt": 1
            },
            {
                "body": "Don't try to fly with these Thanksgiving leftovers in your carry-on\n\nIf you could travel back in time to 1621, tap a Pilgrim on the shoulder, and ask him to define \"Thanksgiving Day,\" his answer might surprise you. For the Pilgrims, a \"day of thanksgiving\" was not marked by feasting, family, and ...",
                "date": "2016-11-20",
                "id": "11794261",
                "isDuplicate": false,
                "lang": "eng",
                "sim": 0.7490196228027344,
                "source": {
                    "id": "13",
                    "title": "New York Post",
                    "uri": "nypost.com"
                },
                "time": "08:39:00",
                "title": "How Thanksgiving went from a day of prayer to a day of feasting",
                "uri": "550584085",
                "url": "http://nypost.com/2016/11/20/how-thanksgiving-went-from-a-day-of-prayer-to-a-day-of-feasting/",
                "wgt": 1
            },
            {
                "body": "Dear John: I recently undertook the excruciating experience of trying get a mortgage.\n\nIn doing so, I wasn't quick enough to get my contract back before the election because of much foot-dragging.\n\nAs I had correctly predicted, rates have gone up since the election. I was worried about that because ...",
                "date": "2016-11-20",
                "id": "11790210",
                "isDuplicate": false,
                "lang": "eng",
                "sim": 0.5764706134796143,
                "source": {
                    "id": "13",
                    "title": "New York Post",
                    "uri": "nypost.com"
                },
                "time": "08:01:00",
                "title": "If your mortgage rate goes up, blame the interest rates",
                "uri": "550573515",
                "url": "http://nypost.com/2016/11/20/if-your-mortgage-rate-goes-up-blame-the-interest-rates/",
                "wgt": 1
            },
            {
                "body": "Dear John: I agree wholeheartedly that there are two things President-elect Trump should say, either at his inauguration or upon the appointment of the next Attorney General, whichever is earlier.\n\nAnd that is that the laws of this country will be enforced against any and all. And that he will ...",
                "date": "2016-11-20",
                "id": "11790211",
                "isDuplicate": false,
                "lang": "eng",
                "sim": 0,
                "source": {
                    "id": "13",
                    "title": "New York Post",
                    "uri": "nypost.com"
                },
                "time": "08:01:00",
                "title": "Trump must commit to enforcing our laws and telling Americans the",
                "uri": "550573518",
                "url": "http://nypost.com/2016/11/20/trump-must-commit-to-enforcing-our-laws-and-telling-americans-the-truth/",
                "wgt": 1
            },
            {
                "body": "No overtime here, says one company owner -- that's the golden rule that helps keep employee productivity and satisfaction soaring at her Long Island-based company.\n\nDr. Bonnie Schnitta's response to her employees at SoundSense is straightforward: Overtime is effectively banned.\n\n\"If you make ...",
                "date": "2016-11-20",
                "id": "11788895",
                "isDuplicate": false,
                "lang": "eng",
                "sim": 0,
                "source": {
                    "id": "13",
                    "title": "New York Post",
                    "uri": "nypost.com"
                },
                "time": "07:47:00",
                "title": "One Long Island-based company's golden rule: no overtime",
                "uri": "550570103",
                "url": "http://nypost.com/2016/11/20/one-long-island-based-companys-golden-rule-no-overtime/",
                "wgt": 1
            },
            {
                "body": "Don't rule out a job applicant just because he has a criminal record\n\nThere's more seismic change about to rock the nation -- and workers like Michelle Herrera, who've toiled for low pay, say this tremor will raise compensation in the stagnant-wage economy.\n\nA new Obama administration rule, set to ...",
                "date": "2016-11-20",
                "id": "11788891",
                "isDuplicate": false,
                "lang": "eng",
                "sim": 0.5686274766921997,
                "source": {
                    "id": "13",
                    "title": "New York Post",
                    "uri": "nypost.com"
                },
                "time": "07:47:00",
                "title": "Obama's new overtime rule may lead to more job openings",
                "uri": "550570099",
                "url": "http://nypost.com/2016/11/20/obamas-new-overtime-rule-may-lead-to-more-job-openings/",
                "wgt": 1
            },
            {
                "body": "Bruce Springsteen may be a blue-collar hero to his many New Jersey fans, but The Boss' homes are strictly white collar when it comes to voting.\n\nWhen the ballots were tallied in Springsteen's hometown of Rumson, NJ, and in Colts Neck, NJ, where his horse farm is located, the vote was overwhelmingly ...",
                "date": "2016-11-20",
                "id": "11787660",
                "isDuplicate": false,
                "lang": "eng",
                "sim": 0,
                "source": {
                    "id": "13",
                    "title": "New York Post",
                    "uri": "nypost.com"
                },
                "time": "07:34:00",
                "title": "The Boss supported Clinton but his hometown voted Trump",
                "uri": "550566792",
                "url": "http://nypost.com/2016/11/20/the-boss-supported-clinton-but-his-hometown-voted-trump/",
                "wgt": 1
            },
            {
                "body": "Giants' throwback, bruising blueprint comes with nail-biting -- and glory\n\nWe are a sports town, populated by sports fans, so we wallow easily, we fret, we can be cynical and skeptical and jaundiced. We forever are waiting for the other sneaker and skate to drop, for the sky to come tumbling ...",
                "date": "2016-11-20",
                "id": "11784484",
                "isDuplicate": false,
                "lang": "eng",
                "sim": 0,
                "source": {
                    "id": "13",
                    "title": "New York Post",
                    "uri": "nypost.com"
                },
                "time": "06:57:00",
                "title": "Young talent puts New York at top of list to be next 'Titletown'",
                "uri": "550557107",
                "url": "http://nypost.com/2016/11/20/young-talent-puts-new-york-at-top-of-list-to-be-next-titletown/",
                "wgt": 1
            },
            {
                "body": "LAS VEGAS -- Andrew Ward survived a second-round knockdown Saturday night to do just enough to win a narrow decision over Sergey Kovalev in a battle of unbeaten light heavyweights.\n\nWard took Kovalev's light heavyweight titles in a fight that lived up to its advance billing, winning enough rounds ...",
                "date": "2016-11-20",
                "id": "11779423",
                "isDuplicate": false,
                "lang": "eng",
                "sim": 0.7019608020782471,
                "source": {
                    "id": "13",
                    "title": "New York Post",
                    "uri": "nypost.com"
                },
                "time": "05:53:00",
                "title": "Andre Ward survives knockdown to take Sergey Kovalev titles",
                "uri": "550542965",
                "url": "http://nypost.com/2016/11/20/andre-ward-survives-knockdown-to-take-sergey-kovalev-titles/",
                "wgt": 1
            },
            {
                "body": "Giants general manager Jerry Reese didn't spend $200 million in free agency on the offensive side of the ball, because he didn't need to -- not with Eli Manning in the third year of Ben McAdoo's offense, not with Odell Beckham Jr. soaring toward legendary heights, not with Victor Cruz about to be ...",
                "date": "2016-11-20",
                "id": "11777496",
                "isDuplicate": false,
                "lang": "eng",
                "sim": 0.7254902124404907,
                "source": {
                    "id": "13",
                    "title": "New York Post",
                    "uri": "nypost.com"
                },
                "time": "05:27:00",
                "title": "Giants offense must break out now  --  no excuses",
                "uri": "550537245",
                "url": "http://nypost.com/2016/11/20/giants-offense-must-break-out-now-no-excuses/",
                "wgt": 1
            },
            {
                "body": "Kentucky's next big star shows why Calipari drools over his talent\n\nSam Cassell Jr. had been courted so many times, touring campuses around the country as a highly-sought recruit. It happened in high school. It happened in junior college. And after two seasons at UConn, it would happen once ...",
                "date": "2016-11-20",
                "id": "11772453",
                "isDuplicate": false,
                "lang": "eng",
                "sim": 0,
                "source": {
                    "id": "13",
                    "title": "New York Post",
                    "uri": "nypost.com"
                },
                "time": "04:28:00",
                "title": "Former NBA star's son has found a home at Iona",
                "uri": "550523032",
                "url": "http://nypost.com/2016/11/19/former-nba-stars-son-has-found-a-home-at-iona/",
                "wgt": 1
            },
            {
                "body": "{* #userInformationForm *} {* traditionalSignIn_emailAddress *} {* traditionalSignIn_password *} {* traditionalSignIn_signInButton *} {* /userInformationForm *} {* #registrationForm *} {* traditionalRegistration_emailAddress *} {* traditionalRegistration_password *} {* ...",
                "date": "2016-11-20",
                "id": "11769792",
                "isDuplicate": true,
                "lang": "eng",
                "sim": 0,
                "source": {
                    "id": "13",
                    "title": "New York Post",
                    "uri": "nypost.com"
                },
                "time": "03:57:00",
                "title": "Auburn's live eagle mascot flew into goalpost before game",
                "uri": "550515910",
                "url": "http://nypost.com/2016/11/19/auburns-live-eagle-mascot-flew-into-goalpost-before-game/",
                "wgt": 1
            },
            {
                "body": "Donald Stratton was an 18-year-old from Red Cloud, Neb., when he joined the Navy in 1940 -- and found himself on the front lines of history.\n\nHours after dawn, on Dec. 7, 1941, Seaman 1st Class Stratton stood aboard the USS Arizona in Pearl Harbor, off the coast of Honolulu, Hawaii, when Japan ...",
                "date": "2016-11-20",
                "id": "11768486",
                "isDuplicate": false,
                "lang": "eng",
                "sim": 0,
                "source": {
                    "id": "13",
                    "title": "New York Post",
                    "uri": "nypost.com"
                },
                "time": "03:38:00",
                "title": "Pearl Harbor survivor recalls bombers 'smiling and waving' from planes",
                "uri": "550512332",
                "url": "http://nypost.com/2016/11/19/pearl-harbor-survivor-recalls-japanese-bombers-smiling-and-waving-from-planes/",
                "wgt": 1
            },
            {
                "body": "Maybe this will be the trigger that engages, educates and mobilizes the NHLPA membership.\n\nMaybe Sixth Avenue's latest reach into the players' pockets with its attempt to coerce the union into extending the CBA by three years in exchange for authorization to compete in the 2018 Olympic Games will ...",
                "date": "2016-11-20",
                "id": "11768476",
                "isDuplicate": false,
                "lang": "eng",
                "sim": 0.7529411911964417,
                "source": {
                    "id": "13",
                    "title": "New York Post",
                    "uri": "nypost.com"
                },
                "time": "03:38:00",
                "title": "NHL using Olympics to play hardball with the players",
                "uri": "550512329",
                "url": "http://nypost.com/2016/11/19/nhl-using-olympics-to-play-hardball-with-the-players/",
                "wgt": 1
            },
            {
                "body": "NHL strangely keeping goalies in dark over major rule change\n\nIt was nearing the end of Saturday's practice, and Henrik Lundqvist was frustrated. He skated toward the bench and swung his goalie stick like an axe, breaking it in half over the boards.\n\nThe Rangers' franchise netminder is nothing if ...",
                "date": "2016-11-20",
                "id": "11766591",
                "isDuplicate": false,
                "lang": "eng",
                "sim": 0.5529412031173706,
                "source": {
                    "id": "13",
                    "title": "New York Post",
                    "uri": "nypost.com"
                },
                "time": "03:08:00",
                "title": "Peeved Henrik Lundqvist seeks rebound after allowing soft goal",
                "uri": "550505765",
                "url": "http://nypost.com/2016/11/19/peeved-henrik-lundqvist-seeks-rebound-after-allowing-soft-goal/",
                "wgt": 1
            },
            {
                "body": "Jimmy Vesey unplugged: On his 'wake-up call,' Cup vision and Deflategate\n\nSecond-year Giants offensive tackle Ereck Flowers blocked out some time for some Q&A with Post columnist Steve Serby.\n\nQ: How do you feel about protecting Eli Manning's blind side?\n\nA: We all protect him, man. I've been ...",
                "date": "2016-11-20",
                "id": "11764355",
                "isDuplicate": false,
                "lang": "eng",
                "sim": 0,
                "source": {
                    "id": "13",
                    "title": "New York Post",
                    "uri": "nypost.com"
                },
                "time": "02:33:00",
                "title": "Ereck Flowers on decoding his tweets, being Optimus Prime and 'scary'",
                "uri": "550497390",
                "url": "http://nypost.com/2016/11/19/ereck-flowers-on-decoding-his-tweets-being-optimus-prime-and-scary-odell/",
                "wgt": 1
            },
            {
                "body": "Courtney Lee's struggles forcing Knicks into point-guard experiment\n\nAs a former Defensive Player of the Year, Joakim Noah was projected to be the anchor for the Knicks' defense. Even with another reshuffling of the personnel deck, many envisioned Noah as leading the Knicks from their recent ...",
                "date": "2016-11-20",
                "id": "11764339",
                "isDuplicate": false,
                "lang": "eng",
                "sim": 0.5529412031173706,
                "source": {
                    "id": "13",
                    "title": "New York Post",
                    "uri": "nypost.com"
                },
                "time": "02:33:00",
                "title": "Joakim Noah's blunt take on Knicks' defensive struggles",
                "uri": "550497381",
                "url": "http://nypost.com/2016/11/19/joakim-noahs-blunt-take-on-knicks-defensive-struggles/",
                "wgt": 1
            },
            {
                "body": "Bryce Petty (and the Jets) showed why he must be the quarterback\n\nNo one appreciated the offensive linemen more than former Raiders Hall of Fame coach John Madden, and no one recognizes more than Madden how the latest version of The Great Wall of Dallas has imposed its will on the NFL.\n\nThe 1990s ...",
                "date": "2016-11-20",
                "id": "11764150",
                "isDuplicate": false,
                "lang": "eng",
                "sim": 0.7411764860153198,
                "source": {
                    "id": "13",
                    "title": "New York Post",
                    "uri": "nypost.com"
                },
                "time": "02:30:00",
                "title": "How Cowboys remind John Madden of his Super Bowl team",
                "uri": "550496661",
                "url": "http://nypost.com/2016/11/19/how-cowboys-remind-john-madden-of-his-super-bowl-team/",
                "wgt": 1
            },
            {
                "body": "Breaking down the two Yankees prospects in Brian McCann trade\n\nThe Yankees' pursuit for bullpen help likely got more expensive Saturday.\n\nWith lefty Brett Cecil going to St. Louis for a reported four-year, $30.5 million deal, it has become clear early in the offseason that the market is going to be ...",
                "date": "2016-11-20",
                "id": "11763402",
                "isDuplicate": false,
                "lang": "eng",
                "sim": 0.7686274647712708,
                "source": {
                    "id": "13",
                    "title": "New York Post",
                    "uri": "nypost.com"
                },
                "time": "02:18:00",
                "title": "Yankees' market takes shape as teams ask about Headley, Gardner",
                "uri": "550494612",
                "url": "http://nypost.com/2016/11/19/yankees-market-takes-shape-as-teams-ask-about-headley-gardner/",
                "wgt": 1
            },
            {
                "body": "Double standards, double speak, doubling down on sports' worst\n\nThe conventions of what we see on TV are such that we're frozen. We often fail to see that what we see as normal is absurd.\n\nConditioned, intellectually immobilized moments include those regularly seen on NFL telecasts, after the game's ...",
                "date": "2016-11-20",
                "id": "11761586",
                "isDuplicate": false,
                "lang": "eng",
                "sim": 0,
                "source": {
                    "id": "13",
                    "title": "New York Post",
                    "uri": "nypost.com"
                },
                "time": "01:49:00",
                "title": "The solution NFL won't try for making football watchable again",
                "uri": "550489237",
                "url": "http://nypost.com/2016/11/19/the-solution-nfl-wont-try-for-making-football-watchable-again/",
                "wgt": 1
            },
            {
                "body": "Odell Beckham Jr. isn't talking about pricey strip club fumble\n\nEli Manning is on pace for 27 touchdown passes -- his fewest since 2013 -- but he has thrown seven the past two games, so he might be on an uptick. He is on pace for 18 interceptions, the most since his dreadful 2013 season.\n\nThe ...",
                "date": "2016-11-20",
                "id": "11760777",
                "isDuplicate": false,
                "lang": "eng",
                "sim": 0,
                "source": {
                    "id": "13",
                    "title": "New York Post",
                    "uri": "nypost.com"
                },
                "time": "01:35:00",
                "title": "Giants coach can stomach Eli's INTs  --  but not being 'careful'",
                "uri": "550486793",
                "url": "http://nypost.com/2016/11/19/giants-coach-can-stomach-elis-ints-but-not-being-careful/",
                "wgt": 1
            },
            {
                "body": "FCC asked to hold Univision sale until Trump becomes president\n\nCharles Koch is showing that he is a force to be reckoned with when buying companies.\n\nLast week, working exclusively with investment bank Rothschild, Koch Industries won the auction to buy a big stake in one of New York City's largest ...",
                "date": "2016-11-20",
                "id": "11760402",
                "isDuplicate": false,
                "lang": "eng",
                "sim": 0,
                "source": {
                    "id": "13",
                    "title": "New York Post",
                    "uri": "nypost.com"
                },
                "time": "01:30:00",
                "title": "Koch Industries snatches tech giant Infor",
                "uri": "550485704",
                "url": "http://nypost.com/2016/11/19/koch-industries-snatches-tech-giant-infor/",
                "wgt": 1
            },
            {
                "body": "FCC asked to hold Univision sale until Trump becomes president\n\nGoogle's new head of music Lyor Cohen sent his e-mail contacts a head-scratcher of a message on Friday.\n\nCohen announced: \"Breaking News! Donald Trump Taps Lyor Cohen for Transition Team.\"\n\nThat appeared to be a joke, since the e-mail ...",
                "date": "2016-11-20",
                "id": "11759350",
                "isDuplicate": false,
                "lang": "eng",
                "sim": 0,
                "source": {
                    "id": "13",
                    "title": "New York Post",
                    "uri": "nypost.com"
                },
                "time": "01:14:00",
                "title": "Lyor Cohen jokingly tells staffers he's joining Trump's team",
                "uri": "550482346",
                "url": "http://nypost.com/2016/11/19/lyor-cohen-jokingly-tells-staffers-hes-joining-trumps-team/",
                "wgt": 1
            },
            {
                "body": "Tinder might be to blame for rise in syphilis among millennials\n\nIf you've spent five minutes reading about the election results last week, you would know that Trump won voters who don't have a college degree and Clinton won those who do. Given the sort of appeal each candidate made, this was not ...",
                "date": "2016-11-20",
                "id": "11759254",
                "isDuplicate": false,
                "lang": "eng",
                "sim": 0,
                "source": {
                    "id": "13",
                    "title": "New York Post",
                    "uri": "nypost.com"
                },
                "time": "01:13:00",
                "title": "Why Americans with 'some college' voted for Trump",
                "uri": "550482016",
                "url": "http://nypost.com/2016/11/19/why-americans-with-some-college-voted-for-trump/",
                "wgt": 1
            },
            {
                "body": "It does not sound good for Pavel Buchnevich, as the Rangers' 21-year-old Russian winger might have something a little more serious than just back spasms.\n\nCoach Alain Vigneault had been hopeful Buchnevich could practice Saturday after missing the previous three games with his back issue. But he ...",
                "date": "2016-11-20",
                "id": "11759253",
                "isDuplicate": false,
                "lang": "eng",
                "sim": 0.7411764860153198,
                "source": {
                    "id": "13",
                    "title": "New York Post",
                    "uri": "nypost.com"
                },
                "time": "01:13:00",
                "title": "Pavel Buchnevich's injury may be worse than Rangers believed",
                "uri": "550482012",
                "url": "http://nypost.com/2016/11/19/pavel-buchnevichs-injury-may-be-worse-than-rangers-believed/",
                "wgt": 1
            },
            {
                "body": "Kristaps Porzingis is 'great now' and getting better: Wizards coach\n\nThe defensive numbers are awful, hardly indicative of what was expected. But one positive aspect in the mess is the Knicks know exactly what they have to do.\n\n\"We have to be able to stop something,\" Carmelo Anthony said after a ...",
                "date": "2016-11-20",
                "id": "11758686",
                "isDuplicate": false,
                "lang": "eng",
                "sim": 0.529411792755127,
                "source": {
                    "id": "13",
                    "title": "New York Post",
                    "uri": "nypost.com"
                },
                "time": "01:05:00",
                "title": "Knicks crack down on defense as Hornacek pinpoints hustle issue",
                "uri": "550480292",
                "url": "http://nypost.com/2016/11/19/knicks-crack-down-on-defense-as-hornacek-pinpoints-hustle-issue/",
                "wgt": 1
            },
            {
                "body": "LOS ANGELES -- Jeff Carter scored his team-high seventh goal of the season and Peter Budaj made 21 saves to help the Kings beat the Devils 4-2 on Saturday.\n\nTanner Pearson, Alec Martinez and Jake Muzzin also scored for Los Angeles. The Kings are 9-9-1.\n\nJohn Moore and Adam Lappin scored for New ...",
                "date": "2016-11-20",
                "id": "11757943",
                "isDuplicate": false,
                "lang": "eng",
                "sim": 0.8509804010391235,
                "source": {
                    "id": "13",
                    "title": "New York Post",
                    "uri": "nypost.com"
                },
                "time": "00:52:00",
                "title": "Devils hit another roadblock on their West Coast trip",
                "uri": "550477816",
                "url": "http://nypost.com/2016/11/19/devils-hit-another-roadblock-on-their-west-coast-trip/",
                "wgt": 1
            },
            {
                "body": "There is something -- actually plenty -- to be said for playing and thriving in close games. There is nothing wrong with fighting to the finish, but the Giants are getting a bit crazy with this.\n\nThey are 6-3 and their six wins have been by one, three, four, seven, five and one point. It is quite ...",
                "date": "2016-11-20",
                "id": "11756408",
                "isDuplicate": false,
                "lang": "eng",
                "sim": 0.7450980544090271,
                "source": {
                    "id": "13",
                    "title": "New York Post",
                    "uri": "nypost.com"
                },
                "time": "00:32:00",
                "title": "Giants have been playing with fire  --  and Bears can burn them",
                "uri": "550473779",
                "url": "http://nypost.com/2016/11/19/giants-have-been-playing-with-fire-and-bears-can-burn-them/",
                "wgt": 1
            },
            {
                "body": "With all of the noise resulting from Donald Trump's election win, you may be feeling overwhelmed by questions about what it means for you and your money.\n\nWhile campaign promises made by many a president never quite measured up -- think ObamaCare, for one -- Trump is a businessman first and ...",
                "date": "2016-11-20",
                "id": "11756403",
                "isDuplicate": false,
                "lang": "eng",
                "sim": 0,
                "source": {
                    "id": "13",
                    "title": "New York Post",
                    "uri": "nypost.com"
                },
                "time": "00:32:00",
                "title": "What Donald Trump means for the economy",
                "uri": "550473772",
                "url": "http://nypost.com/2016/11/19/what-donald-trump-means-for-the-economy/",
                "wgt": 1
            },
            {
                "body": "Don't try to fly with these Thanksgiving leftovers in your carry-on\n\nThanksgiving Day football can trace its origins back to the 1880s and a hugely popular annual game between Princeton and Yale in New York City.\n\nMost New Yorkers seemed to take part in the festivities, whether or not they had ...",
                "date": "2016-11-20",
                "id": "11754257",
                "isDuplicate": false,
                "lang": "eng",
                "sim": 0,
                "source": {
                    "id": "13",
                    "title": "New York Post",
                    "uri": "nypost.com"
                },
                "time": "00:10:00",
                "title": "How an NYC football game started a Thanksgiving war",
                "uri": "550468457",
                "url": "http://nypost.com/2016/11/19/how-an-nyc-football-game-started-a-thanksgiving-war/",
                "wgt": 1
            },
            {
                "body": "America's only set of female quintuplets -- the stars of the TLC reality show \"OutDaughtered\" -- hit the Big Apple this week to film an episode for Season 2 of the show, which returned to the small screen last Tuesday.\n\n\"Whenever we're just strolling through the streets, [the babies are] so good, ...",
                "date": "2016-11-20",
                "id": "11753741",
                "isDuplicate": false,
                "lang": "eng",
                "sim": 0,
                "source": {
                    "id": "13",
                    "title": "New York Post",
                    "uri": "nypost.com"
                },
                "time": "00:05:00",
                "title": "America's favorite quintuplets tour Times Square for TV show",
                "uri": "550467035",
                "url": "http://nypost.com/2016/11/19/americas-favorite-quintuplets-tour-times-square-for-tv-show/",
                "wgt": 1
            },
            {
                "body": "The Mets brought out their relief \"pitcher\" Tuesday night at Gotham Comedy Club in Chelsea.\n\nComedian Jim Breuer was on hand to entertain the team's business partners, which included some of the Mets' advertisers and suite holders.\n\n\"It's a very unique format for us to engage our partners,\" said ...",
                "date": "2016-11-20",
                "id": "11753824",
                "isDuplicate": false,
                "lang": "eng",
                "sim": 0,
                "source": {
                    "id": "13",
                    "title": "New York Post",
                    "uri": "nypost.com"
                },
                "time": "00:05:00",
                "title": "Comedian Jim Breuer entertains the Mets' business partners",
                "uri": "550467191",
                "url": "http://nypost.com/2016/11/19/comedian-jim-breuer-entertains-the-mets-business-partners/",
                "wgt": 1
            }
        ],
        "totalResults": 84
    }
}