{
    "articles": {
        "count": 45,
        "page": 1,
        "pages": 1,
        "results": [
            {
                "body": "\"We stop time,\" says Letizia Battaglia of her profession, photography. \"If you go back to the great artists of previous centuries, theirs was a magnificent, fantastic interpretation. But it wasn't reality.\" Unfortunately for many of her subjects, time stopped just before she got to them. If you have ...",
                "date": "2016-11-20",
                "id": "11897426",
                "isDuplicate": false,
                "lang": "eng",
                "sim": 0.5882353186607361,
                "source": {
                    "id": "229",
                    "title": "The Wall Street Journal",
                    "uri": "www.wsj.com"
                },
                "time": "23:54:00",
                "title": "Mafia Mayhem at a Museum",
                "uri": "550878708",
                "url": "http://www.wsj.com/articles/mafia-mayhem-at-a-museum-1479415043",
                "wgt": 1
            },
            {
                "body": "THE HAGUE -- If the European dream is to die, it may be the Netherlands that delivers the fatal blow. The Dutch general election in March is shaping up to be a defining moment for the European project.\n\nThe risk to the European Union doesn't come from Geert Wilders, the leader of anti-EU, ...",
                "date": "2016-11-20",
                "id": "11896158",
                "isDuplicate": false,
                "lang": "eng",
                "sim": 0,
                "source": {
                    "id": "229",
                    "title": "The Wall Street Journal",
                    "uri": "www.wsj.com"
                },
                "time": "23:41:00",
                "title": "The EU's New Bomb Is Ticking in the Netherlands ",
                "uri": "550813869",
                "url": "http://www.wsj.com/articles/the-eus-new-bomb-is-ticking-in-the-netherlands-1479668148",
                "wgt": 1
            },
            {
                "body": "LONDON -- The U.K. economy faces uncertainty as it negotiates its withdrawal from the European Union so the government must protect any gains but also invest in infrastructure to be prepared for any opportunities or challenges once it has left the bloc, Treasury chief Philip Hammond said on ...",
                "date": "2016-11-20",
                "id": "11896136",
                "isDuplicate": false,
                "lang": "eng",
                "sim": 0,
                "source": {
                    "id": "229",
                    "title": "The Wall Street Journal",
                    "uri": "www.wsj.com"
                },
                "time": "23:41:00",
                "title": "U.K. Economy Faces Brexit Uncertainty, Treasury Chief Says ",
                "uri": "550692650",
                "url": "http://www.wsj.com/articles/u-k-economy-faces-brexit-uncertainty-treasury-chief-says-1479648130",
                "wgt": 1
            },
            {
                "body": "I GAVE UP on printed guidebooks a few years ago. Those dog-eared books I once lugged around Prague's pubs and the steamy sidewalks of Bangkok now seem like dead weight. I can't help worry that the new ones are out-of-date as soon as they hit the Amazon warehouse. The same goes for the digital ...",
                "date": "2016-11-20",
                "id": "11894274",
                "isDuplicate": true,
                "lang": "eng",
                "sim": 0,
                "source": {
                    "id": "229",
                    "title": "The Wall Street Journal",
                    "uri": "www.wsj.com"
                },
                "time": "23:25:00",
                "title": "Google Trips: The Travel Guide That (Sort of) Reads Your Mind",
                "uri": "550870497",
                "url": "http://www.wsj.com/articles/google-trips-the-travel-guide-that-sort-of-reads-your-mind-1479415107",
                "wgt": 1
            },
            {
                "body": "A new commander in chief will soon face hard decisions about how and when to deploy America's military might. What principles should guide him?\n\nPresident-elect Donald Trump does not speak softly, but he clearly believes in military power -- what Theodore Roosevelt called \"the big stick.\" Like all ...",
                "date": "2016-11-20",
                "id": "11893997",
                "isDuplicate": false,
                "lang": "eng",
                "sim": 0,
                "source": {
                    "id": "229",
                    "title": "The Wall Street Journal",
                    "uri": "www.wsj.com"
                },
                "time": "23:23:00",
                "title": "When President Trump Goes to War",
                "uri": "550116640",
                "url": "http://www.wsj.com/articles/when-president-trump-goes-to-war-1479482718",
                "wgt": 1
            },
            {
                "body": "Whatever President-elect Donald Trump's policies bring about, the Treasury market's fever has finally broken.\n\nIn the short time since Election Day, long-term Treasurys have experienced their swiftest setback in over seven years, with prices tumbling and yields shooting higher. The selloff reflects ...",
                "date": "2016-11-20",
                "id": "11889819",
                "isDuplicate": false,
                "lang": "eng",
                "sim": 0,
                "source": {
                    "id": "229",
                    "title": "The Wall Street Journal",
                    "uri": "www.wsj.com"
                },
                "time": "22:45:00",
                "title": "The Treasury Market Comes to Terms With Trump ",
                "uri": "550855987",
                "url": "http://www.wsj.com/articles/the-treasury-market-comes-to-terms-with-trump-1479662326",
                "wgt": 1
            },
            {
                "body": "The semiconductor-manufacturing-gear business gets less cyclical -- and more diversified\n\nBoom and bust have long characterized the semiconductor-manufacturing-equipment business, so there is much to be gained from skipping the bust while keeping some boom.\n\nTake Applied Materials Inc.: In three ...",
                "date": "2016-11-20",
                "id": "11889815",
                "isDuplicate": false,
                "lang": "eng",
                "sim": 0,
                "source": {
                    "id": "229",
                    "title": "The Wall Street Journal",
                    "uri": "www.wsj.com"
                },
                "time": "22:45:00",
                "title": "More Boom, Less Bust for Applied Materials ",
                "uri": "550855996",
                "url": "http://www.wsj.com/articles/more-boom-less-bust-for-applied-materials-1479675153",
                "wgt": 1
            },
            {
                "body": "ENLARGE People dig in the rubble in an ongoing search for survivors in Aleppo, Syria, on Sept. 26, 2016. Photo: Reuters Associated Press Nov. 20, 2016 2:25 p.m. ET\n\nBEIRUT -- The Syrian government on Sunday refused a U.N. proposal to grant the rebel-held eastern districts of Aleppo autonomy to ...",
                "date": "2016-11-20",
                "id": "11889554",
                "isDuplicate": false,
                "lang": "eng",
                "sim": 0.6784313917160034,
                "source": {
                    "id": "229",
                    "title": "The Wall Street Journal",
                    "uri": "www.wsj.com"
                },
                "time": "22:42:00",
                "title": "Syrian Government Refuses UN Truce Terms for Aleppo",
                "uri": "550857864",
                "url": "http://www.wsj.com/articles/syrian-government-refuses-un-truce-terms-for-aleppo-1479669927",
                "wgt": 1
            },
            {
                "body": "Here are the best bets for this week's NFL games, based on a mathematical model\n\nEach week, Cade Massey, from the University of Pennsylvania Wharton School, and Rufus Peabody, a Las Vegas sports analyst, predict the week's NFL games based off a mathematical model that takes only on-field performance ...",
                "date": "2016-11-20",
                "id": "11889263",
                "isDuplicate": false,
                "lang": "eng",
                "sim": 0,
                "source": {
                    "id": "229",
                    "title": "The Wall Street Journal",
                    "uri": "www.wsj.com"
                },
                "time": "22:41:00",
                "title": "NFL Week 11 Predictions: Bills Can Handle Bengals, Packers Bounce Back",
                "uri": "550857199",
                "url": "http://www.wsj.com/articles/nfl-week-11-predictions-bills-can-handle-bengals-packers-bounce-back-1479562644",
                "wgt": 1
            },
            {
                "body": "More than two years after the U.S. speedskating team collapsed at the Sochi Olympics amid controversy over its high-tech skinsuits, the squad's biggest star, Shani Davis, is rekindling the fight. His camp's allegation: U.S. officials knew the suits were defective and did nothing about it.\n\nDavis's ...",
                "date": "2016-11-20",
                "id": "11889246",
                "isDuplicate": false,
                "lang": "eng",
                "sim": 0,
                "source": {
                    "id": "229",
                    "title": "The Wall Street Journal",
                    "uri": "www.wsj.com"
                },
                "time": "22:41:00",
                "title": "Shani Davis Rekindles Fight With U.S. Speedskating Over 'Defective' Suits",
                "uri": "550857194",
                "url": "http://www.wsj.com/articles/shani-davis-rekindles-fight-with-u-s-speedskating-over-defective-suits-1479666806",
                "wgt": 1
            },
            {
                "body": "Champ Sergey Kovalev's fight with Andre Ward may be worth the pay-per-view price\n\nBoxing fans can be forgiven if they're hesitant to buy Saturday's pay-per-view bout between Andre Ward (30-0, 15 KOs), the former WBA super middleweight champion, and Russian-born Sergey Kovalev (30-0-1, 26 KOs), the ...",
                "date": "2016-11-20",
                "id": "11889220",
                "isDuplicate": false,
                "lang": "eng",
                "sim": 0.4431372582912445,
                "source": {
                    "id": "229",
                    "title": "The Wall Street Journal",
                    "uri": "www.wsj.com"
                },
                "time": "22:40:00",
                "title": "Kovalev-Ward Title Fight Should Be Pound-for-Pound Good  ",
                "uri": "550857202",
                "url": "http://www.wsj.com/articles/kovalev-ward-title-fight-should-be-pound-for-pound-good-1479517487",
                "wgt": 1
            },
            {
                "body": "Australian building materials firm moves to expand its presence in the U.S. ENLARGE Boral Ltd. said Sunday it would acquire Headwaters Inc. Photo: Bloomberg News By Rhiannon Hoyle Rhiannon Hoyle The Wall Street Journal CANCEL BiographyRhiannon Hoyle @RhiannonHoyle rhiannon.hoyle@wsj.com Updated Nov. ...",
                "date": "2016-11-20",
                "id": "11903920",
                "isDuplicate": false,
                "lang": "eng",
                "sim": 0.8235294222831726,
                "source": {
                    "id": "229",
                    "title": "The Wall Street Journal",
                    "uri": "www.wsj.com"
                },
                "time": "22:06:00",
                "title": "Boral to Acquire Headwaters Inc. ",
                "uri": "550896057",
                "url": "http://www.wsj.com/articles/boral-to-acquire-headwaters-inc-1479679527",
                "wgt": 1
            },
            {
                "body": "Donald Trump's picks for his economic and foreign policy teams will remain in focus\n\nGlobal attention will remain focused on U.S. President-elect Donald Trump as he fills positions on his economic and foreign policy teams. Mr. Trump's choices for the State Department, Commerce Department and other ...",
                "date": "2016-11-20",
                "id": "11880075",
                "isDuplicate": false,
                "lang": "eng",
                "sim": 0,
                "source": {
                    "id": "229",
                    "title": "The Wall Street Journal",
                    "uri": "www.wsj.com"
                },
                "time": "21:14:00",
                "title": "Global Economy Week Ahead: U.S.-China Meetings, Europe PMI, Fed Minutes",
                "uri": "550818038",
                "url": "http://www.wsj.com/articles/global-economy-week-ahead-u-s-china-meetings-europe-pmi-fed-minutes-1479672001",
                "wgt": 1
            },
            {
                "body": "11/18/2016 5:03PM\n\nDuring his presidential campaign, Donald Trump often accused Ford and its chairman, Bill Ford (pictured), of sending jobs to Mexico. Now, as a peace offering, the automaker is shelving plans to move a small amount of its production there. Photo: AP\n\n11/18/2016 4:36PM 11/18/2016 ...",
                "date": "2016-11-20",
                "id": "11879062",
                "isDuplicate": false,
                "lang": "eng",
                "sim": 0,
                "source": {
                    "id": "229",
                    "title": "The Wall Street Journal",
                    "uri": "www.wsj.com"
                },
                "time": "21:05:00",
                "title": "India Train Derailment Kills Dozens",
                "uri": "550769891",
                "url": "http://www.wsj.com/video/india-train-derailment-kills-dozens/D8F5B4AA-B6AE-4F2C-876D-8A0989420BC5.html",
                "wgt": 1
            },
            {
                "body": "RIO DE JANEIRO -- A Rio de Janeiro state police helicopter crashed during an operation late Saturday, killing four officers on board and sparking a major law-enforcement response as Brazil's 2016 Olympic host city struggles with a deepening security crisis.\n\nThe four police were killed when their ...",
                "date": "2016-11-20",
                "id": "11874827",
                "isDuplicate": false,
                "lang": "eng",
                "sim": 0,
                "source": {
                    "id": "229",
                    "title": "The Wall Street Journal",
                    "uri": "www.wsj.com"
                },
                "time": "20:24:00",
                "title": "Four Police Killed in Helicopter Crash  in Rio de Janeiro ",
                "uri": "550760202",
                "url": "http://www.wsj.com/articles/four-police-killed-in-helicopter-crash-in-rio-de-janeiro-1479662070",
                "wgt": 1
            },
            {
                "body": "Wal-Mart Stores Inc. is discouraging store workers from downloading a smartphone app designed by OUR Walmart, an organization that advocates for higher pay and other benefits, as the battle between employers and labor groups increasingly shifts to social media.\n\nThe app, released on Android phones ...",
                "date": "2016-11-20",
                "id": "11862423",
                "isDuplicate": true,
                "lang": "eng",
                "sim": 0,
                "source": {
                    "id": "229",
                    "title": "The Wall Street Journal",
                    "uri": "www.wsj.com"
                },
                "time": "18:32:00",
                "title": "Wal-Mart Tells Workers: Don't Download Labor Group's Chat App",
                "uri": "550778298",
                "url": "http://www.wsj.com/articles/wal-mart-tells-workers-dont-download-labor-groups-chat-app-1479214510",
                "wgt": 1
            },
            {
                "body": "Longstanding tensions are coming to a head within Donald Trump's economic team over a fundamental question: Will the economy benefit most from more carrots or more sticks?\n\nMr. Trump captured the presidency with a small coterie of heterodox advisers whose views diverge sharply on several fronts, ...",
                "date": "2016-11-20",
                "id": "11861173",
                "isDuplicate": false,
                "lang": "eng",
                "sim": 0,
                "source": {
                    "id": "229",
                    "title": "The Wall Street Journal",
                    "uri": "www.wsj.com"
                },
                "time": "18:22:00",
                "title": "Inside Donald Trump's Economic Team, Two Very Different Views",
                "uri": "550752708",
                "url": "http://www.wsj.com/articles/inside-donald-trumps-economic-team-two-very-different-views-1479643204",
                "wgt": 1
            },
            {
                "body": "LIMA, Peru -- Facing a backlash over free trade, leaders of Pacific Rim nations meeting here on Sunday are pushing back against creeping protectionism in the U.S. and elsewhere, promising to continue strengthening economic ties.\n\nIn doing so, leaders from the Asia-Pacific Economic Cooperation forum, ...",
                "date": "2016-11-20",
                "id": "11852939",
                "isDuplicate": false,
                "lang": "eng",
                "sim": 0,
                "source": {
                    "id": "229",
                    "title": "The Wall Street Journal",
                    "uri": "www.wsj.com"
                },
                "time": "17:14:00",
                "title": "APEC Delegates Push Back Against Protectionism",
                "uri": "550722957",
                "url": "http://www.wsj.com/articles/apec-delegates-push-back-against-protectionism-1479656260",
                "wgt": 1
            },
            {
                "body": "SAN FRANCISCO -- For years, scientists believed the mighty San Andreas -- the 800-mile-long fault running the length of California where the Pacific and North American plates meet -- could only rupture in isolated sections.\n\nBut a recent study by federal, state and academic researchers showed that ...",
                "date": "2016-11-20",
                "id": "11838589",
                "isDuplicate": false,
                "lang": "eng",
                "sim": 0.7098039388656616,
                "source": {
                    "id": "229",
                    "title": "The Wall Street Journal",
                    "uri": "www.wsj.com"
                },
                "time": "15:21:00",
                "title": "Earthquakes: Reckoning With 'The Big One' in California -- and It Just Got Bigger ",
                "uri": "550715181",
                "url": "http://www.wsj.com/articles/earthquakes-reckoning-with-the-big-one-in-californiaand-it-just-got-bigger-1479643228",
                "wgt": 1
            },
            {
                "body": "This transcript has been automatically generated and may not be 100% accurate.\n\n... the firm's mortgage professional gamers who who who who who is in storage to teach ... it's the world's top grossing PC ... the forty audience may not know that this is part of the Chinese company's global domination ...",
                "date": "2016-11-20",
                "id": "11834031",
                "isDuplicate": false,
                "lang": "eng",
                "sim": 0.6901960968971252,
                "source": {
                    "id": "229",
                    "title": "The Wall Street Journal",
                    "uri": "www.wsj.com"
                },
                "time": "14:44:00",
                "title": "'League of Legends': Tencent's Game Gains",
                "uri": "550617498",
                "url": "http://www.wsj.com/video/league-of-legends-tencent-game-gains/A9B1F8D3-BCB5-4B6D-ADF4-D8CA4BB927A9.html",
                "wgt": 1
            },
            {
                "body": "On Election Night, as commentators tried to make sense of Donald Trump's surprise victory, CNN's Van Jones spoke passionately about what he saw as a disturbingly racist component of the election results. \"This was a whitelash,\" Mr. Jones said. \"This was a whitelash against a changing country. It was ...",
                "date": "2016-11-20",
                "id": "11831723",
                "isDuplicate": false,
                "lang": "eng",
                "sim": 0,
                "source": {
                    "id": "229",
                    "title": "The Wall Street Journal",
                    "uri": "www.wsj.com"
                },
                "time": "14:25:00",
                "title": "Talk of a 'Whitelash' Revives a 1960s Term",
                "uri": "550034476",
                "url": "http://www.wsj.com/articles/talk-of-a-whitelash-revives-a-1960s-term-1479479174",
                "wgt": 1
            },
            {
                "body": "WASHINGTON -- The trial starts Monday in the Justice Department's challenge to health insurer Anthem Inc.'s $48 billion acquisition of reluctant partner Cigna Corp., a case that could produce unusual courtroom drama and be a last hurrah for President Barack Obama's antitrust enforcers.\n\nThe Justice ...",
                "date": "2016-11-20",
                "id": "11826919",
                "isDuplicate": false,
                "lang": "eng",
                "sim": 0.6823529601097107,
                "source": {
                    "id": "229",
                    "title": "The Wall Street Journal",
                    "uri": "www.wsj.com"
                },
                "time": "13:43:00",
                "title": "Insurer Anthem to Defend Cigna Deal in Court ",
                "uri": "550677348",
                "url": "http://www.wsj.com/articles/insurer-anthem-to-defend-cigna-deal-in-court-1479643206",
                "wgt": 1
            },
            {
                "body": "Choi Soon-sil, a longtime friend of President Park Geun-hye, was charged with interfering with state affairs ENLARGE South Korean protesters march toward the presidential house during a rally Saturday calling for South Korean President Park Geun-hye to step down Saturday. Photo: Associated Press By ...",
                "date": "2016-11-20",
                "id": "11818147",
                "isDuplicate": false,
                "lang": "eng",
                "sim": 0.6274510025978088,
                "source": {
                    "id": "229",
                    "title": "The Wall Street Journal",
                    "uri": "www.wsj.com"
                },
                "time": "12:27:00",
                "title": "South Korean President Aided Extortion Scheme: Prosecutors",
                "uri": "550658044",
                "url": "http://www.wsj.com/articles/south-korean-president-park-played-key-role-in-scandal-prosecutors-say-1479619377",
                "wgt": 1
            },
            {
                "body": "KHAZER, Iraq -- To earn extra income for her family, Iman Iraqi set up a home business doing wedding makeup for brides in the Islamic State-controlled city of Mosul. She lived to regret it.\n\nWhen the extremist group's religious police found out, they stormed her house, confiscated her equipment and ...",
                "date": "2016-11-20",
                "id": "11911590",
                "isDuplicate": false,
                "lang": "eng",
                "sim": 0.4117647111415863,
                "source": {
                    "id": "229",
                    "title": "The Wall Street Journal",
                    "uri": "www.wsj.com"
                },
                "time": "12:00:00",
                "title": "Fleeing Iraqi Women Tell of Harsh Treatment in Mosul",
                "uri": "550921860",
                "url": "http://www.wsj.com/articles/fleeing-iraqi-women-tell-of-harsh-treatment-in-mosul-1479643200",
                "wgt": 1
            },
            {
                "body": "More than 150 people were also injured when 14 coaches jumped track near the industrial city of Kanpur ENLARGE Rescue workers search for survivors in the wreckage of a train that derailed near Kanpur, India, on Sunday, Nov. 20, 2016. Photo: Agence France-Presse/Getty Images Associated Press Updated ...",
                "date": "2016-11-20",
                "id": "11784079",
                "isDuplicate": false,
                "lang": "eng",
                "sim": 0.7176470756530762,
                "source": {
                    "id": "229",
                    "title": "The Wall Street Journal",
                    "uri": "www.wsj.com"
                },
                "time": "06:43:00",
                "title": "India Train Derails, Killing at Least 90 People",
                "uri": "550556122",
                "url": "http://www.wsj.com/articles/india-train-derails-killing-dozens-of-people-1479620629",
                "wgt": 1
            },
            {
                "body": "Study finds short-term cash incentives yield more-healthful eating habits in the long term ENLARGE Giving children rewards for healthy eating can create good habits that outlast the rewards. Photo: iStockphoto/Getty Images By Beckie Strum Oct. 16, 2016 10:13 p.m. ET\n\nScience says it's OK to pay your ...",
                "date": "2016-11-20",
                "id": "11780004",
                "isDuplicate": false,
                "lang": "eng",
                "sim": 0,
                "source": {
                    "id": "229",
                    "title": "The Wall Street Journal",
                    "uri": "www.wsj.com"
                },
                "time": "06:01:00",
                "title": "Here's Why You Should Pay Your Children to Eat Their Vegetables",
                "uri": "550544293",
                "url": "http://www.wsj.com/articles/heres-why-you-should-pay-your-children-to-eat-their-vegetables-1476670380",
                "wgt": 1
            },
            {
                "body": "National Security Agency Director Adm. Michael Rogers is the leading candidate to become President-elect Donald Trump's next Director of National Intelligence, two people familiar with the matter said, a move that would shift the nation's digital and cyberwarfare leader to the country's most senior ...",
                "date": "2016-11-20",
                "id": "11778791",
                "isDuplicate": false,
                "lang": "eng",
                "sim": 0.5568627715110779,
                "source": {
                    "id": "229",
                    "title": "The Wall Street Journal",
                    "uri": "www.wsj.com"
                },
                "time": "05:44:00",
                "title": "Adm. Michael Rogers Leading Candidate to Be Trump's Director of National Intelligence",
                "uri": "550541033",
                "url": "http://www.wsj.com/articles/adm-michael-rogers-leading-candidate-to-be-trumps-director-of-national-intelligence-1479495306",
                "wgt": 1
            },
            {
                "body": "WASHINGTON -- The U.S. government's top military and intelligence leaders have recommended that President Barack Obama remove National Security Agency Director Adm. Michael Rogers from office, several people familiar with the matter said, amid questions about his leadership.\n\nThe call for his ...",
                "date": "2016-11-20",
                "id": "11778786",
                "isDuplicate": false,
                "lang": "eng",
                "sim": 0,
                "source": {
                    "id": "229",
                    "title": "The Wall Street Journal",
                    "uri": "www.wsj.com"
                },
                "time": "05:44:00",
                "title": "Pentagon, Intelligence Chiefs Push to Oust NSA Director",
                "uri": "550533859",
                "url": "http://www.wsj.com/articles/pentagon-intelligence-chiefs-push-to-oust-nsa-director-1479610439",
                "wgt": 1
            },
            {
                "body": "FRANKFURT -- U.S. regulators are yet again set to block a takeover of a European technology company by a Chinese buyer, a further sign of how China Inc.'s recent shopping binge is raising security concerns in the Western world.\n\nGerman technology firm Aixtron SE late Friday said it was informed by ...",
                "date": "2016-11-20",
                "id": "11778290",
                "isDuplicate": false,
                "lang": "eng",
                "sim": 0,
                "source": {
                    "id": "229",
                    "title": "The Wall Street Journal",
                    "uri": "www.wsj.com"
                },
                "time": "05:37:00",
                "title": "U.S. Regulators Move to Stop Chinese Takeover of German Tech Firm Aixtron ",
                "uri": "550538165",
                "url": "http://www.wsj.com/articles/u-s-regulators-move-to-stop-chinese-takeover-of-german-tech-firm-aixtron-1479549362",
                "wgt": 1
            },
            {
                "body": "LIMA, Peru -- Leaders of Pacific Rim nations meeting in Peru said Saturday they would move forward with trade deals amid uncertainty about U.S. policies under President-elect Donald Trump.\n\nIn a speech at the Asia-Pacific Economic Cooperation, which accounts for about half of global trade, Chinese ...",
                "date": "2016-11-20",
                "id": "11778302",
                "isDuplicate": false,
                "lang": "eng",
                "sim": 0,
                "source": {
                    "id": "229",
                    "title": "The Wall Street Journal",
                    "uri": "www.wsj.com"
                },
                "time": "05:37:00",
                "title": "China's President Says Government Will Continue Working on Trade Pacts",
                "uri": "550538172",
                "url": "http://www.wsj.com/articles/chinas-president-says-government-will-continue-working-on-trade-pacts-1479573044",
                "wgt": 1
            },
            {
                "body": "Bolivia's Huayna Potosi is a (somewhat) gentle giant -- it's easy enough for amateurs to climb but heart-thumping enough to earn them bragging rights\n\n\"KNOW WHEN to turn back.\" Anyone familiar with the axioms of mountaineering knows this is an essential rule of self-preservation. But for rank ...",
                "date": "2016-11-20",
                "id": "11778311",
                "isDuplicate": false,
                "lang": "eng",
                "sim": 0,
                "source": {
                    "id": "229",
                    "title": "The Wall Street Journal",
                    "uri": "www.wsj.com"
                },
                "time": "05:37:00",
                "title": "Want to Climb a 19,000-foot Mountain? In Bolivia, Even Rank Amateurs Can",
                "uri": "550342451",
                "url": "http://www.wsj.com/articles/want-to-climb-a-19-000-foot-mountain-in-bolivia-even-rank-amateurs-can-1479230153",
                "wgt": 1
            },
            {
                "body": "NO MEAL IS more traditional or, for that matter, more predictable than Thanksgiving. The same centerpiece turkey, the same side dishes, the same bottles of red and white wine. In the spirit of radical reinvention, I propose a holiday wine-pairing program that even some wine professionals I talked to ...",
                "date": "2016-11-20",
                "id": "11778318",
                "isDuplicate": true,
                "lang": "eng",
                "sim": 0,
                "source": {
                    "id": "229",
                    "title": "The Wall Street Journal",
                    "uri": "www.wsj.com"
                },
                "time": "05:37:00",
                "title": "Why the Best Thanksgiving Wine Is Sparkling",
                "uri": "550539402",
                "url": "http://www.wsj.com/articles/why-the-best-thanksgiving-wine-is-sparkling-1479395365",
                "wgt": 1
            },
            {
                "body": "No other piece of jewelry carries so much symbolism or, these days, style. Here, a comprehensive guide, from Alhambra to Zodiac. Plus: 5 chic ways to stack and combine the bands\n\n\"WITH WOMEN BUYING rings for themselves, it's been a different ballgame,\" said Joanne Teichman, co-owner of Dallas' ...",
                "date": "2016-11-20",
                "id": "11778276",
                "isDuplicate": true,
                "lang": "eng",
                "sim": 0,
                "source": {
                    "id": "229",
                    "title": "The Wall Street Journal",
                    "uri": "www.wsj.com"
                },
                "time": "05:36:00",
                "title": "26 Rings to Covet: An A-to-Z Guide",
                "uri": "550539396",
                "url": "http://www.wsj.com/articles/26-rings-to-covet-an-a-to-z-guide-1479411004",
                "wgt": 1
            },
            {
                "body": "LOS ANGELES -- This city became the latest major U.S. municipality to require that developers include affordable housing in new projects -- a move hailed by advocates, but one that builders say could crimp the supply of homes in the nation's second-largest housing market.\n\nPolicy makers in cities ...",
                "date": "2016-11-20",
                "id": "11776320",
                "isDuplicate": false,
                "lang": "eng",
                "sim": 0,
                "source": {
                    "id": "229",
                    "title": "The Wall Street Journal",
                    "uri": "www.wsj.com"
                },
                "time": "05:14:00",
                "title": "Los Angeles Builders Say New Affordable-Housing Rules Will Stifle Construction ",
                "uri": "549381855",
                "url": "http://www.wsj.com/articles/los-angeles-builders-say-new-affordable-housing-rules-will-stifle-construction-1479398403",
                "wgt": 1
            },
            {
                "body": "American International Group Chief Executive Peter Hancock may have given himself too much credit on Friday when he compared his restructuring of the insurance giant to the work of master sculptor Michelangelo. But in one respect his analogy was apt -- restructuring AIG, like sculpting marble, is ...",
                "date": "2016-11-20",
                "id": "11776315",
                "isDuplicate": false,
                "lang": "eng",
                "sim": 0,
                "source": {
                    "id": "229",
                    "title": "The Wall Street Journal",
                    "uri": "www.wsj.com"
                },
                "time": "05:14:00",
                "title": "AIG Shrinks Itself Carefully ",
                "uri": "550115035",
                "url": "http://www.wsj.com/articles/aig-shrinks-itself-carefully-1479496601",
                "wgt": 1
            },
            {
                "body": "WASHINGTON -- Republican lawmakers are preparing to brandish a little-used legislative weapon early next year to try to squash a number of Obama-era regulations, once President Barack Obama is no longer in office to defend them.\n\nThe two-decade-old Congressional Review Act has been invoked ...",
                "date": "2016-11-20",
                "id": "11776311",
                "isDuplicate": false,
                "lang": "eng",
                "sim": 0,
                "source": {
                    "id": "229",
                    "title": "The Wall Street Journal",
                    "uri": "www.wsj.com"
                },
                "time": "05:14:00",
                "title": "Republican Lawmakers Eye Freeze on Obama Regulations ",
                "uri": "550533915",
                "url": "http://www.wsj.com/articles/republican-lawmakers-eye-freeze-on-obama-regulations-1479489099",
                "wgt": 1
            },
            {
                "body": "Donald Trump on Monday took one of his first truly important calls as America's next commander in chief, and Vladimir Putin was on the other end. Mr. Trump told the Russian supreme leader that he seeks a \"strong and enduring relationship\" with Moscow, per the Kremlin readout. His promised re-reset ...",
                "date": "2016-11-20",
                "id": "11776307",
                "isDuplicate": false,
                "lang": "eng",
                "sim": 0,
                "source": {
                    "id": "229",
                    "title": "The Wall Street Journal",
                    "uri": "www.wsj.com"
                },
                "time": "05:14:00",
                "title": "How the Kremlin Sees Trump's Re-Reset With Moscow",
                "uri": "550112029",
                "url": "http://www.wsj.com/articles/the-meaning-of-trumps-re-reset-with-moscow-1479406179",
                "wgt": 1
            },
            {
                "body": "The Obama Administration's executive overreach received another rebuke on Wednesday, this time from a federal court in Texas. In National Federation of Independent Businesses v. Perez, Judge Sam Cummings granted a motion for summary judgment and rejected the Labor Department's attempt to stack ...",
                "date": "2016-11-20",
                "id": "11776302",
                "isDuplicate": true,
                "lang": "eng",
                "sim": 0,
                "source": {
                    "id": "229",
                    "title": "The Wall Street Journal",
                    "uri": "www.wsj.com"
                },
                "time": "05:14:00",
                "title": "Another Judge Is Unpersuaded",
                "uri": "550533878",
                "url": "http://www.wsj.com/articles/another-judge-is-unpersuaded-1479513749",
                "wgt": 1
            },
            {
                "body": "A few weeks ago, Astro Teller and his staff at Alphabet's X, the research-and-development lab formerly known as Google X, were getting ready to celebrate the Day of the Dead. They weren't observing the Mexican holiday in the traditional way, to pay tribute to late friends and relatives, but to honor ...",
                "date": "2016-11-20",
                "id": "11776299",
                "isDuplicate": false,
                "lang": "eng",
                "sim": 0,
                "source": {
                    "id": "229",
                    "title": "The Wall Street Journal",
                    "uri": "www.wsj.com"
                },
                "time": "05:14:00",
                "title": "Astro Teller, 'Captain of Moonshots'",
                "uri": "550034480",
                "url": "http://www.wsj.com/articles/astro-teller-captain-of-moonshots-1479491399",
                "wgt": 1
            },
            {
                "body": "NO MEAL IS more traditional or, for that matter, more predictable than Thanksgiving. The same centerpiece turkey, the same side dishes, the same bottles of red and white wine. In the spirit of radical reinvention, I propose a holiday wine-pairing program that even some wine professionals I talked to ...",
                "date": "2016-11-20",
                "id": "11776294",
                "isDuplicate": false,
                "lang": "eng",
                "sim": 0,
                "source": {
                    "id": "229",
                    "title": "The Wall Street Journal",
                    "uri": "www.wsj.com"
                },
                "time": "05:14:00",
                "title": "Why the Best Thanksgiving Wine Is Sparkling",
                "uri": "549071790",
                "url": "http://www.wsj.com/articles/why-the-best-thanksgiving-wine-is-sparkling-1479395365",
                "wgt": 1
            },
            {
                "body": "LIMA, Peru -- Leaders of Pacific Rim nations meeting in Peru said Saturday they would move forward with trade deals amid uncertainty about U.S. policies under President-elect Donald Trump.\n\nIn a speech at the Asia-Pacific Economic Cooperation, which accounts for about half of global trade, Chinese ...",
                "date": "2016-11-20",
                "id": "11776291",
                "isDuplicate": false,
                "lang": "eng",
                "sim": 0.8313725590705872,
                "source": {
                    "id": "229",
                    "title": "The Wall Street Journal",
                    "uri": "www.wsj.com"
                },
                "time": "05:13:00",
                "title": "China's President Says Government Will Continue Working on Trade Pacts",
                "uri": "550372226",
                "url": "http://www.wsj.com/articles/chinas-president-says-government-will-continue-working-on-trade-pacts-1479573044",
                "wgt": 1
            },
            {
                "body": "The dropped orders in October came as purchases of big rigs were already at depressed levels this year ENLARGE Truck manufacturers have laid off hundreds of workers as orders have receded since 2015 after reaching high levels in 2013 and 2014. Photo: Bloomberg News By Loretta Chao Loretta Chao The ...",
                "date": "2016-11-20",
                "id": "11776285",
                "isDuplicate": false,
                "lang": "eng",
                "sim": 0,
                "source": {
                    "id": "229",
                    "title": "The Wall Street Journal",
                    "uri": "www.wsj.com"
                },
                "time": "05:13:00",
                "title": "Heavy-Duty Truck Order Cancellations Hit Two-Decade High",
                "uri": "550533894",
                "url": "http://www.wsj.com/articles/heavy-duty-truck-order-cancellations-hit-two-decade-high-1479502499",
                "wgt": 1
            },
            {
                "body": "Researchers explore how exercise affects blood flow to the brain, suggesting it is a cure for a mental block.\n\nIt's hard to separate a healthy body from a healthy mind.\n\nResearchers looked at the interrelationship between physical fitness and brain health in a 2013 study led Jill Barnes, an ...",
                "date": "2016-11-20",
                "id": "11766931",
                "isDuplicate": false,
                "lang": "eng",
                "sim": 0,
                "source": {
                    "id": "229",
                    "title": "The Wall Street Journal",
                    "uri": "www.wsj.com"
                },
                "time": "03:15:00",
                "title": "Physical Fitness Leads to Mental Fitness",
                "uri": "550507836",
                "url": "http://www.wsj.com/articles/physical-fitness-mental-fitness-1479145666",
                "wgt": 1
            },
            {
                "body": "Adm. Michael Rogers is being considered for an intelligence post in Trump administration ENLARGE Adm. Michael Rogers, head of the National Security Agency, shown at the Wall Street Journal CEO Council on Nov. 15. Photo: Paul Morse for The Wall Street Journal By Damian Paletta and Damian Paletta The ...",
                "date": "2016-11-20",
                "id": "11782450",
                "isDuplicate": false,
                "lang": "eng",
                "sim": 0.6705882549285889,
                "source": {
                    "id": "229",
                    "title": "The Wall Street Journal",
                    "uri": "www.wsj.com"
                },
                "time": "02:54:00",
                "title": "Pentagon, Intelligence Chiefs Push to Oust NSA Director",
                "uri": "550551884",
                "url": "http://www.wsj.com/articles/pentagon-intelligence-chiefs-push-to-oust-nsa-director-1479610439",
                "wgt": 1
            },
            {
                "body": "Chess players tend to score higher on intelligence tests than do nonplayers. The question is: Why?\n\nIt's a popular notion that learning chess can make you smarter. Chess clubs and federations around the world promote the game for inclusion in school curricula, especially at the elementary level. In ...",
                "date": "2016-11-20",
                "id": "11763293",
                "isDuplicate": true,
                "lang": "eng",
                "sim": 0,
                "source": {
                    "id": "229",
                    "title": "The Wall Street Journal",
                    "uri": "www.wsj.com"
                },
                "time": "02:16:00",
                "title": "Does Chess Make You Smarter?",
                "uri": "550494226",
                "url": "http://www.wsj.com/articles/does-chess-make-you-smarter-1479403551",
                "wgt": 1
            }
        ],
        "totalResults": 45
    }
}