{
    "articles": {
        "count": 47,
        "page": 1,
        "pages": 1,
        "results": [
            {
                "body": "Republicans hope to avert ballooning deficits that may result from president-elect's low-tax, big-ticket agenda ENLARGE House Oversight Committee member Rep. Mick Mulvaney (R., S.C.), seen on May 17, said that while Donald Trump may get deference from Republicans on fiscal plans that may swell ...",
                "date": "2016-11-27",
                "id": "13569998",
                "isDuplicate": false,
                "lang": "eng",
                "sim": 0,
                "source": {
                    "id": "229",
                    "title": "The Wall Street Journal",
                    "uri": "www.wsj.com"
                },
                "time": "23:34:00",
                "title": "Donald Trump's Spending Push Rankles Fiscal Conservatives ",
                "uri": "555323691",
                "url": "http://www.wsj.com/articles/donald-trumps-spending-plan-rankles-fiscal-conservatives-1480289613",
                "wgt": 1
            },
            {
                "body": "11/22/2016 4:57PM\n\nWhile companies like Facebook, Twitter and Google promise they will take steps to reduce \"fake news,\" Michael J. Casey and Oliver Luckett, authors of \"The Social Organism,\" argue the first step is an overhaul of the companies' algorithm-based platforms to make them more ...",
                "date": "2016-11-27",
                "id": "13444572",
                "isDuplicate": false,
                "lang": "eng",
                "sim": 0,
                "source": {
                    "id": "229",
                    "title": "The Wall Street Journal",
                    "uri": "www.wsj.com"
                },
                "time": "23:23:00",
                "title": "Korea's Political Tensions Keep Rising",
                "uri": "554945162",
                "url": "http://www.wsj.com/video/koreas-political-tensions-keep-rising/031A4331-A745-40D4-8E77-7166CA60442D.html",
                "wgt": 1
            },
            {
                "body": "Officials in three critical states that gave President-elect Donald Trump his margin of victory this month are gearing up for recounts in the face of heated pushback from Mr. Trump and his advisers.\n\nThe Wisconsin Elections Commission will meet Monday to approve a timeline for a recount there after ...",
                "date": "2016-11-27",
                "id": "13443537",
                "isDuplicate": false,
                "lang": "eng",
                "sim": 0.4000000059604645,
                "source": {
                    "id": "229",
                    "title": "The Wall Street Journal",
                    "uri": "www.wsj.com"
                },
                "time": "23:15:00",
                "title": "Three States Prepare to Recount Ballots as Trump Team Attacks the Attempt",
                "uri": "554995031",
                "url": "http://www.wsj.com/articles/trump-and-his-team-attack-attempts-to-recount-ballots-in-three-states-1480268403",
                "wgt": 1
            },
            {
                "body": "The struggles of hedge funds are creating surprising opportunities in markets. One of surest may be in an unloved class of shares issued by Under Armour.\n\nAs the end of the year approaches, hedge funds that might have seized opportunities to profit from gaps between the implied value and market ...",
                "date": "2016-11-27",
                "id": "13442090",
                "isDuplicate": false,
                "lang": "eng",
                "sim": 0,
                "source": {
                    "id": "229",
                    "title": "The Wall Street Journal",
                    "uri": "www.wsj.com"
                },
                "time": "23:05:00",
                "title": "A Double-Digit Return Is Hiding in Plain Sight at Under Armour",
                "uri": "554988492",
                "url": "http://www.wsj.com/articles/a-double-digit-return-is-hiding-in-plain-sight-at-under-armour-1480273380",
                "wgt": 1
            },
            {
                "body": "Americans jumped on holiday deals this weekend but spending is increasingly moving online, highlighting the high-wire act that faces retailers tethered to stores.\n\nOnline spending over Thanksgiving and the following day, known as Black Friday, grew nearly 18% to $5.27 billion compared with last ...",
                "date": "2016-11-27",
                "id": "13441767",
                "isDuplicate": false,
                "lang": "eng",
                "sim": 0,
                "source": {
                    "id": "229",
                    "title": "The Wall Street Journal",
                    "uri": "www.wsj.com"
                },
                "time": "23:02:00",
                "title": "Holiday Shoppers Are Making More Purchases Online",
                "uri": "554972161",
                "url": "http://www.wsj.com/articles/holiday-shoppers-are-making-more-purchases-online-1480265819",
                "wgt": 1
            },
            {
                "body": "The World Trade Organization as early as Monday is expected to rule that Boeing Co. has been granted illegal state subsidies for its newest long-range jetliner, according to people familiar with the finding.\n\nThe judgment involves tax incentives Boeing will receive from Washington state to build its ...",
                "date": "2016-11-27",
                "id": "13438955",
                "isDuplicate": false,
                "lang": "eng",
                "sim": 0,
                "source": {
                    "id": "229",
                    "title": "The Wall Street Journal",
                    "uri": "www.wsj.com"
                },
                "time": "22:36:00",
                "title": "Boeing Faces WTO Sanctions ",
                "uri": "554922684",
                "url": "http://www.wsj.com/articles/boeing-faces-wto-sanctions-1480272673",
                "wgt": 1
            },
            {
                "body": "Late leader's influence resonates throughout society, with broad consequences for country in years to come ENLARGE A Cuban flag fluttered at half mast near a banner depicting Cuban revolutionary leader Fidel Castro, two days after his death, in Havana on Sunday. Photo: yamil lage/Agence ...",
                "date": "2016-11-27",
                "id": "13438728",
                "isDuplicate": false,
                "lang": "eng",
                "sim": 0.6901960968971252,
                "source": {
                    "id": "229",
                    "title": "The Wall Street Journal",
                    "uri": "www.wsj.com"
                },
                "time": "22:34:00",
                "title": "Castro, in Death, Casts Long Shadow Over Cuba",
                "uri": "554982663",
                "url": "http://www.wsj.com/articles/castro-in-death-casts-long-shadow-over-cuba-1480284473",
                "wgt": 1
            },
            {
                "body": "PARIS -- Fran\u00e7ois Fillon, a free-market social conservative, won France's center-right primary by a landslide, positioning him as the leading mainstream candidate to take on National Front leader Marine Le Pen in the presidential election this spring.\n\nMr. Fillon, a former prime minister who ...",
                "date": "2016-11-27",
                "id": "13438358",
                "isDuplicate": false,
                "lang": "eng",
                "sim": 0,
                "source": {
                    "id": "229",
                    "title": "The Wall Street Journal",
                    "uri": "www.wsj.com"
                },
                "time": "22:31:00",
                "title": "Fran\u00e7ois Fillon Wins France's Conservative Primary",
                "uri": "554942423",
                "url": "http://www.wsj.com/articles/francois-fillon-leads-in-partial-vote-count-in-frances-conservative-primary-1480275874",
                "wgt": 1
            },
            {
                "body": "A flotilla of Russian warships in the Mediterranean is providing a high-profile show of force in support of the Syrian regime. But the deployment has also thrown into sharp relief the limits of Moscow's conventional military.\n\nState television broadcasts to the domestic audience Top Gun-style ...",
                "date": "2016-11-27",
                "id": "13438346",
                "isDuplicate": false,
                "lang": "eng",
                "sim": 0,
                "source": {
                    "id": "229",
                    "title": "The Wall Street Journal",
                    "uri": "www.wsj.com"
                },
                "time": "22:31:00",
                "title": "Russian Campaign in Syria Exposes Moscow's Defense Gaps",
                "uri": "554978896",
                "url": "http://www.wsj.com/articles/russian-campaign-in-syria-exposes-moscows-defense-gaps-1480273941",
                "wgt": 1
            },
            {
                "body": "The year's best coffee-table books to help your d\u00e9cor-crazed friends artfully arrange their coffee tables -- and more\n\nGIVING INTERIOR-DECORATING fans a design book without assessing its contents is as risky as gifting them an actual piece of design you've never laid eyes on. Imagine how chagrined ...",
                "date": "2016-11-27",
                "id": "13435937",
                "isDuplicate": false,
                "lang": "eng",
                "sim": 0,
                "source": {
                    "id": "229",
                    "title": "The Wall Street Journal",
                    "uri": "www.wsj.com"
                },
                "time": "22:10:00",
                "title": "Five Design Books Worth Gifting This Season",
                "uri": "552852303",
                "url": "http://www.wsj.com/articles/five-design-books-worth-gifting-this-season-1479941041",
                "wgt": 1
            },
            {
                "body": "Wisconsin, Michigan and Pennsylvania may have to recount if Jill Stein's effort succeeds ENLARGE Then-presidential-nominee Donald Trump arrives at a rally at Spooky Nook Sports center in Manheim, Penn., on Oct. 1. Photo: Mandel Ngan/Agence France-Presse/Getty Images By Byron Tau and Byron Tau The ...",
                "date": "2016-11-27",
                "id": "13434824",
                "isDuplicate": false,
                "lang": "eng",
                "sim": 0.5411764979362488,
                "source": {
                    "id": "229",
                    "title": "The Wall Street Journal",
                    "uri": "www.wsj.com"
                },
                "time": "22:02:00",
                "title": "Three States Prepare to Recount Ballots as Trump Team Attacks the Attempt",
                "uri": "554889150",
                "url": "http://www.wsj.com/articles/trump-and-his-team-attack-attempts-to-recount-ballots-in-three-states-1480268403",
                "wgt": 1
            },
            {
                "body": "Virtual reality was always going to be a tough sell initially -- even at a decent price.\n\nSony launched its first VR system in mid-October. The PlayStation VR has several advantages over rival systems from HTC and Facebook's Oculus: a much lower price and much larger addressable market. Still, VR is ...",
                "date": "2016-11-27",
                "id": "13425840",
                "isDuplicate": false,
                "lang": "eng",
                "sim": 0,
                "source": {
                    "id": "229",
                    "title": "The Wall Street Journal",
                    "uri": "www.wsj.com"
                },
                "time": "20:45:00",
                "title": "Virtual Reality's Long Walk Before Running ",
                "uri": "554945802",
                "url": "http://www.wsj.com/articles/virtual-realitys-long-walk-before-running-1480271531",
                "wgt": 1
            },
            {
                "body": "The briefing room contains 49 seats. Most go to the MSM with barely any to the dot-com world. ENLARGE The James Brady Press Briefing Room. Photo: Getty Images By Ari Fleischer Ari Fleischer The Wall Street Journal CANCEL BiographyAri Fleischer Updated Nov. 28, 2016 7:04 a.m. ET\n\nOutsider Donald ...",
                "date": "2016-11-27",
                "id": "14458592",
                "isDuplicate": false,
                "lang": "eng",
                "sim": 0,
                "source": {
                    "id": "229",
                    "title": "The Wall Street Journal",
                    "uri": "www.wsj.com"
                },
                "time": "20:42:00",
                "title": "Trump vs. the White House Press Corps",
                "uri": "555077180",
                "url": "http://www.wsj.com/articles/trump-vs-the-white-house-press-corps-1480279305",
                "wgt": 1
            },
            {
                "body": "OPEC's struggle to balance oil supply and demand globally is exposing economic fault lines around the world.\n\nThe Organization of the Petroleum Exporting Countries heads into a highly anticipated meeting this week facing a difficult dynamic: Cutting oil production could open the door for other ...",
                "date": "2016-11-27",
                "id": "13422887",
                "isDuplicate": false,
                "lang": "eng",
                "sim": 0.6549019813537598,
                "source": {
                    "id": "229",
                    "title": "The Wall Street Journal",
                    "uri": "www.wsj.com"
                },
                "time": "20:21:00",
                "title": "Measuring the Economic Spillover of OPEC's Oil Output Decisions",
                "uri": "554875955",
                "url": "http://www.wsj.com/articles/measuring-the-economic-spillover-of-opecs-oil-output-decisions-1480266002",
                "wgt": 1
            },
            {
                "body": "11/26/2016 4:52PM\n\nFidel Castro has died at the age of 90. The Cuban leader animated millions with his promises of democracy, social justice and economic progress. But by the time he resigned in 2008 as Cuba's president, he had come to embody all the contradictions of his movement. Photo: ...",
                "date": "2016-11-27",
                "id": "13422097",
                "isDuplicate": false,
                "lang": "eng",
                "sim": 0.7411764860153198,
                "source": {
                    "id": "229",
                    "title": "The Wall Street Journal",
                    "uri": "www.wsj.com"
                },
                "time": "20:14:00",
                "title": "Sea-like Clouds Draw Tourists to Central China",
                "uri": "554936898",
                "url": "http://www.wsj.com/video/sea-like-clouds-draw-tourists-to-central-china/C18A910E-021F-4825-9A98-580B04A06BA9.html",
                "wgt": 1
            },
            {
                "body": "11/26/2016 4:52PM\n\nFidel Castro has died at the age of 90. The Cuban leader animated millions with his promises of democracy, social justice and economic progress. But by the time he resigned in 2008 as Cuba's president, he had come to embody all the contradictions of his movement. Photo: ...",
                "date": "2016-11-27",
                "id": "13422104",
                "isDuplicate": true,
                "lang": "eng",
                "sim": 0,
                "source": {
                    "id": "229",
                    "title": "The Wall Street Journal",
                    "uri": "www.wsj.com"
                },
                "time": "20:14:00",
                "title": "Toy Teslas, Trucks Sport Realistic Details",
                "uri": "554936901",
                "url": "http://www.wsj.com/video/toy-teslas-trucks-sport-realistic-details/EDC18638-0CDB-4DDB-B774-91F0D66FE387.html",
                "wgt": 1
            },
            {
                "body": "Trade body expected to disallow a Washington state tax break connected to the 777X jetliner ENLARGE The EU said Boeing had lined up more than $8 billion in prohibited subsidies for the 777X program and that those subsidies need to be immediately rescinded. U.S. officials have called that figure ...",
                "date": "2016-11-27",
                "id": "13556201",
                "isDuplicate": false,
                "lang": "eng",
                "sim": 0,
                "source": {
                    "id": "229",
                    "title": "The Wall Street Journal",
                    "uri": "www.wsj.com"
                },
                "time": "18:51:00",
                "title": "Boeing Faces WTO Sanctions ",
                "uri": "555049212",
                "url": "http://www.wsj.com/articles/boeing-faces-wto-sanctions-1480272673",
                "wgt": 1
            },
            {
                "body": "Consumers are also seen becoming more comfortable using mobile devices to snap up deals ENLARGE Amazon.com employees organize outbound packages at an Amazon.com Fulfillment Center in Phoenix. Photo: Associated Press By Sarah Nassauer Sarah Nassauer The Wall Street Journal CANCEL BiographySarah ...",
                "date": "2016-11-27",
                "id": "13416404",
                "isDuplicate": false,
                "lang": "eng",
                "sim": 0.407843142747879,
                "source": {
                    "id": "229",
                    "title": "The Wall Street Journal",
                    "uri": "www.wsj.com"
                },
                "time": "16:57:00",
                "title": "Holiday Shoppers Are Making More Purchases Online",
                "uri": "554915625",
                "url": "http://www.wsj.com/articles/holiday-shoppers-are-making-more-purchases-online-1480265819",
                "wgt": 1
            },
            {
                "body": "BRAS\u00cdLIA -- Brazil's President Michel Temer said Sunday that his administration will bar any attempts by legislators to create laws shielding politicians from prosecution for hiding bribes they had taken disguised as campaign donations.\n\nThe issue has become a hot topic as the lower house of ...",
                "date": "2016-11-27",
                "id": "13389964",
                "isDuplicate": false,
                "lang": "eng",
                "sim": 0,
                "source": {
                    "id": "229",
                    "title": "The Wall Street Journal",
                    "uri": "www.wsj.com"
                },
                "time": "16:18:00",
                "title": "Brazil Government to Bar Protecting Politicians From Campaign Investigation ",
                "uri": "554851340",
                "url": "http://www.wsj.com/articles/brazil-government-to-bar-protecting-politicians-from-campaign-investigation-1480257085",
                "wgt": 1
            },
            {
                "body": "TEL AVIV -- An Israeli airstrike killed four Islamic State-affiliated militants in the Syrian Golan Heights on Sunday, Israel's military said, after its soldiers came under fire in one of the first major clashes with the extremist group.\n\nAn Israeli unit was conducting an operation beyond a fence ...",
                "date": "2016-11-27",
                "id": "13389229",
                "isDuplicate": false,
                "lang": "eng",
                "sim": 0,
                "source": {
                    "id": "229",
                    "title": "The Wall Street Journal",
                    "uri": "www.wsj.com"
                },
                "time": "16:13:00",
                "title": "Israel Says Four ISIS-Affiliated Militants Killed in Airstrike in Syrian Golan Heights",
                "uri": "554763726",
                "url": "http://www.wsj.com/articles/israel-says-four-isis-affiliated-militants-killed-in-airstrike-in-syrian-golan-heights-1480247662",
                "wgt": 1
            },
            {
                "body": "New law threatens to unleash fresh sectarian conflict, Sunni legislators say ENLARGE Popular Mobilization Unit fighters outside Mosul, Iraq, on Saturday. Photo: Associated Press By Tamer El-Ghobashy in Erbil, Iraq, and Tamer El-Ghobashy The Wall Street Journal CANCEL BiographyTamer El-Ghobashy ...",
                "date": "2016-11-27",
                "id": "13495212",
                "isDuplicate": false,
                "lang": "eng",
                "sim": 0,
                "source": {
                    "id": "229",
                    "title": "The Wall Street Journal",
                    "uri": "www.wsj.com"
                },
                "time": "16:00:00",
                "title": "Iraq's Sunni Lawmakers to Challenge Legal Recognition of Shiite Militias",
                "uri": "554851335",
                "url": "http://www.wsj.com/articles/iraqs-sunni-lawmakers-to-challenge-legal-recognition-of-shiite-militias-1480262389",
                "wgt": 1
            },
            {
                "body": "With Fidel Castro dead, will the island nation finally begin to live again? ENLARGE Fidel Castro in Havana, Cuba on December 20, 2000. Photo: Zuma Press By Mary Anastasia O'Grady Nov. 27, 2016 10:21 a.m. ET\n\nOn a trip to Cuba in the late 1990s I met a young man who was trying to earn hard currency ...",
                "date": "2016-11-27",
                "id": "13396193",
                "isDuplicate": false,
                "lang": "eng",
                "sim": 0.3921568691730499,
                "source": {
                    "id": "229",
                    "title": "The Wall Street Journal",
                    "uri": "www.wsj.com"
                },
                "time": "15:21:00",
                "title": "For Cubans, the Long Wait Is Over",
                "uri": "554866556",
                "url": "http://www.wsj.com/articles/for-cubans-the-long-wait-is-over-1480260067",
                "wgt": 1
            },
            {
                "body": "This month, European oil company MOL Group delivered a stark message to investors: Demand for fuel in its key markets is bound to fall.\n\nSo-called peak oil demand is a mind-bending scenario that global producers such as Royal Dutch Shell PLC and state-owned Saudi Aramco are beginning to quietly ...",
                "date": "2016-11-27",
                "id": "13381469",
                "isDuplicate": false,
                "lang": "eng",
                "sim": 0,
                "source": {
                    "id": "229",
                    "title": "The Wall Street Journal",
                    "uri": "www.wsj.com"
                },
                "time": "15:18:00",
                "title": "Oil Industry Anticipates Day of Reckoning ",
                "uri": "554797056",
                "url": "http://www.wsj.com/articles/oil-industry-anticipates-day-of-reckoning-1480248012",
                "wgt": 1
            },
            {
                "body": "ERBIL, Iraq -- Iraq's parliament on Saturday voted to approve a bill that formalizes the status of an array of mostly Shiite militias as members of the nation's armed forces, bringing the controversial groups under closer government control.\n\nThe law, which has long been debated and opposed by some ...",
                "date": "2016-11-27",
                "id": "13372722",
                "isDuplicate": false,
                "lang": "eng",
                "sim": 0,
                "source": {
                    "id": "229",
                    "title": "The Wall Street Journal",
                    "uri": "www.wsj.com"
                },
                "time": "14:12:00",
                "title": "Iraq's Shiite Militias Get Formal Role in Armed Forces",
                "uri": "554807445",
                "url": "http://www.wsj.com/articles/iraqs-shiite-militias-get-formal-role-in-armed-forces-1480173617",
                "wgt": 1
            },
            {
                "body": "Laws requiring businesses to give employees more predictable and remunerative schedules sprout across the U.S.\n\nProposed laws requiring employers to give workers more predictable and remunerative schedules are sprouting across the nation, drawing the ire of some employers as local governments wade ...",
                "date": "2016-11-27",
                "id": "13368885",
                "isDuplicate": false,
                "lang": "eng",
                "sim": 0,
                "source": {
                    "id": "229",
                    "title": "The Wall Street Journal",
                    "uri": "www.wsj.com"
                },
                "time": "13:44:00",
                "title": "Local Governments Arrive on Schedule to Buttress Part-Time Workers ",
                "uri": "554467608",
                "url": "http://www.wsj.com/articles/local-governments-arrive-on-schedule-to-buttress-part-time-workers-1480161606",
                "wgt": 1
            },
            {
                "body": "BEIJING -- China plans to clamp tighter controls on Chinese companies seeking to invest overseas, intensifying efforts to slow a surge in capital fleeing offshore amid tepid growth and an uncertain economic outlook.\n\nThe State Council, China's cabinet, will soon announce new measures that subject ...",
                "date": "2016-11-27",
                "id": "13368862",
                "isDuplicate": false,
                "lang": "eng",
                "sim": 0,
                "source": {
                    "id": "229",
                    "title": "The Wall Street Journal",
                    "uri": "www.wsj.com"
                },
                "time": "13:44:00",
                "title": "China Issuing 'Strict Controls' on Overseas Investment ",
                "uri": "554797088",
                "url": "http://www.wsj.com/articles/china-issuing-strict-controls-on-overseas-investment-1480071529",
                "wgt": 1
            },
            {
                "body": "Despite missing out on the Big Ten crown, Ohio State likely to join Alabama in the playoffs\n\nFor all the clarity gained by college football's playoff system, Ohio State's 30-27 double-overtime win against rival Michigan on Saturday left the playoff selection committee with the kind of riddle that ...",
                "date": "2016-11-27",
                "id": "13365425",
                "isDuplicate": false,
                "lang": "eng",
                "sim": 0.4431372582912445,
                "source": {
                    "id": "229",
                    "title": "The Wall Street Journal",
                    "uri": "www.wsj.com"
                },
                "time": "13:19:00",
                "title": "College Football's Final Weekend Creates Riddles for Playoff Committee",
                "uri": "554585745",
                "url": "http://www.wsj.com/articles/college-footballs-final-weekend-creates-riddles-for-playoff-committee-1480211549",
                "wgt": 1
            },
            {
                "body": "Zimbabwe's central bank said it will start issuing on Monday $10 million in so-called bond notes, a parallel currency meant to alleviate a severe shortage of U.S. dollars in the country.\n\nAnger over the impending introduction of the bond notes -- which many Zimbabweans fear are a first step toward ...",
                "date": "2016-11-27",
                "id": "13343118",
                "isDuplicate": false,
                "lang": "eng",
                "sim": 0,
                "source": {
                    "id": "229",
                    "title": "The Wall Street Journal",
                    "uri": "www.wsj.com"
                },
                "time": "10:17:00",
                "title": "Zimbabwe to Start Issuing Bond Notes on Monday",
                "uri": "554726682",
                "url": "http://www.wsj.com/articles/zimbabwe-to-start-issuing-bond-notes-1480171833",
                "wgt": 1
            },
            {
                "body": "Huawei plans to bring a new high-end smartphone to American consumers for the first time Huawei Technologies plans to launch its high-end Mate 9 smartphone in the U.S. for the first time around January. But cracking the American smartphone market is expected to be an uphill battle for the Chinese ...",
                "date": "2016-11-27",
                "id": "13401795",
                "isDuplicate": false,
                "lang": "eng",
                "sim": 0.8117647171020508,
                "source": {
                    "id": "229",
                    "title": "The Wall Street Journal",
                    "uri": "www.wsj.com"
                },
                "time": "10:06:00",
                "title": "Chinese Tech Giant Huawei's Latest Smartphone Faces Frosty U.S. Reception",
                "uri": "554880720",
                "url": "http://www.wsj.com/articles/chinese-tech-giant-huaweis-latest-smartphone-faces-frosty-u-s-reception-1480241121",
                "wgt": 1
            },
            {
                "body": "How Jacqueline Kennedy grieved and burnished her husband's legacy after the 1963 assassination\n\nJacqueline Kennedy (Natalie Portman) looks in a bathroom mirror on Air Force One hours after her husband's assassination, wiping his blood off her face and sobbing uncontrollably.\n\nIn \"Jackie,\" that ...",
                "date": "2016-11-27",
                "id": "13314790",
                "isDuplicate": false,
                "lang": "eng",
                "sim": 0,
                "source": {
                    "id": "229",
                    "title": "The Wall Street Journal",
                    "uri": "www.wsj.com"
                },
                "time": "05:48:00",
                "title": "'Jackie': Natalie Portman and Director Pablo Larrain Explore JFK Mythmaking ",
                "uri": "554626634",
                "url": "http://www.wsj.com/articles/jackie-natalie-portman-and-director-pablo-larrain-explore-jfk-mythmaking-1480161604",
                "wgt": 1
            },
            {
                "body": "WASHINGTON -- The death of Fidel Castro amplifies questions about the future of President Barack Obama's effort to restore U.S. relations with Cuba, as both countries undergo momentous political transitions.\n\nIn the U.S., President-elect Donald Trump takes office in January after sending mixed ...",
                "date": "2016-11-27",
                "id": "13314798",
                "isDuplicate": true,
                "lang": "eng",
                "sim": 0,
                "source": {
                    "id": "229",
                    "title": "The Wall Street Journal",
                    "uri": "www.wsj.com"
                },
                "time": "05:48:00",
                "title": "Fidel Castro's Death Casts Doubt on Cuba's Relations With U.S. ",
                "uri": "554635740",
                "url": "http://www.wsj.com/articles/castros-death-casts-doubt-on-cubas-relations-with-u-s-1480179677",
                "wgt": 1
            },
            {
                "body": "WASHINGTON -- Representatives from Hillary Clinton's presidential campaign plan to participate in the effort to recount ballots in three states that provided Republican Donald Trump his margin of victory, an attorney for the Democratic presidential candidate said.\n\nIn a blog entry posted Saturday, ...",
                "date": "2016-11-27",
                "id": "13314804",
                "isDuplicate": false,
                "lang": "eng",
                "sim": 0,
                "source": {
                    "id": "229",
                    "title": "The Wall Street Journal",
                    "uri": "www.wsj.com"
                },
                "time": "05:48:00",
                "title": "Hillary Clinton Campaign to Participate in Recount Sought by Green Party's Jill Stein ",
                "uri": "554631337",
                "url": "http://www.wsj.com/articles/clinton-campaign-to-participate-in-recount-sought-by-green-partys-stein-1480179181",
                "wgt": 1
            },
            {
                "body": "Fidel Castro's legacy of 57 years in power is best understood by the fates of two groups of his countrymen -- those who remained in Cuba and suffered impoverishment and dictatorship, and those who were lucky or brave enough to flee to America to make their way in freedom. No progressive nostalgia ...",
                "date": "2016-11-27",
                "id": "13314671",
                "isDuplicate": false,
                "lang": "eng",
                "sim": 0,
                "source": {
                    "id": "229",
                    "title": "The Wall Street Journal",
                    "uri": "www.wsj.com"
                },
                "time": "05:47:00",
                "title": "Fidel Castro's Communist Example",
                "uri": "554608956",
                "url": "http://www.wsj.com/articles/fidel-castros-communist-example-1480189319",
                "wgt": 1
            },
            {
                "body": "ERBIL, Iraq -- Iraq's parliament on Saturday voted to approve a bill that formalizes the status of an array of mostly Shiite militias as members of the nation's armed forces, bringing the controversial groups under closer government control.\n\nThe law, which has long been debated and opposed by some ...",
                "date": "2016-11-27",
                "id": "13313939",
                "isDuplicate": false,
                "lang": "eng",
                "sim": 0,
                "source": {
                    "id": "229",
                    "title": "The Wall Street Journal",
                    "uri": "www.wsj.com"
                },
                "time": "05:39:00",
                "title": "Iraq's Shiite Militias Get Formal Role in Armed Forces",
                "uri": "554631346",
                "url": "http://www.wsj.com/articles/iraqs-shiite-militias-get-formal-role-in-armed-forces-1480173617",
                "wgt": 1
            },
            {
                "body": "JAKARTA, Indonesia -- Indonesian police said a suspected Islamic militant arrested earlier this week was making explosives more powerful than those used in the 2002 Bali bombings that killed 202 people.\n\nNational Police spokesman Rikwanto said Saturday that Rio Priatna Wibawa, 23, was linked to ...",
                "date": "2016-11-27",
                "id": "13313904",
                "isDuplicate": false,
                "lang": "eng",
                "sim": 0.7411764860153198,
                "source": {
                    "id": "229",
                    "title": "The Wall Street Journal",
                    "uri": "www.wsj.com"
                },
                "time": "05:38:00",
                "title": "Indonesia Police Say Militant Was Making Powerful Bombs",
                "uri": "554180688",
                "url": "http://www.wsj.com/articles/indonesia-police-say-militant-was-making-powerful-bombs-1480147409",
                "wgt": 1
            },
            {
                "body": "WASHINGTON -- The death of Fidel Castro amplifies questions about the future of President Barack Obama's effort to restore U.S. relations with Cuba, as both countries undergo momentous political transitions.\n\nIn the U.S., President-elect Donald Trump takes office in January after sending mixed ...",
                "date": "2016-11-27",
                "id": "13313897",
                "isDuplicate": false,
                "lang": "eng",
                "sim": 0,
                "source": {
                    "id": "229",
                    "title": "The Wall Street Journal",
                    "uri": "www.wsj.com"
                },
                "time": "05:38:00",
                "title": "Fidel Castro's Death Casts Doubt on Cuba's Relations With U.S. ",
                "uri": "554626655",
                "url": "http://www.wsj.com/articles/castros-death-casts-doubt-on-cubas-relations-with-u-s-1480179677",
                "wgt": 1
            },
            {
                "body": "BOGOT\u00c1, Colombia -- The death of Fidel Castro triggered an outpouring of emotions across Latin America, where the left paid tribute to a leader they saw as an opponent to the U.S. while detractors recalled his brutal dictatorship and support for violent revolution.\n\nThe tributes came from leaders ...",
                "date": "2016-11-27",
                "id": "13313878",
                "isDuplicate": false,
                "lang": "eng",
                "sim": 0,
                "source": {
                    "id": "229",
                    "title": "The Wall Street Journal",
                    "uri": "www.wsj.com"
                },
                "time": "05:38:00",
                "title": "Fidel Castro's Death Echoes Across Latin America ",
                "uri": "554626639",
                "url": "http://www.wsj.com/articles/fidel-castros-death-echoes-across-latin-america-1480196287",
                "wgt": 1
            },
            {
                "body": "Florida's controversial \"stand your ground\" law was associated with a sharp increase in killings in the state, according to a new study whose lead author said he hoped it would prompt lawmakers to re-examine the impact of the law and consider changing it.\n\nBut some researchers questioned the ...",
                "date": "2016-11-27",
                "id": "13311836",
                "isDuplicate": false,
                "lang": "eng",
                "sim": 0.729411780834198,
                "source": {
                    "id": "229",
                    "title": "The Wall Street Journal",
                    "uri": "www.wsj.com"
                },
                "time": "05:16:00",
                "title": "Florida Sees Killings Increase After Passage of 'Stand Your Ground' Gun Law, Study Says ",
                "uri": "554467638",
                "url": "http://www.wsj.com/articles/florida-sees-killings-increase-after-passage-of-stand-your-ground-gun-law-study-says-1480161606",
                "wgt": 1
            },
            {
                "body": "\"Moonlight,\" a movie with no stars and a budget of less than $5 million, is casting a glow beyond cinema's art houses.\n\nThe story of a Miami boy coping with a drug-addicted mother while coming to terms with his homosexuality appeared destined for tiny theaters in New York and Los Angeles. Instead, ...",
                "date": "2016-11-27",
                "id": "13311820",
                "isDuplicate": false,
                "lang": "eng",
                "sim": 0,
                "source": {
                    "id": "229",
                    "title": "The Wall Street Journal",
                    "uri": "www.wsj.com"
                },
                "time": "05:16:00",
                "title": "How 'Moonlight' Became an Improbable Hit",
                "uri": "554626676",
                "url": "http://www.wsj.com/articles/how-moonlight-became-an-improbable-hit-1479846112",
                "wgt": 1
            },
            {
                "body": "New research shows how our brains make -- and profit from -- wandering thoughts\n\nLike most people, I sometimes have a hard time concentrating. I open the file with my unwritten column and my mind stubbornly refuses to stay on track. We all know that our minds wander. But it's actually quite ...",
                "date": "2016-11-27",
                "id": "13311785",
                "isDuplicate": false,
                "lang": "eng",
                "sim": 0,
                "source": {
                    "id": "229",
                    "title": "The Wall Street Journal",
                    "uri": "www.wsj.com"
                },
                "time": "05:16:00",
                "title": "The Brain Machinery Behind Daydreaming",
                "uri": "553537389",
                "url": "http://www.wsj.com/articles/the-brain-machinery-behind-daydreaming-1479919797",
                "wgt": 1
            },
            {
                "body": "Iran is still trying to be exempted from an OPEC output cut but expects the group to reach an agreement on curbs next week, the country's oil minister said Saturday, after tensions over who should shoulder the burden re-emerged in recent days.\n\nThe Organization of the Petroleum Exporting Countries ...",
                "date": "2016-11-27",
                "id": "13311774",
                "isDuplicate": false,
                "lang": "eng",
                "sim": 0,
                "source": {
                    "id": "229",
                    "title": "The Wall Street Journal",
                    "uri": "www.wsj.com"
                },
                "time": "05:16:00",
                "title": "Iran Still Hopes to Be Exempt From OPEC Output Cut ",
                "uri": "554376080",
                "url": "http://www.wsj.com/articles/iran-still-hopes-to-be-exempt-from-opec-output-cut-1480186293",
                "wgt": 1
            },
            {
                "body": "WASHINGTON -- Representatives from Hillary Clinton's presidential campaign plan to participate in the effort to recount ballots in three states that provided Republican Donald Trump his margin of victory, an attorney for the Democratic presidential candidate said.\n\nIn a blog entry posted on ...",
                "date": "2016-11-27",
                "id": "13301952",
                "isDuplicate": false,
                "lang": "eng",
                "sim": 0,
                "source": {
                    "id": "229",
                    "title": "The Wall Street Journal",
                    "uri": "www.wsj.com"
                },
                "time": "03:20:00",
                "title": "Hillary Clinton Campaign to Participate in Recount Sought by Green Party's Jill Stein ",
                "uri": "554467685",
                "url": "http://www.wsj.com/articles/clinton-campaign-to-participate-in-recount-sought-by-green-partys-stein-1480179181",
                "wgt": 1
            },
            {
                "body": "ERBIL, Iraq -- Iraq's parliament on Saturday voted to approve a bill that formalizes the status of an array of mostly Shiite militias as members of the nation's armed forces, bringing the controversial groups under closer government control.\n\nThe law, which has long been debated and opposed by some ...",
                "date": "2016-11-27",
                "id": "13298050",
                "isDuplicate": false,
                "lang": "eng",
                "sim": 0,
                "source": {
                    "id": "229",
                    "title": "The Wall Street Journal",
                    "uri": "www.wsj.com"
                },
                "time": "02:20:00",
                "title": "Iraq's Shiite Militias Get Formal Role in Armed Forces",
                "uri": "554350645",
                "url": "http://www.wsj.com/articles/iraqs-shiite-militias-get-formal-role-in-armed-forces-1480173617",
                "wgt": 1
            },
            {
                "body": "JAKARTA, Indonesia -- Mounting street protests against the governor here are reviving painful memories for many of Indonesia's ethnic Chinese minority, a group that has long faced discrimination and persecution across much of Southeast Asia.\n\nLess than two decades after hundreds of people died in ...",
                "date": "2016-11-27",
                "id": "13298054",
                "isDuplicate": false,
                "lang": "eng",
                "sim": 0,
                "source": {
                    "id": "229",
                    "title": "The Wall Street Journal",
                    "uri": "www.wsj.com"
                },
                "time": "02:20:00",
                "title": "In Indonesia, Fears Rise Among Ethnic Chinese Amid Blasphemy Probe",
                "uri": "554297362",
                "url": "http://www.wsj.com/articles/in-indonesia-fears-rise-among-ethnic-chinese-amid-blasphemy-probe-1480161601",
                "wgt": 1
            },
            {
                "body": "THEY DON'T make them like they used to -- cars, that is -- and you should be very glad. But General Motors' Buick Division still makes a Buick vaguely like the one you remember, and they call it the LaCrosse: a full-size, front-wheel-drive sedan with a rear bench seat (sorry, no front bench) and ...",
                "date": "2016-11-27",
                "id": "13298087",
                "isDuplicate": true,
                "lang": "eng",
                "sim": 0,
                "source": {
                    "id": "229",
                    "title": "The Wall Street Journal",
                    "uri": "www.wsj.com"
                },
                "time": "02:20:00",
                "title": "2017 Buick LaCrosse Review: Not Your Father's Buick, But Close",
                "uri": "554574645",
                "url": "http://www.wsj.com/articles/2017-buick-lacrosse-review-not-your-fathers-buick-but-close-1479916876",
                "wgt": 1
            },
            {
                "body": "BOGOT\u00c1, Colombia -- The death of Fidel Castro triggered an outpouring of emotions across Latin America, where the left paid tribute to a leader they saw as an opponent to the U.S. while detractors recalled his brutal dictatorship and support for violent revolution.\n\nThe tributes came from leaders ...",
                "date": "2016-11-27",
                "id": "13298040",
                "isDuplicate": false,
                "lang": "eng",
                "sim": 0.7098039388656616,
                "source": {
                    "id": "229",
                    "title": "The Wall Street Journal",
                    "uri": "www.wsj.com"
                },
                "time": "02:20:00",
                "title": "Fidel Castro's Death Echoes Across Latin America ",
                "uri": "554459587",
                "url": "http://www.wsj.com/articles/fidel-castros-death-echoes-across-latin-america-1480196287",
                "wgt": 1
            },
            {
                "body": "11/22/2016 4:57PM\n\nWhile companies like Facebook, Twitter and Google promise they will take steps to reduce \"fake news,\" Michael J. Casey and Oliver Luckett, authors of \"The Social Organism,\" argue the first step is an overhaul of the companies' algorithm-based platforms to make them more ...",
                "date": "2016-11-27",
                "id": "13294271",
                "isDuplicate": true,
                "lang": "eng",
                "sim": 0,
                "source": {
                    "id": "229",
                    "title": "The Wall Street Journal",
                    "uri": "www.wsj.com"
                },
                "time": "01:25:00",
                "title": "Fidel Castro, Former Cuban Strongman, Dies",
                "uri": "554418530",
                "url": "http://www.wsj.com/video/fidel-castro-former-cuban-strongman-dies/2B7F2CE8-DDDD-4788-AF6B-05DBFE7B9D78.html",
                "wgt": 1
            }
        ],
        "totalResults": 47
    }
}