{
    "articles": {
        "count": 58,
        "page": 1,
        "pages": 1,
        "results": [
            {
                "body": "We don't like to admit anything is wrong; that would signal weakness. Which we can't have.\n\nGarret J. White has been there and he's chosen to help men overcome their issues through his experiences. From attending college to becoming a semi-pro athlete, to being cancer ridden and hospitalized, his ...",
                "date": "2016-12-04",
                "id": "15221685",
                "isDuplicate": false,
                "lang": "eng",
                "sim": 0,
                "source": {
                    "id": "402",
                    "title": "The Huffington Post",
                    "uri": "www.huffingtonpost.com"
                },
                "time": "23:59:00",
                "title": "One Man Is Using His Sordid Past To Change Thousands Of Men's Futures",
                "uri": "559609643",
                "url": "http://www.huffingtonpost.com/ryan-stewman-/one-man-is-using-his-sord_b_13419374.html",
                "wgt": 1
            },
            {
                "body": "ROME, Dec 4 (Reuters) - Prime Minister Matteo Renzi has lost a referendum on constitutional reform by a wide margin, exit polls showed on Sunday, throwing his future into doubt and opening the door to renewed political instability in Italy.\n\nRenzi, who had promised to resign if his flagship project ...",
                "date": "2016-12-04",
                "id": "15217039",
                "isDuplicate": false,
                "lang": "eng",
                "sim": 0.6274510025978088,
                "source": {
                    "id": "402",
                    "title": "The Huffington Post",
                    "uri": "www.huffingtonpost.com"
                },
                "time": "23:20:00",
                "title": "Matteo Renzi Faces Defeat In Italian Constitutional Referendum: Exit Polls",
                "uri": "559592498",
                "url": "http://www.huffingtonpost.com/entry/renzi-headed-for-defeat_us_584496d4e4b09e21702f473c",
                "wgt": 1
            },
            {
                "body": "Skiers and snowboarders donning Santa suits and beards hit the slopes for the 17th annual Santa Sunday in Maine.\n\nIt may be his busiest time of the year, but even Santa Claus needs time to unwind.\n\nAs many as 180 red-suited Santas hit the ski slopes on Sunday as part of the 17th annual Santa Sunday ...",
                "date": "2016-12-04",
                "id": "15213829",
                "isDuplicate": false,
                "lang": "eng",
                "sim": 0,
                "source": {
                    "id": "402",
                    "title": "The Huffington Post",
                    "uri": "www.huffingtonpost.com"
                },
                "time": "22:57:00",
                "title": "Ho, Ho, Ho-old On! Santas Hit The Slopes For Wacky Charity Event",
                "uri": "559589875",
                "url": "http://www.huffingtonpost.com/entry/180-santas-ski-for-charity_us_58447bd9e4b017f37fe53f73",
                "wgt": 1
            },
            {
                "body": "The \"historic\" decision comes as thousands of protesters gather on the Standing Rock Sioux reservation.\n\nThe Obama administration has halted construction of the controversial Dakota Access Pipeline amid growing protests that were expected to draw some 2,000 U.S. military veterans.\n\nThe Army ...",
                "date": "2016-12-04",
                "id": "15210398",
                "isDuplicate": false,
                "lang": "eng",
                "sim": 0.6000000238418579,
                "source": {
                    "id": "402",
                    "title": "The Huffington Post",
                    "uri": "www.huffingtonpost.com"
                },
                "time": "22:30:00",
                "title": "Obama Administration Halts Construction Of Dakota Access Pipeline",
                "uri": "559580928",
                "url": "http://www.huffingtonpost.com/entry/obama-dakota-access-pipeline-halt_us_5844882be4b0c68e04817323",
                "wgt": 1
            },
            {
                "body": "No, the Minnesota congressman's candidacy to head the Democratic National Committee is not \"toast.\"\n\nRep. Keith Ellison (D-Minn.) enjoys the support of over 100 Democratic lawmakers in his quest to chair the Democratic National Committee -- more than any other candidate.\n\nBut virtually from the ...",
                "date": "2016-12-04",
                "id": "15208543",
                "isDuplicate": false,
                "lang": "eng",
                "sim": 0,
                "source": {
                    "id": "402",
                    "title": "The Huffington Post",
                    "uri": "www.huffingtonpost.com"
                },
                "time": "22:15:00",
                "title": "Journalists Are Enabling A Smear Campaign Against Keith Ellison",
                "uri": "559574838",
                "url": "http://www.huffingtonpost.com/entry/journalists-keith-ellison-smear-campaign_us_58435707e4b0c68e0481543a",
                "wgt": 1
            },
            {
                "body": "It's no secret Baby Groot has become everyone's favorite character from \"Guardians of the Galaxy\" and judging from the newest teaser for the franchise's second installment, the film's creators are well aware.\n\nOn Saturday, Marvel posted a new look at the upcoming film, and it's filled with plenty of ...",
                "date": "2016-12-04",
                "id": "15201924",
                "isDuplicate": false,
                "lang": "eng",
                "sim": 0.4470588266849518,
                "source": {
                    "id": "402",
                    "title": "The Huffington Post",
                    "uri": "www.huffingtonpost.com"
                },
                "time": "21:18:00",
                "title": "Baby Groot Is Too Cute In New 'Guardians Of The Galaxy Vol. 2' Teaser",
                "uri": "559555671",
                "url": "http://www.huffingtonpost.com/entry/guardians-of-the-galaxy-vol-2-teaser_us_58447a6ee4b0c68e048171b5",
                "wgt": 1
            },
            {
                "body": "DA Jon Blodgett says 16 y.o. Mathew Borges charged with murder of Lee Viloria-Paulino. Also 16. Both students at Lawrence HS. @NECN pic.twitter.com/nTeapsCqy9 -- Perry Russom (@PerryRussom)\n\nPolice told the Boston Herald that the victim's arms had been cut off near the elbows and that his head was ...",
                "date": "2016-12-04",
                "id": "15199136",
                "isDuplicate": false,
                "lang": "eng",
                "sim": 0.6313725709915161,
                "source": {
                    "id": "402",
                    "title": "The Huffington Post",
                    "uri": "www.huffingtonpost.com"
                },
                "time": "20:54:00",
                "title": "16-Year-Old Arrested After Missing Teen's Body Found Decapitated",
                "uri": "559547734",
                "url": "http://www.huffingtonpost.com/entry/arrest-made-in-decapitated-teen-death_us_584443b1e4b0c68e04816df2",
                "wgt": 1
            },
            {
                "body": "In 2010, it recently emerged, Ellison spoke at a fund-raiser hosted by a past president of the Muslim American society. In the speech, referring to Israel. He declared, \"We can't let another country to treat us like we're their ATM.\" This is not entirely wrong as a description of Israel's view of ...",
                "date": "2016-12-04",
                "id": "15193427",
                "isDuplicate": false,
                "lang": "eng",
                "sim": 0.5921568870544434,
                "source": {
                    "id": "402",
                    "title": "The Huffington Post",
                    "uri": "www.huffingtonpost.com"
                },
                "time": "20:07:00",
                "title": "Cecile Richards Or Tom Perez For DNC Chair",
                "uri": "559531999",
                "url": "http://www.huffingtonpost.com/robert-kuttner/cecile-richards-or-tom-pe_1_b_13415916.html",
                "wgt": 1
            },
            {
                "body": "Fidel Castro's ashes were encased in a large granite boulder on Sunday, in a ceremony that capped nine days of public mourning in Cuba that aimed to literally set in stone the legacy for one of the 20th century's most influential figures.\n\nRevolutionary leader Castro toppled a U.S.-backed strongman ...",
                "date": "2016-12-04",
                "id": "15192236",
                "isDuplicate": false,
                "lang": "eng",
                "sim": 0.7803921699523926,
                "source": {
                    "id": "402",
                    "title": "The Huffington Post",
                    "uri": "www.huffingtonpost.com"
                },
                "time": "19:58:00",
                "title": "Fidel Castro Interred In Rock, Closing Last Chapter Of Historic Life",
                "uri": "559524242",
                "url": "http://www.huffingtonpost.com/entry/fidel-castro-interred-in-rock_us_58446c3ae4b017f37fe53e57",
                "wgt": 1
            },
            {
                "body": "\"From the beginning I fought and argued for a pro-European Austria.\"\n\nA sigh of relief went through Europe when independent Alexander Van der Bellen narrowly beat his far-right rival Norbert Hofer for the Austrian presidency in May, diplomats said.\n\nVan der Bellen repeated the feat on Sunday -- the ...",
                "date": "2016-12-04",
                "id": "15191702",
                "isDuplicate": false,
                "lang": "eng",
                "sim": 0.7607843279838562,
                "source": {
                    "id": "402",
                    "title": "The Huffington Post",
                    "uri": "www.huffingtonpost.com"
                },
                "time": "19:55:00",
                "title": "Pro-EU Van Der Bellen Becomes The Face Of Austria",
                "uri": "559527699",
                "url": "http://www.huffingtonpost.com/entry/van-der-bellen-becomes-the-face-of-austria_us_584469fae4b09e21702f40e7",
                "wgt": 1
            },
            {
                "body": "The man sends one blow to the marsupial's face, immediately stopping the animal in its place.\n\nIt may be one of the most bizarre battles fought in the animal kingdom.\n\nA video uploaded to Facebook on Saturday appears to show a man punching a kangaroo in its face after coming across the marsupial ...",
                "date": "2016-12-04",
                "id": "15190517",
                "isDuplicate": false,
                "lang": "eng",
                "sim": 0,
                "source": {
                    "id": "402",
                    "title": "The Huffington Post",
                    "uri": "www.huffingtonpost.com"
                },
                "time": "19:45:00",
                "title": "Video Appears To Shows Man Punching Kangaroo After Finding It Strangling Dog",
                "uri": "559521105",
                "url": "http://www.huffingtonpost.com/entry/man-punches-kangaroo-video_us_584426bae4b0c68e04816832",
                "wgt": 1
            },
            {
                "body": "When most people have an itch, they scratch it and move on with their day. When Jennifer Lawrence has an itch, scratching it could turn deadly.\n\nAt least, that's what almost happened when Lawrence was filming one of the \"Hunger Games\" movies in Hawaii. On Friday, the actress appeared on \"The Graham ...",
                "date": "2016-12-04",
                "id": "15189153",
                "isDuplicate": false,
                "lang": "eng",
                "sim": 0.7568627595901489,
                "source": {
                    "id": "402",
                    "title": "The Huffington Post",
                    "uri": "www.huffingtonpost.com"
                },
                "time": "19:34:00",
                "title": "JLaw And Her Itchy Butt Almost Killed Someone On 'Hunger Games' Set",
                "uri": "559521097",
                "url": "http://www.huffingtonpost.com/entry/jennifer-lawrence-itchy-butt-almost-killed-someone_us_58444462e4b09e21702f3e0a",
                "wgt": 1
            },
            {
                "body": "Last Thursday, President-elect Donald Trump triumphantly celebrated Carrier's decision to reverse its plan to close a furnace plant and move jobs to Mexico. Some 800 jobs will remain in Indianapolis.\n\n\"Corporate America is going to have to understand that we have to take care of our workers,\" Trump ...",
                "date": "2016-12-04",
                "id": "15189207",
                "isDuplicate": false,
                "lang": "eng",
                "sim": 0.9254902005195618,
                "source": {
                    "id": "402",
                    "title": "The Huffington Post",
                    "uri": "www.huffingtonpost.com"
                },
                "time": "19:34:00",
                "title": "Trump Plans To Keep Jobs In America By Bribing Giant Corporations",
                "uri": "559521084",
                "url": "http://www.huffingtonpost.com/entry/trumps-trickle-down-populism_us_5844686ee4b017f37fe53db8",
                "wgt": 1
            },
            {
                "body": "I first met Blake and his family on the day they moved into the Victorian house next door to mine on the historic east side of Providence, Rhode Island. He was in the business of managing TV stations, and his magic touch made them profitable. He also had all the makings of a great collector: ...",
                "date": "2016-12-04",
                "id": "15188766",
                "isDuplicate": false,
                "lang": "eng",
                "sim": 0,
                "source": {
                    "id": "402",
                    "title": "The Huffington Post",
                    "uri": "www.huffingtonpost.com"
                },
                "time": "19:31:00",
                "title": "OPEN THIS END: CONTEMPORARY ART FROM THE BLAKE BYRNE COLLECTION",
                "uri": "559519805",
                "url": "http://www.huffingtonpost.com/bruce-helander/open-this-end-contemporar_b_13412836.html",
                "wgt": 1
            },
            {
                "body": "CHARLOTTE, North Carolina -- Just four weeks since Donald Trump won the 2016 presidential election, a number of states have become increasingly more hostile to abortion rights. Texas will soon mandate the burial or cremation of aborted or miscarried fetuses, and the state's politicians have also ...",
                "date": "2016-12-04",
                "id": "15187880",
                "isDuplicate": false,
                "lang": "eng",
                "sim": 0.5137255191802979,
                "source": {
                    "id": "402",
                    "title": "The Huffington Post",
                    "uri": "www.huffingtonpost.com"
                },
                "time": "19:23:00",
                "title": "North Carolina Abortion Providers Fight For Ground Amid Growing Hostility",
                "uri": "559517512",
                "url": "http://www.huffingtonpost.com/entry/charlotte-abortion-rights-protest_us_5841b859e4b0c68e04808b82",
                "wgt": 1
            },
            {
                "body": "Sixty-six days might seem like a long time, but there are specific stages you have to go through that will make the process feel much shorter. Let's take a look at these.\n\nIt's usually pretty obvious which bad habits are causing the most problems in your life--the ones that keep coming up in ...",
                "date": "2016-12-04",
                "id": "15182853",
                "isDuplicate": false,
                "lang": "eng",
                "sim": 0,
                "source": {
                    "id": "402",
                    "title": "The Huffington Post",
                    "uri": "www.huffingtonpost.com"
                },
                "time": "18:42:00",
                "title": "How To Break A Bad Habit -- For Good",
                "uri": "559504261",
                "url": "http://www.huffingtonpost.com/dr-travis-bradberry/how-to-break-a-bad-habit_b_13232244.html",
                "wgt": 1
            },
            {
                "body": "Emma Stone took on the role of sexy poster girl during her stint on \"Saturday Night Live\" last night and thanks to her, we'll never think of math the same way again.\n\nIn one sketch, called \"Posters,\" Pete Davidson plays a student struggling to figure out his algebra homework. As he considers ...",
                "date": "2016-12-04",
                "id": "15176728",
                "isDuplicate": false,
                "lang": "eng",
                "sim": 0,
                "source": {
                    "id": "402",
                    "title": "The Huffington Post",
                    "uri": "www.huffingtonpost.com"
                },
                "time": "17:59:00",
                "title": "Emma Stone Is A Sexy Poster Girl Come To Life In 'SNL' Sketch",
                "uri": "559487118",
                "url": "http://www.huffingtonpost.com/entry/emma-stone-poster-snl-sketch_us_58443559e4b017f37fe53740",
                "wgt": 1
            },
            {
                "body": "At least 24 people died in the fire that erupted Friday night during an Oakland, California, warehouse dance party, fire officials said Sunday morning.\n\nAuthorities said the death toll could be as high as 40, and that they still have 80 percent of the building left to search. About 50 people were ...",
                "date": "2016-12-04",
                "id": "15176475",
                "isDuplicate": false,
                "lang": "eng",
                "sim": 0.5647059082984924,
                "source": {
                    "id": "402",
                    "title": "The Huffington Post",
                    "uri": "www.huffingtonpost.com"
                },
                "time": "17:57:00",
                "title": "Oakland Fire Death Toll Jumps To 24",
                "uri": "559487114",
                "url": "http://www.huffingtonpost.com/entry/oakland-warehouse-fire_us_58444428e4b09e21702f3e09",
                "wgt": 1
            },
            {
                "body": "It was the morning after the election. The bottle of Champagne I'd opened as part of an anticipated victory celebration still sat on the coffee table, only one-third finished, the unconsumed flat remainder marking the exact moment that my future, as a transgender American, became uncertain.\n\nI ...",
                "date": "2016-12-04",
                "id": "15176457",
                "isDuplicate": false,
                "lang": "eng",
                "sim": 0,
                "source": {
                    "id": "402",
                    "title": "The Huffington Post",
                    "uri": "www.huffingtonpost.com"
                },
                "time": "17:57:00",
                "title": "Really, You're Blaming Transgender People for Trump?",
                "uri": "559487116",
                "url": "http://www.huffingtonpost.com/entry/blaming-trandsender-people-trump_us_58444e0ce4b017f37fe53be2",
                "wgt": 1
            },
            {
                "body": "Could that be true?? Could it be true that as recently as 1921, the movers and shakers of this country actually feared that the American worker would rise up and seize control of the government? Given today's pro-corporate climate, that notion of a proletarian revolution--tantalizing as it is--seems ...",
                "date": "2016-12-04",
                "id": "15176405",
                "isDuplicate": false,
                "lang": "eng",
                "sim": 0,
                "source": {
                    "id": "402",
                    "title": "The Huffington Post",
                    "uri": "www.huffingtonpost.com"
                },
                "time": "17:57:00",
                "title": "Organized Labor In Trump World",
                "uri": "559487121",
                "url": "http://www.huffingtonpost.com/david-macaray/organized-labor-in-trump_b_13414086.html",
                "wgt": 1
            },
            {
                "body": "When you think of Trinidad, chances are your mind will conjure up steelpan bands, those wonderfully infectious combos who over the past 70 years have perfected the art of teasing the lilting accents of the Caribbean out of 55-gallon industrial oil drums with lids ingeniously fashioned into prisms of ...",
                "date": "2016-12-04",
                "id": "15175430",
                "isDuplicate": false,
                "lang": "eng",
                "sim": 0,
                "source": {
                    "id": "402",
                    "title": "The Huffington Post",
                    "uri": "www.huffingtonpost.com"
                },
                "time": "17:49:00",
                "title": "The Magnificent Rain Forests of Trinidad's Northern Mountains: Trotting round Trinidad and Tobago on the Looney Front, Part 1",
                "uri": "559484281",
                "url": "http://www.huffingtonpost.com/mike-arkus/the-magnificent-rain-fore_b_12993260.html",
                "wgt": 1
            },
            {
                "body": "Vice President-elect Mike Pence defended President-elect Donald Trump on Sunday for making the baseless claim that \"millions\" of people voted illegally, saying it was \"refreshing\" and \"his right to express his opinion.\"\n\nBut his defense of Trump on ABC's \"This Week\" notably skipped over any ...",
                "date": "2016-12-04",
                "id": "15170363",
                "isDuplicate": false,
                "lang": "eng",
                "sim": 0.8392156958580017,
                "source": {
                    "id": "402",
                    "title": "The Huffington Post",
                    "uri": "www.huffingtonpost.com"
                },
                "time": "17:15:00",
                "title": "Trump's Team Can't Back Up His Illegal Voter Lie, But Defend It Anyway",
                "uri": "559471553",
                "url": "http://www.huffingtonpost.com/entry/mike-pence-trump-voter-fraud_us_584441c4e4b09e21702f3df4",
                "wgt": 1
            },
            {
                "body": "The first step is to acknowledge the importance of social and economic rights, such as education or health services, in deepening democracy and fighting inequality. Other provisions in the Central American strategy include improving security while respecting human rights and strengthening Mexico's ...",
                "date": "2016-12-04",
                "id": "15170360",
                "isDuplicate": false,
                "lang": "eng",
                "sim": 0,
                "source": {
                    "id": "402",
                    "title": "The Huffington Post",
                    "uri": "www.huffingtonpost.com"
                },
                "time": "17:15:00",
                "title": "How the US is outsourcing border enforcement to Mexico",
                "uri": "559471548",
                "url": "http://www.huffingtonpost.com/the-conversation-global/how-the-us-is-outsourcing_b_13413216.html",
                "wgt": 1
            },
            {
                "body": "The original No Limit Soldier, Master P has now joined a list of rappers including - Snoop Dogg, Ghostface Killah and Wiz Khalifa in evolving the cannabis industry. The statement released from the brands website MasterPsTrees.com describes Master P's Trees as a \"complete lifestyle\" with products ...",
                "date": "2016-12-04",
                "id": "15169111",
                "isDuplicate": false,
                "lang": "eng",
                "sim": 0,
                "source": {
                    "id": "402",
                    "title": "The Huffington Post",
                    "uri": "www.huffingtonpost.com"
                },
                "time": "17:06:00",
                "title": "Smoke Some Trees With Master P",
                "uri": "559468179",
                "url": "http://www.huffingtonpost.com/sirita-wright/smoke-some-trees-with-mas_b_13412890.html",
                "wgt": 1
            },
            {
                "body": "VIENNA, Dec 4 (Reuters) - Far-right Austrian presidential candidate Norbert Hofer's campaign manager conceded defeat on Sunday to former Greens leader Alexander Van der Bellen.\n\n\"The bottom line is it didn't quite work out,\" Herbert Kickl told broadcaster ORF as initial projections showed Van der ...",
                "date": "2016-12-04",
                "id": "15167924",
                "isDuplicate": true,
                "lang": "eng",
                "sim": 0,
                "source": {
                    "id": "402",
                    "title": "The Huffington Post",
                    "uri": "www.huffingtonpost.com"
                },
                "time": "16:59:00",
                "title": "Far-Right Camp Concedes Defeat In Austrian Presidential Election",
                "uri": "559465597",
                "url": "http://www.huffingtonpost.com/entry/austrian-elections-far-right-defeat_us_58444703e4b09e21702f3e4b",
                "wgt": 1
            },
            {
                "body": "President-elect Donald Trump's team insists it's not a big deal that he spoke directly with Taiwan's president, breaking with years of delicate foreign policy precedent and leading to the Chinese government lodging a complaint over the matter with the U.S.\n\nVice President-elect Mike Pence said ...",
                "date": "2016-12-04",
                "id": "15167519",
                "isDuplicate": false,
                "lang": "eng",
                "sim": 0.7450980544090271,
                "source": {
                    "id": "402",
                    "title": "The Huffington Post",
                    "uri": "www.huffingtonpost.com"
                },
                "time": "16:56:00",
                "title": "Trump Camp Scrambles To Defend Diplomatic Blunder Over China And Taiwan",
                "uri": "559463486",
                "url": "http://www.huffingtonpost.com/entry/mike-pence-trump-taiwan_us_58443355e4b017f37fe536ed",
                "wgt": 1
            },
            {
                "body": "A Polish woman survived a car crash when a street lamp took the hit for her.\n\nA pedestrian going about her errands in the Polish town of Kalisz was incredibly unlucky -- then astonishingly lucky when a car speeding straight at her was stopped by a streetlight just inches away.\n\nThe startling fate of ...",
                "date": "2016-12-04",
                "id": "15167547",
                "isDuplicate": false,
                "lang": "eng",
                "sim": 0,
                "source": {
                    "id": "402",
                    "title": "The Huffington Post",
                    "uri": "www.huffingtonpost.com"
                },
                "time": "16:56:00",
                "title": "Light Saves Pedestrian From Death By Speeding Car",
                "uri": "559463491",
                "url": "http://www.huffingtonpost.com/entry/pedestrian-saved-lamppost-car-crash_us_58436dd1e4b09e21702f2896",
                "wgt": 1
            },
            {
                "body": "A new book is taking a compelling look at the history of faux-lesbian fantasy photography and the practice's relationship to the male gaze.\n\nLesbians For Men is a first of its kind coffee table book that brings together photography from over the decades that explores female sexuality created in ...",
                "date": "2016-12-04",
                "id": "15161915",
                "isDuplicate": false,
                "lang": "eng",
                "sim": 0,
                "source": {
                    "id": "402",
                    "title": "The Huffington Post",
                    "uri": "www.huffingtonpost.com"
                },
                "time": "16:19:00",
                "title": "A New Book Is Examining Lesbian Erotica And The Male Gaze Through The Ages (NSFW)",
                "uri": "559447221",
                "url": "http://www.huffingtonpost.com/entry/lesbians-for-men-coffeetable-book_us_5841a043e4b0c68e04806b5d",
                "wgt": 1
            },
            {
                "body": "There are many possible explanations for Hillary Clinton's loss last month. Perhaps it was her failure to resonate with white working class voters, her inability to generate excitement among younger non-white voters, or simply a case of political overreach as her campaign put resources into states ...",
                "date": "2016-12-04",
                "id": "15161490",
                "isDuplicate": false,
                "lang": "eng",
                "sim": 0,
                "source": {
                    "id": "402",
                    "title": "The Huffington Post",
                    "uri": "www.huffingtonpost.com"
                },
                "time": "16:16:00",
                "title": "Six Things Democrats Can Do Now to Combat Trumpism",
                "uri": "559445909",
                "url": "http://www.huffingtonpost.com/lincoln-mitchell/six-things-democrats-can_b_13412830.html",
                "wgt": 1
            },
            {
                "body": "The president-elect risks opening a trade war with other countries.\n\nPresident-elect Donald Trump wrote a series of tweets early Sunday morning in which he threatened \"retribution\" in the form of a 35 percent tariff on U.S. companies that move abroad.\n\n\"The U.S. is going to substantialy (sic) reduce ...",
                "date": "2016-12-04",
                "id": "15158646",
                "isDuplicate": false,
                "lang": "eng",
                "sim": 0.7137255072593689,
                "source": {
                    "id": "402",
                    "title": "The Huffington Post",
                    "uri": "www.huffingtonpost.com"
                },
                "time": "15:57:00",
                "title": "Donald Trump Threatens 35 Percent Tariff As 'Retribution' For Companies That Move Abroad",
                "uri": "559438688",
                "url": "http://www.huffingtonpost.com/entry/donald-trump-tariff-retribution_us_584428a9e4b017f37fe53564",
                "wgt": 1
            },
            {
                "body": "Thank you for your service to our country, for your continuing dedication to the high values of our Constitution and principles of justice. Thank you for once again being willing to put yourself on the line.\n\nI have heard from thousands of people across America about the hope that you represent. ...",
                "date": "2016-12-04",
                "id": "15156711",
                "isDuplicate": false,
                "lang": "eng",
                "sim": 0,
                "source": {
                    "id": "402",
                    "title": "The Huffington Post",
                    "uri": "www.huffingtonpost.com"
                },
                "time": "15:43:00",
                "title": "An Open Letter To The Honored Veterans At Standing Rock",
                "uri": "559433588",
                "url": "http://www.huffingtonpost.com/entry/an-open-letter-veterans-standing-rock_us_584433dee4b017f37fe53703",
                "wgt": 1
            },
            {
                "body": "Keep an eye on Bilal Powell's cleats during Monday Night Football.\n\nWhen the NFL told players this season that they could dedicate a piece of their uniforms to a cause or charity they wanted to highlight, Bilal Powell knew right away what he wanted to do.\n\nSo on Monday night, the soft-spoken New ...",
                "date": "2016-12-04",
                "id": "15153898",
                "isDuplicate": false,
                "lang": "eng",
                "sim": 0,
                "source": {
                    "id": "402",
                    "title": "The Huffington Post",
                    "uri": "www.huffingtonpost.com"
                },
                "time": "15:22:00",
                "title": "Jets Player Has Creative Plan To Bring Attention To The Horrors Of Gun Violence",
                "uri": "559425395",
                "url": "http://www.huffingtonpost.com/entry/bilal-powell-anti-gun-violence-cleats-jets_us_5841aed5e4b017f37fe44757",
                "wgt": 1
            },
            {
                "body": "DUBAI (Reuters) - Iranian President Hassan Rouhani demanded on Sunday that Barack Obama block an extension of sanctions passed by the U.S. Congress, saying Tehran would otherwise \"firmly respond\".\n\nIn a speech to parliament, Rouhani denounced legislation passed by the U.S. Congress to extend the ...",
                "date": "2016-12-04",
                "id": "15150624",
                "isDuplicate": false,
                "lang": "eng",
                "sim": 0,
                "source": {
                    "id": "402",
                    "title": "The Huffington Post",
                    "uri": "www.huffingtonpost.com"
                },
                "time": "14:59:00",
                "title": "Iran Vows 'Firm Response' Unless Obama Stops Sanctions Renewal",
                "uri": "559417870",
                "url": "http://www.huffingtonpost.com/entry/obama-iran-sanctions_us_584424b8e4b09e21702f3811",
                "wgt": 1
            },
            {
                "body": "A majority of the US population is exposed to a psychological trauma during their life. For certain people, such as police officers, firefighters, or soldiers, the risk of experiencing trauma is even greater. However, only a fraction of those who experience such events will develop post-traumatic ...",
                "date": "2016-12-04",
                "id": "15148703",
                "isDuplicate": false,
                "lang": "eng",
                "sim": 0,
                "source": {
                    "id": "402",
                    "title": "The Huffington Post",
                    "uri": "www.huffingtonpost.com"
                },
                "time": "14:45:00",
                "title": "PTSD: How Does Genetics Affect Your Risk?",
                "uri": "559412866",
                "url": "http://www.huffingtonpost.com/mclean-hospital/ptsd-how-does-genetics-af_b_13411350.html",
                "wgt": 1
            },
            {
                "body": "\"The Stein campaign will continue to fight for a statewide recount.\"\n\nGreen Party candidate Jill Stein late Saturday vowed to bring her fight for a recount of votes cast in Pennsylvania in the U.S. presidential election to federal court, after a state judge ordered her campaign to post a $1 million ...",
                "date": "2016-12-04",
                "id": "15146374",
                "isDuplicate": false,
                "lang": "eng",
                "sim": 0.7529411911964417,
                "source": {
                    "id": "402",
                    "title": "The Huffington Post",
                    "uri": "www.huffingtonpost.com"
                },
                "time": "14:28:00",
                "title": "Jill Stein To Pursue Pennsylvania Recount Petition In Federal Court",
                "uri": "559407105",
                "url": "http://www.huffingtonpost.com/entry/stein-to-pursue-pennsylvania-recount-petition-in-federal-court_us_58441a96e4b0c68e048167e2",
                "wgt": 1
            },
            {
                "body": "(In 2015, Elizabeth White wrote the personal article for Next Avenue, \"Unemployed, 55 and Faking Normal.\" She has now expanded it into a practical book for older jobless Americans, with 100 online resources and true-life stories: Fifty-Five, Unemployed and Faking Normal: Your Guide to a Better Life. ...",
                "date": "2016-12-04",
                "id": "15145727",
                "isDuplicate": false,
                "lang": "eng",
                "sim": 0,
                "source": {
                    "id": "402",
                    "title": "The Huffington Post",
                    "uri": "www.huffingtonpost.com"
                },
                "time": "14:22:00",
                "title": "Jobless After 50? Here's What To Do First.",
                "uri": "559404895",
                "url": "http://www.huffingtonpost.com/entry/jobless-after-50-heres-what-to-do-first_us_5841955ae4b017f37fe42981",
                "wgt": 1
            },
            {
                "body": "Cookie swaps: the perfect excuse to party with friends and sample copiuous amounts of cookies. Whether you prefer the classics or want to try something new, these cookies are all tested, perfected, and family-approved.\n\nButtery with a thin layer of glaze that adds just the right amount of sweetness, ...",
                "date": "2016-12-04",
                "id": "15142488",
                "isDuplicate": false,
                "lang": "eng",
                "sim": 0,
                "source": {
                    "id": "402",
                    "title": "The Huffington Post",
                    "uri": "www.huffingtonpost.com"
                },
                "time": "13:59:00",
                "title": "18 All-Star Cookie Swap Recipes",
                "uri": "559394504",
                "url": "http://www.huffingtonpost.com/jennifer-segal/18-all-star-cookie-swap-r_b_13292174.html",
                "wgt": 1
            },
            {
                "body": "More than 20 million Americans could lose health insurance from the repeal of Obamacare. But not everybody would suffer. And among those who stand to gain are the richest people in America.\n\nThat's because Obamacare didn't just change insurance arrangements. It also raised taxes on corporations and ...",
                "date": "2016-12-04",
                "id": "15797031",
                "isDuplicate": false,
                "lang": "eng",
                "sim": 0.4666666686534882,
                "source": {
                    "id": "402",
                    "title": "The Huffington Post",
                    "uri": "www.huffingtonpost.com"
                },
                "time": "13:35:00",
                "title": "Repealing Obamacare Would Give A Tax Cut To Millionaires, Like Donald Trump",
                "uri": "561078134",
                "url": "http://www.huffingtonpost.com/entry/obamacare-tax-cut-millionaires_us_5841de41e4b09e21702e96b9",
                "wgt": 1
            },
            {
                "body": "Italians started to vote on Sunday in a referendum on constitutional reform which will decide the political future of Prime Minister Matteo Renzi, who has promised to resign if he loses.\n\nFinancial markets and Europe's politicians fear victory for the opposition 'No' camp could trigger political ...",
                "date": "2016-12-04",
                "id": "15135227",
                "isDuplicate": false,
                "lang": "eng",
                "sim": 0,
                "source": {
                    "id": "402",
                    "title": "The Huffington Post",
                    "uri": "www.huffingtonpost.com"
                },
                "time": "13:07:00",
                "title": "Italy Votes In Referendum With Matteo Renzi's Future At Stake",
                "uri": "559364040",
                "url": "http://www.huffingtonpost.com/entry/italy-votes-in-referendum_us_58440ceee4b017f37fe5349d",
                "wgt": 1
            },
            {
                "body": "The party was hosted by the Mercer family, one of his biggest donors.\n\nU.S. President-elect Donald Trump attended a \"Villains and Heroes\" costume party at a major donor's Long Island home on Saturday night, but declined to don any garb that was in keeping with the theme.\n\nTrump entered the party ...",
                "date": "2016-12-04",
                "id": "15133260",
                "isDuplicate": false,
                "lang": "eng",
                "sim": 0.7411764860153198,
                "source": {
                    "id": "402",
                    "title": "The Huffington Post",
                    "uri": "www.huffingtonpost.com"
                },
                "time": "12:51:00",
                "title": "Trump Attends 'Villains And Heroes' Costume Party Dressed As...Himself",
                "uri": "559364349",
                "url": "http://www.huffingtonpost.com/entry/trump-attends-villains-and-heroes_us_58440b5ee4b017f37fe53461",
                "wgt": 1
            },
            {
                "body": "\"Because he achieved success in business, it suggests that he is a clever man.\"\n\nU.S. President-elect Donald Trump is a clever man and will quickly understand his new responsibilities, Russian President Vladimir Putin said in an interview with NTV TV.\n\nPutin has spoken previously of his hope that ...",
                "date": "2016-12-04",
                "id": "15132327",
                "isDuplicate": false,
                "lang": "eng",
                "sim": 0.9882352948188782,
                "source": {
                    "id": "402",
                    "title": "The Huffington Post",
                    "uri": "www.huffingtonpost.com"
                },
                "time": "12:43:00",
                "title": "Putin Praises 'Clever' Trump, Says He Will Quickly Understand New Responsibilities",
                "uri": "559354905",
                "url": "http://www.huffingtonpost.com/entry/putin-praises-clever-trump_us_58440893e4b0c68e0481671c",
                "wgt": 1
            },
            {
                "body": "BEIJING (Reuters) - The death toll from a northern Chinese coal mine disaster rose to 32 on Sunday, state media reported, the latest accident in a country with a poor record of industrial safety.\n\nThe blast took place on Saturday in a small mine in the Inner Mongolia region, next to Mongolia, Xinhua ...",
                "date": "2016-12-04",
                "id": "15128526",
                "isDuplicate": false,
                "lang": "eng",
                "sim": 0,
                "source": {
                    "id": "402",
                    "title": "The Huffington Post",
                    "uri": "www.huffingtonpost.com"
                },
                "time": "12:12:00",
                "title": "Death Toll From Chinese Coal Mine Disaster Rises To 32",
                "uri": "559344776",
                "url": "http://www.huffingtonpost.com/entry/china-coal-mine-disaster-dead_us_584402aae4b0c68e048166fd",
                "wgt": 1
            },
            {
                "body": "You may think few things in life bring more joy than a glass of vino, but that's only because you haven't heard of these wine-infused lip tints.\n\nLabiotte, the company behind the vibrant lip tints, uses a red wine extract called sepivinol. Labiotte claims the ingredient is an anti-aging antioxidant ...",
                "date": "2016-12-04",
                "id": "15123132",
                "isDuplicate": false,
                "lang": "eng",
                "sim": 0,
                "source": {
                    "id": "402",
                    "title": "The Huffington Post",
                    "uri": "www.huffingtonpost.com"
                },
                "time": "11:29:00",
                "title": "These Lip Tints Are Made From Your Favorite Wine",
                "uri": "559328455",
                "url": "http://www.huffingtonpost.com/entry/wine-extracts-lip-tints-beauty_us_583f4e03e4b0c68e047eba2c",
                "wgt": 1
            },
            {
                "body": "#TrumpFirsts: first presidential candidate to openly mock a United States veteran, war hero, and prisoner of war and get elected anyway. -- Lauren Moore (@dlmluckytiger)\n\nDecember 3, 2016\n\nFirst president to expose America's ugly racist underbelly... by putting it in charge of the country. ...",
                "date": "2016-12-04",
                "id": "15120853",
                "isDuplicate": false,
                "lang": "eng",
                "sim": 0,
                "source": {
                    "id": "402",
                    "title": "The Huffington Post",
                    "uri": "www.huffingtonpost.com"
                },
                "time": "11:10:00",
                "title": "All The #TrumpFirsts That America Is Enduring",
                "uri": "559320436",
                "url": "http://www.huffingtonpost.com/entry/donald-trump-twitter-firsts_us_5843ccfae4b017f37fe52fdc",
                "wgt": 1
            },
            {
                "body": "Another U.S. president soon will have to deal with North Korea, which has been busy developing nuclear weapons for a quarter century or more. The Kim dynasty is on its third leader, Kim Jong-un, who recently presided over Pyongyang's fifth nuclear test. By the end of the year the North could possess ...",
                "date": "2016-12-04",
                "id": "15115202",
                "isDuplicate": false,
                "lang": "eng",
                "sim": 0.7568627595901489,
                "source": {
                    "id": "402",
                    "title": "The Huffington Post",
                    "uri": "www.huffingtonpost.com"
                },
                "time": "10:25:00",
                "title": "Could President Bill Clinton have Changed History in North Korea?",
                "uri": "559298090",
                "url": "http://www.huffingtonpost.com/doug-bandow/could-president-bill-clin_b_13408436.html",
                "wgt": 1
            },
            {
                "body": "According to sources close to Egyptian President Abdel Fattah al-Sisi, next year will be Egypt's year par excellence. They say Egypt will be the only Arab country that will have strategic quasi-alliances with both Putin's Russia and Trump's America. They say in all confidence that Egypt's economy ...",
                "date": "2016-12-04",
                "id": "15108513",
                "isDuplicate": false,
                "lang": "eng",
                "sim": 0,
                "source": {
                    "id": "402",
                    "title": "The Huffington Post",
                    "uri": "www.huffingtonpost.com"
                },
                "time": "09:29:00",
                "title": "Egypt bets on strategic relations with Trump and Putin",
                "uri": "559268414",
                "url": "http://www.huffingtonpost.com/raghida-dergham/egypt-bets-on-strategic-r_b_13407926.html",
                "wgt": 1
            },
            {
                "body": "The incoming administration of Donald Trump continues to contact a host of world leaders. On December 1, Vice President-elect Mike Pence reached out to Norway, Armenia and Mongolia, among others.\n\nLet's take a look at the readout of his call with Maithripala Sirisena, Sri Lanka's president:\n\n\"The ...",
                "date": "2016-12-04",
                "id": "15100359",
                "isDuplicate": false,
                "lang": "eng",
                "sim": 0,
                "source": {
                    "id": "402",
                    "title": "The Huffington Post",
                    "uri": "www.huffingtonpost.com"
                },
                "time": "08:13:00",
                "title": "Trump Shouldn't Reward Sri Lanka's Sirisena",
                "uri": "559232073",
                "url": "http://www.huffingtonpost.com/taylor-dibbert/trump-shouldnt-reward-sri_b_13407342.html",
                "wgt": 1
            },
            {
                "body": "Promoting culture is imperative for Arabs given the destruction of, and war on, culture launched by extremist and terrorist groups in the Middle East/North Africa region, said Sultan Al Qassemi.\n\n\"Every single member of our community in the Arab world has a responsibility and has the ability today, ...",
                "date": "2016-12-04",
                "id": "15099975",
                "isDuplicate": false,
                "lang": "eng",
                "sim": 0,
                "source": {
                    "id": "402",
                    "title": "The Huffington Post",
                    "uri": "www.huffingtonpost.com"
                },
                "time": "08:10:00",
                "title": "Art & Culture vs Extremism in Arab World",
                "uri": "559237977",
                "url": "http://www.huffingtonpost.com/magda-abufadil/art--culture-vs-extremism_b_13407706.html",
                "wgt": 1
            },
            {
                "body": "This week's cold open skit centered around the people who Baldwin as Trump has been retweeting since his presidential election victory. Trump's chief strategist Steve Bannon even made an appearance, as the Grim Reaper.\n\nIn November, Trump petulantly dubbed the show \"totally one-sided\" and \"biased.\" ...",
                "date": "2016-12-04",
                "id": "15097316",
                "isDuplicate": false,
                "lang": "eng",
                "sim": 0,
                "source": {
                    "id": "402",
                    "title": "The Huffington Post",
                    "uri": "www.huffingtonpost.com"
                },
                "time": "07:47:00",
                "title": "Trump Blasts 'Totally Biased' 'SNL' For Third Time On Twitter",
                "uri": "559225420",
                "url": "http://www.huffingtonpost.com/entry/donald-trump-snl-alec-baldwin-tweets-anger_us_5843bbfce4b017f37fe52cbb",
                "wgt": 1
            },
            {
                "body": "Congresswoman Gabbard with Standing Rock Sioux Chairman Dave Archambault II (center right) and supporters\n\nU.S. Congresswoman Tulsi Gabbard's (D-HI) Twitter handle is an accurate summation of the unpretentious woman who stood before 400 Veterans and Water Protectors at Sitting Bull College in Fort ...",
                "date": "2016-12-04",
                "id": "15091639",
                "isDuplicate": false,
                "lang": "eng",
                "sim": 0,
                "source": {
                    "id": "402",
                    "title": "The Huffington Post",
                    "uri": "www.huffingtonpost.com"
                },
                "time": "06:52:00",
                "title": "Hawaii's Tulsi Gabbard Joins Water Protectors at Standing Rock",
                "uri": "559207660",
                "url": "http://www.huffingtonpost.com/georgianne-nienaber/hawaiis-tulsi-gabbard-joi_b_13405756.html",
                "wgt": 1
            },
            {
                "body": "NEW YORK - U.S. President-elect Donald Trump attended a \"Villains and Heroes\" costume party at a major donor's Long Island home on Saturday night, but declined to don any garb that was in keeping with the theme.\n\nTrump entered the party hosted by the Mercer family, one of his biggest donors, at ...",
                "date": "2016-12-04",
                "id": "15082946",
                "isDuplicate": false,
                "lang": "eng",
                "sim": 0.7960784435272217,
                "source": {
                    "id": "402",
                    "title": "The Huffington Post",
                    "uri": "www.huffingtonpost.com"
                },
                "time": "05:15:00",
                "title": "Trump Attends 'Villains And Heroes' Costume Party As Himself",
                "uri": "559175583",
                "url": "http://www.huffingtonpost.com/entry/donald-trump-villain-costume_us_58439de5e4b09e21702f2afa",
                "wgt": 1
            },
            {
                "body": "Though Kristein's poignant story unfolded more than seventy years ago, the events themselves carry key political significance in present day Ukraine, a country which is seeking to come to terms with some of the more sordid details of its wartime past. Recently, Kyiv authorities held the 75th ...",
                "date": "2016-12-04",
                "id": "15072932",
                "isDuplicate": false,
                "lang": "eng",
                "sim": 0,
                "source": {
                    "id": "402",
                    "title": "The Huffington Post",
                    "uri": "www.huffingtonpost.com"
                },
                "time": "03:17:00",
                "title": "A History of Vandalism: Welcome to Ukraine's Historic Holocaust Site",
                "uri": "559144453",
                "url": "http://www.huffingtonpost.com/nikolas-kozloff/a-history-of-vandalism-we_b_13402898.html",
                "wgt": 1
            },
            {
                "body": "The pectoralis major is a large muscle that lies in front of the chest wall (Figure 1). It is a powerful adductor, internal rotator, and flexor of the shoulder.\n\nThe pectoralis major has two heads; the clavicular head (upper part) and the sternal head (lower part) (Figure 2).\n\nThe pectoralis major ...",
                "date": "2016-12-04",
                "id": "15072900",
                "isDuplicate": false,
                "lang": "eng",
                "sim": 0,
                "source": {
                    "id": "402",
                    "title": "The Huffington Post",
                    "uri": "www.huffingtonpost.com"
                },
                "time": "03:16:00",
                "title": "Pectoralis Muscle, Tendon Tear",
                "uri": "559146636",
                "url": "http://www.huffingtonpost.com/nabil-ebraheim-md/pectoralis-muscle-tendon_b_13375642.html",
                "wgt": 1
            },
            {
                "body": "In the latest sign of increasing hostility toward journalists by American officials, an award-winning Canadian photographer was denied entry to the U.S. after he refused to unlock his cell phones for border authorities.\n\nPhotojournalist Ed Ou was pulled aside and interrogated for six hours in ...",
                "date": "2016-12-04",
                "id": "15069101",
                "isDuplicate": false,
                "lang": "eng",
                "sim": 0.7019608020782471,
                "source": {
                    "id": "402",
                    "title": "The Huffington Post",
                    "uri": "www.huffingtonpost.com"
                },
                "time": "02:19:00",
                "title": "U.S. Denies Entry to Canadian Photojournalist Covering Standing Rock",
                "uri": "559131926",
                "url": "http://www.huffingtonpost.com/entry/canadian-photojournalist-ed-ou-standing-rock_us_58435565e4b09e21702f21d4",
                "wgt": 1
            },
            {
                "body": "Chris Brown started it. Then a flood of dance-happy social media users got in on the craze. Then Snoop Dogg took the whole thing to the next level. Now, the original voice behind the viral #UNameItChallenge is responding to Snoop's two-minute iteration of the remixed \"beans, greens, potatoes, ...",
                "date": "2016-12-04",
                "id": "15063732",
                "isDuplicate": false,
                "lang": "eng",
                "sim": 0.7411764860153198,
                "source": {
                    "id": "402",
                    "title": "The Huffington Post",
                    "uri": "www.huffingtonpost.com"
                },
                "time": "01:09:00",
                "title": "Viral Sensation Shirley Caesar Responds To Snoop's Music Video For The #UNameItChallenge",
                "uri": "559115660",
                "url": "http://www.huffingtonpost.com/entry/shirley-caesar-snoop-unameitchallenge_us_58421332e4b09e21702ec75a",
                "wgt": 1
            },
            {
                "body": "Whether Maher has actually had to watch such a terrifying situation unfold is anyone's guess. If he has, we can only hope he did more than observe and that his emotions were something a little stronger than \"nervous.\"\n\nIt's not the first time Maher has made a point using the concept of children ...",
                "date": "2016-12-04",
                "id": "15062663",
                "isDuplicate": false,
                "lang": "eng",
                "sim": 0,
                "source": {
                    "id": "402",
                    "title": "The Huffington Post",
                    "uri": "www.huffingtonpost.com"
                },
                "time": "00:55:00",
                "title": "Bill Maher On Donald Trump: It's Like Watching A Toddler Playing With A Gun",
                "uri": "559110748",
                "url": "http://www.huffingtonpost.com/entry/bill-maher-trump-toddler-with-a-gun_us_5843394be4b09e21702f0475",
                "wgt": 1
            },
            {
                "body": "\"Last Tango In Paris\" is one of those movies your parents warned you about.\n\nPraised by critics as high art and considered controversial by some because of its infamous X rating, the film, helmed by famed Italian director Bernardo Bertolucci, is best remembered for an explicit rape scene.\n\nAfter ...",
                "date": "2016-12-04",
                "id": "15062624",
                "isDuplicate": false,
                "lang": "eng",
                "sim": 0.8784313797950745,
                "source": {
                    "id": "402",
                    "title": "The Huffington Post",
                    "uri": "www.huffingtonpost.com"
                },
                "time": "00:55:00",
                "title": "That Famous Rape Scene In 'Last Tango In Paris' Was Actually Rape",
                "uri": "559112279",
                "url": "http://www.huffingtonpost.com/entry/bertolucci-last-tango-rape-scene_us_584339a4e4b0c68e04813517",
                "wgt": 1
            },
            {
                "body": "In the wake of its failure, the humility one would expect from the media has been largely lacking. Instead of a post-mortem introspective on its journalistic failures, much of the media has been looking for scapegoats outside the confines of the Fourth Estate. In addition, some in the conservative ...",
                "date": "2016-12-04",
                "id": "15058332",
                "isDuplicate": false,
                "lang": "eng",
                "sim": 0,
                "source": {
                    "id": "402",
                    "title": "The Huffington Post",
                    "uri": "www.huffingtonpost.com"
                },
                "time": "00:12:00",
                "title": "President Donald Trump: An Earthquake For America's Media",
                "uri": "559101002",
                "url": "http://www.huffingtonpost.com/sheldon-filger/president-donald-trump-an_b_13400356.html",
                "wgt": 1
            }
        ],
        "totalResults": 58
    }
}