{
    "articles": {
        "count": 58,
        "page": 1,
        "pages": 1,
        "results": [
            {
                "body": "Man grabbed officer's collapsible baton and struck housing police, chief says Associated Press Nov. 19, 2016 5:59 p.m. ET\n\nNEW YORK -- A Brooklyn man was fatally shot during a skirmish with two police officers in a housing project hallway, police said.\n\nThe officers encountered the man around 1 p.m. ...",
                "date": "2016-11-19",
                "id": "11753321",
                "isDuplicate": false,
                "lang": "eng",
                "sim": 0.8901960849761963,
                "source": {
                    "id": "229",
                    "title": "The Wall Street Journal",
                    "uri": "www.wsj.com"
                },
                "time": "23:59:00",
                "title": "Brooklyn Man Fatally Shot by Police During Scuffle",
                "uri": "550465654",
                "url": "http://www.wsj.com/articles/brooklyn-man-fatally-shot-by-police-during-scuffle-1479596358",
                "wgt": 1
            },
            {
                "body": "11/19/2016 1:01PM\n\nPope Francis elevated 17 new cardinals in a mass at St. Peter's Basilica on Saturday. During the ceremony, the pontiff warned against the dangers of a growing global trend to demonize people of different nationalities, races or faiths. Photo: AP\n\n11/19/2016 9:50AM 11/17/2016 ...",
                "date": "2016-11-19",
                "id": "11743085",
                "isDuplicate": false,
                "lang": "eng",
                "sim": 0,
                "source": {
                    "id": "229",
                    "title": "The Wall Street Journal",
                    "uri": "www.wsj.com"
                },
                "time": "22:09:00",
                "title": "Donald Trump and Mitt Romney Make Move to Reconcile",
                "uri": "550436302",
                "url": "http://www.wsj.com/video/donald-trump-and-mitt-romney-make-move-to-reconcile/D1396B3B-BC79-4512-8C7A-8857C170D192.html",
                "wgt": 1
            },
            {
                "body": "The Obama Administration's executive overreach received another rebuke on Wednesday, this time from a federal court in Texas. In National Federation of Independent Businesses v. Perez, Judge Sam Cummings granted a motion for summary judgment and rejected the Labor Department's attempt to stack ...",
                "date": "2016-11-19",
                "id": "11734007",
                "isDuplicate": false,
                "lang": "eng",
                "sim": 0,
                "source": {
                    "id": "229",
                    "title": "The Wall Street Journal",
                    "uri": "www.wsj.com"
                },
                "time": "20:35:00",
                "title": "Another Judge Is Unpersuaded",
                "uri": "550112025",
                "url": "http://www.wsj.com/articles/another-judge-is-unpersuaded-1479513749",
                "wgt": 1
            },
            {
                "body": "Incoming Senate minority leader would fight broad tax cuts for the wealthy or reductions in entitlement programs; views may converge on infrastructure and trade ENLARGE U.S. Sen. Charles Schumer (D., N.Y.) Photo: Getty Images By Siobhan Hughes and Siobhan Hughes The Wall Street Journal CANCEL ...",
                "date": "2016-11-19",
                "id": "11715512",
                "isDuplicate": false,
                "lang": "eng",
                "sim": 0.7686274647712708,
                "source": {
                    "id": "229",
                    "title": "The Wall Street Journal",
                    "uri": "www.wsj.com"
                },
                "time": "17:00:00",
                "title": "Charles Schumer Ready for Battle, but Sees Some Common Ground With Donald Trump ",
                "uri": "550352779",
                "url": "http://www.wsj.com/articles/charles-schumer-ready-for-battle-but-sees-some-common-ground-with-donald-trump-1479574801",
                "wgt": 1
            },
            {
                "body": "11/17/2016 7:49PM\n\nA revolving door of important people have been meeting with President-elect Donald Trump and his transition team at Trump Tower this week. WSJ's Damian Paletta spent a long day observing the commotion in the skyscraper's lobby. Photo: Drew Angerer/Getty Images\n\n11/18/2016 5:03PM ...",
                "date": "2016-11-19",
                "id": "11695854",
                "isDuplicate": true,
                "lang": "eng",
                "sim": 0,
                "source": {
                    "id": "229",
                    "title": "The Wall Street Journal",
                    "uri": "www.wsj.com"
                },
                "time": "15:11:00",
                "title": "'Hamilton' Cast Delivers Message to Mike Pence",
                "uri": "550298241",
                "url": "http://www.wsj.com/video/hamilton-cast-delivers-message-to-mike-pence/ED4050D8-9A90-406D-8EFE-F943F0AA2B1E.html",
                "wgt": 1
            },
            {
                "body": "U.S. president meeting with leaders of Asian countries that are part of the Trans-Pacific Partnership ENLARGE President Obama arrived in Peru late Friday on the final foreign visit of his eight-year presidency. Photo: Agence France-Presse/Getty Images By Carol E. Lee and Carol E. Lee The Wall Street ...",
                "date": "2016-11-19",
                "id": "11696892",
                "isDuplicate": false,
                "lang": "eng",
                "sim": 0,
                "source": {
                    "id": "229",
                    "title": "The Wall Street Journal",
                    "uri": "www.wsj.com"
                },
                "time": "14:30:00",
                "title": "Obama Is Facing Hurdles in Peru as Clock Ticks on Term ",
                "uri": "550302744",
                "url": "http://www.wsj.com/articles/obama-faces-challenges-on-foreign-policies-1479565783",
                "wgt": 1
            },
            {
                "body": "Trump outlook and Fed's likely move are strengthening dollar, and ECB may not help stop euro's fall ENLARGE The euro has been shrinking against the backdrop of the dollar. Photo: Reuters By Mike Bird Mike Bird The Wall Street Journal CANCEL BiographyMike Bird @birdyword mike.bird@wsj.com Nov. 19, ...",
                "date": "2016-11-19",
                "id": "11746325",
                "isDuplicate": false,
                "lang": "eng",
                "sim": 0.4549019634723663,
                "source": {
                    "id": "229",
                    "title": "The Wall Street Journal",
                    "uri": "www.wsj.com"
                },
                "time": "14:21:00",
                "title": "Euro, Dollar Flirt With Parity",
                "uri": "550445946",
                "url": "http://www.wsj.com/articles/euro-dollar-flirt-with-parity-1479565238",
                "wgt": 1
            },
            {
                "body": "FRANKFURT -- U.S. regulators are yet again set to block a takeover of a European technology company by a Chinese buyer, a further sign of how China Inc.'s recent shopping binge is raising security concerns in the Western world.\n\nGerman technology firm Aixtron SE late Friday said it was informed by ...",
                "date": "2016-11-19",
                "id": "11683079",
                "isDuplicate": false,
                "lang": "eng",
                "sim": 0.6627451181411743,
                "source": {
                    "id": "229",
                    "title": "The Wall Street Journal",
                    "uri": "www.wsj.com"
                },
                "time": "13:30:00",
                "title": "U.S. Regulators Move to Stop Chinese Takeover of German Tech Firm Aixtron ",
                "uri": "550201625",
                "url": "http://www.wsj.com/articles/u-s-regulators-move-to-stop-chinese-takeover-of-german-tech-firm-aixtron-1479549362",
                "wgt": 1
            },
            {
                "body": "The 14-nation cartel is meeting to decide on output reductions aimed at boosting oil prices ENLARGE A worker checks the valves at Al-Sheiba oil refinery in Basra, Iraq, earlier this year. Photo: Reuters By Benoit Faucon Benoit Faucon The Wall Street Journal CANCEL BiographyBenoit Faucon ...",
                "date": "2016-11-19",
                "id": "11711715",
                "isDuplicate": false,
                "lang": "eng",
                "sim": 0.6235294342041016,
                "source": {
                    "id": "229",
                    "title": "The Wall Street Journal",
                    "uri": "www.wsj.com"
                },
                "time": "13:19:00",
                "title": "Iran Oil Minister Says OPEC Production-Curb Deal Is 'Highly Likely'",
                "uri": "550342707",
                "url": "http://www.wsj.com/articles/iran-oil-minister-says-opec-curb-deal-highly-likely-1479561550",
                "wgt": 1
            },
            {
                "body": "BERLIN -- President Barack Obama Friday urged the leaders of Germany, France, the U.K., Italy and Spain to continue close cooperation on security and foreign policy issues with the U.S. under future President Donald Trump.\n\nThe meeting marked the last time the European leaders convened with Mr. ...",
                "date": "2016-11-19",
                "id": "11668122",
                "isDuplicate": false,
                "lang": "eng",
                "sim": 0,
                "source": {
                    "id": "229",
                    "title": "The Wall Street Journal",
                    "uri": "www.wsj.com"
                },
                "time": "11:20:00",
                "title": "Obama Urges EU Leaders to Cooperate With U.S. Under Trump ",
                "uri": "550114317",
                "url": "http://www.wsj.com/articles/president-obama-meets-with-eu-leaders-for-last-time-1479466892",
                "wgt": 1
            },
            {
                "body": "BRUSSELS -- European interior ministers backed planned changes Friday to the bloc's main security database aimed at better tracking and catching terror suspects.\n\nThe changes -- which still have to be finalized by the bloc's executive by the end of the year -- are aimed at preventing the sort of ...",
                "date": "2016-11-19",
                "id": "11668121",
                "isDuplicate": true,
                "lang": "eng",
                "sim": 0,
                "source": {
                    "id": "229",
                    "title": "The Wall Street Journal",
                    "uri": "www.wsj.com"
                },
                "time": "11:19:00",
                "title": "EU Ministers Back Changes to Security Database to Better Track Terror Suspects ",
                "uri": "550223008",
                "url": "http://www.wsj.com/articles/eu-ministers-back-changes-to-security-database-to-better-track-terror-suspects-1479493406",
                "wgt": 1
            },
            {
                "body": "Days of airstrikes have killed more than 150 people and wounded hundreds more ENLARGE Syrian families receive aid packages in the rebel-held neighborhood of al-Marjah in Aleppo on Nov. 15, 2016. Photo: Agence France-Presse/Getty Images By Raja Abdulrahim and Raja Abdulrahim The Wall Street Journal ...",
                "date": "2016-11-19",
                "id": "11659758",
                "isDuplicate": false,
                "lang": "eng",
                "sim": 0.5137255191802979,
                "source": {
                    "id": "229",
                    "title": "The Wall Street Journal",
                    "uri": "www.wsj.com"
                },
                "time": "09:59:00",
                "title": "Aleppo's Hospitals Shut Down After Heavy Bombardment",
                "uri": "550200781",
                "url": "http://www.wsj.com/articles/aleppos-hospitals-shut-down-after-heavy-bombardment-1479549512",
                "wgt": 1
            },
            {
                "body": "WASHINGTON -- The federal government has put Wells Fargo & Co. on a much tighter leash, requiring the firm's banking unit to seek approval before making a wide range of business decisions, after a regulator revoked key portions of a two-month-old settlement in the company's sales scandal.\n\nThe ...",
                "date": "2016-11-19",
                "id": "11654651",
                "isDuplicate": false,
                "lang": "eng",
                "sim": 0,
                "source": {
                    "id": "229",
                    "title": "The Wall Street Journal",
                    "uri": "www.wsj.com"
                },
                "time": "09:25:00",
                "title": "Banking Regulator Imposes New Restrictions on Wells Fargo",
                "uri": "550102310",
                "url": "http://www.wsj.com/articles/banking-regulator-imposes-new-restrictions-on-wells-fargo-1479519295",
                "wgt": 1
            },
            {
                "body": "More than 150 people have been killed since airstrikes on rebel-held areas resumed, medical officials say By Raja Abdulrahim and Raja Abdulrahim The Wall Street Journal CANCEL BiographyRaja Abdulrahim @RajaAbdulrahim raja.abdulrahim@wsj.com Nour Alakraa Nov. 18, 2016 12:03 p.m. ET ENLARGE Syrian ...",
                "date": "2016-11-19",
                "id": "11653721",
                "isDuplicate": false,
                "lang": "eng",
                "sim": 0.501960813999176,
                "source": {
                    "id": "229",
                    "title": "The Wall Street Journal",
                    "uri": "www.wsj.com"
                },
                "time": "09:16:00",
                "title": "Hospitals in Bombarded Aleppo Forced to Shut ",
                "uri": "550184303",
                "url": "http://www.wsj.com/articles/hospitals-in-bombarded-aleppo-forced-to-shut-1479488604",
                "wgt": 1
            },
            {
                "body": "Team Obama's stance on sports bundling could be bad news for the megadeal with Time Warner.\n\nDonald Trump's antitrust policy is unknown, but the Obama administration has been strangely friendly toward monopolists and hostile to dynamically changing marketplaces.\n\nTeam Obama sued Apple and ...",
                "date": "2016-11-19",
                "id": "11633411",
                "isDuplicate": false,
                "lang": "eng",
                "sim": 0,
                "source": {
                    "id": "229",
                    "title": "The Wall Street Journal",
                    "uri": "www.wsj.com"
                },
                "time": "05:47:00",
                "title": "The L.A. Dodgers Could Help Kill the AT&T Merger",
                "uri": "550112031",
                "url": "http://www.wsj.com/articles/the-l-a-dodgers-could-help-kill-the-at-t-merger-1479513265",
                "wgt": 1
            },
            {
                "body": "Several hospitals were forced to shut in besieged east Aleppo on Friday, as doctors scrambled to treat victims of what residents, activists and medical officials called a relentless bombardment by Syrian and allied Russian forces.\n\nMore than 150 people have been killed since airstrikes on rebel-held ...",
                "date": "2016-11-19",
                "id": "11633346",
                "isDuplicate": false,
                "lang": "eng",
                "sim": 0,
                "source": {
                    "id": "229",
                    "title": "The Wall Street Journal",
                    "uri": "www.wsj.com"
                },
                "time": "05:46:00",
                "title": "Hospitals in Bombarded Aleppo Forced to Shut ",
                "uri": "550065822",
                "url": "http://www.wsj.com/articles/hospitals-in-bombarded-aleppo-forced-to-shut-1479488604",
                "wgt": 1
            },
            {
                "body": "KUALA LUMPUR, Malaysia -- Large crowds gathered in Kuala Lumpur on Saturday to demand the resignation of Malaysia's Prime Minister Najib Razak, the day after police banned the protest and arrested two of the activists who planned it.\n\nThe arrests came hours after police and regulatory officials on ...",
                "date": "2016-11-19",
                "id": "11633100",
                "isDuplicate": false,
                "lang": "eng",
                "sim": 0,
                "source": {
                    "id": "229",
                    "title": "The Wall Street Journal",
                    "uri": "www.wsj.com"
                },
                "time": "05:43:00",
                "title": "Malaysia Protesters Gather Despite Arrests, Rally Ban",
                "uri": "550116634",
                "url": "http://www.wsj.com/articles/malaysian-police-detain-activists-ban-rally-against-prime-minister-1479476072",
                "wgt": 1
            },
            {
                "body": "Central bankers throughout Asia are digging deep into their policy tool kits to find novel ways to respond to a wave of sharp market movements since Donald Trump's surprise U.S. presidential election victory.\n\nPolicy makers in emerging economies like Indonesia and Malaysia have been fretting about ...",
                "date": "2016-11-19",
                "id": "11633088",
                "isDuplicate": false,
                "lang": "eng",
                "sim": 0,
                "source": {
                    "id": "229",
                    "title": "The Wall Street Journal",
                    "uri": "www.wsj.com"
                },
                "time": "05:42:00",
                "title": "Asian Central Banks Struggling to Defend Currencies",
                "uri": "549942029",
                "url": "http://www.wsj.com/articles/asian-central-banks-struggling-to-defend-currencies-1479477523",
                "wgt": 1
            },
            {
                "body": "Mayors in at least seven major U.S. cities reaffirmed their commitments to shelter illegal immigrants from federal immigration authorities after Republican president-elect Donald Trump said he would block federal funding for \"sanctuary cities.\"\n\nSanctuary policies vary by city. Typically, local ...",
                "date": "2016-11-19",
                "id": "11632900",
                "isDuplicate": false,
                "lang": "eng",
                "sim": 0,
                "source": {
                    "id": "229",
                    "title": "The Wall Street Journal",
                    "uri": "www.wsj.com"
                },
                "time": "05:41:00",
                "title": "Cities Defend Immigration Sanctuary Policies Under Fire by Donald Trump",
                "uri": "550108942",
                "url": "http://www.wsj.com/articles/cities-defend-immigration-sanctuary-policies-under-fire-by-donald-trump-1479483002",
                "wgt": 1
            },
            {
                "body": "Countries under pressure to narrow deficits are bracing for a U.S. call to spend more on defense ENLARGE Servicemen from several countries take part in NATO joint training outside Tbilisi, Georgia, on Thursday. Photo: zurab kurtsikidze/European Pressphoto Agency By Julian E. Barnes in Brussels and ...",
                "date": "2016-11-19",
                "id": "11633881",
                "isDuplicate": false,
                "lang": "eng",
                "sim": 0.4666666686534882,
                "source": {
                    "id": "229",
                    "title": "The Wall Street Journal",
                    "uri": "www.wsj.com"
                },
                "time": "05:41:00",
                "title": "Trump's NATO Demand Clashes With EU Budgets",
                "uri": "550122417",
                "url": "http://www.wsj.com/articles/trumps-nato-demand-clashes-with-eu-budgets-1479534031",
                "wgt": 1
            },
            {
                "body": "NEW YORK -- President-elect Donald Trump reached outside the Republican establishment as he started populating his senior team, announcing Friday that he would nominate Sen. Jeff Sessions as attorney general and Rep. Mike Pompeo as director of the Central Intelligence Agency.\n\nMr. Trump also said he ...",
                "date": "2016-11-19",
                "id": "11632873",
                "isDuplicate": false,
                "lang": "eng",
                "sim": 0.47843137383461,
                "source": {
                    "id": "229",
                    "title": "The Wall Street Journal",
                    "uri": "www.wsj.com"
                },
                "time": "05:41:00",
                "title": "Donald Trump Begins Filling Cabinet With Offers to Jeff Sessions, Mike Pompeo ",
                "uri": "550114313",
                "url": "http://www.wsj.com/articles/trump-offers-attorney-general-post-to-sen-sessions-alabama-republican-was-an-early-trump-supporter-1479473455",
                "wgt": 1
            },
            {
                "body": "BRUSSELS -- European interior ministers backed planned changes Friday to the bloc's main security database aimed at better tracking and catching terror suspects.\n\nThe changes -- which still have to be finalized by the bloc's executive by the end of the year -- are aimed at preventing the sort of ...",
                "date": "2016-11-19",
                "id": "11632630",
                "isDuplicate": false,
                "lang": "eng",
                "sim": 0,
                "source": {
                    "id": "229",
                    "title": "The Wall Street Journal",
                    "uri": "www.wsj.com"
                },
                "time": "05:38:00",
                "title": "EU Ministers Back Changes to Security Database to Better Track Terror Suspects ",
                "uri": "549931787",
                "url": "http://www.wsj.com/articles/eu-ministers-back-changes-to-security-database-to-better-track-terror-suspects-1479493406",
                "wgt": 1
            },
            {
                "body": "It is thanks to Aubrey that we know Thomas Hobbes played tennis and John Milton could sing.\n\nThe antiquarian John Aubrey died in June of 1697, probably of apoplexy, while traveling from London into the English countryside. At age 71, he was an elderly bankrupt. Years earlier, his father had left him ...",
                "date": "2016-11-19",
                "id": "11632584",
                "isDuplicate": false,
                "lang": "eng",
                "sim": 0,
                "source": {
                    "id": "229",
                    "title": "The Wall Street Journal",
                    "uri": "www.wsj.com"
                },
                "time": "05:37:00",
                "title": "John Aubrey: A Lover of Earthy Detail",
                "uri": "550113343",
                "url": "http://www.wsj.com/articles/john-aubrey-a-lover-of-earthy-detail-1479494578",
                "wgt": 1
            },
            {
                "body": "For years I've kept a map in my car, but I don't use it anymore. If I want to know how to get somewhere, I speak the address into a wretched handheld machine that tells me where to go, usually though not always accurately. Is this a sad omen of a future in which we're completely unmoored? A ...",
                "date": "2016-11-19",
                "id": "11632573",
                "isDuplicate": false,
                "lang": "eng",
                "sim": 0,
                "source": {
                    "id": "229",
                    "title": "The Wall Street Journal",
                    "uri": "www.wsj.com"
                },
                "time": "05:36:00",
                "title": "What to Give: Reference Books",
                "uri": "550113350",
                "url": "http://www.wsj.com/articles/what-to-give-reference-books-1479506359",
                "wgt": 1
            },
            {
                "body": "Time travel, the 'Pope' of physics and the real power of mind over matter. Nicholas Wade picks the best books for science lovers.\n\nCarlo Rovelli's \"Seven Brief Lessons on Physics\" (Riverhead, 86 pages, $18) is one of the year's most entrancing books about science. The lessons are indeed brief, but ...",
                "date": "2016-11-19",
                "id": "11632570",
                "isDuplicate": false,
                "lang": "eng",
                "sim": 0,
                "source": {
                    "id": "229",
                    "title": "The Wall Street Journal",
                    "uri": "www.wsj.com"
                },
                "time": "05:36:00",
                "title": "What to Give: Science Books",
                "uri": "550113349",
                "url": "http://www.wsj.com/articles/what-to-give-science-books-1479509727",
                "wgt": 1
            },
            {
                "body": "Amity Shlaes reviews two new books about the former president and argues that the New Deal was simply a more intense, less constitutional version of Hoover's policies -- and both failed to yield recovery.\n\nImagine a U.S. president who could personally stare down spear-wielding warriors seeking to ...",
                "date": "2016-11-19",
                "id": "11632547",
                "isDuplicate": false,
                "lang": "eng",
                "sim": 0,
                "source": {
                    "id": "229",
                    "title": "The Wall Street Journal",
                    "uri": "www.wsj.com"
                },
                "time": "05:36:00",
                "title": "Herbert Hoover Was Wrong",
                "uri": "550113344",
                "url": "http://www.wsj.com/articles/herbert-hoover-was-wrong-1479508055",
                "wgt": 1
            },
            {
                "body": "Brilliant birds, wily coyotes, the 'Doomsday Vault,' and more. Jonathan Rosen picks the best gifts for nature lovers.\n\nWith a boom in nature writing inevitably comes a boom in what Theodore Roosevelt derided as \"unnatural history.\" He campaigned against \"nature fakers\" who fed industrial society's ...",
                "date": "2016-11-19",
                "id": "11632556",
                "isDuplicate": false,
                "lang": "eng",
                "sim": 0,
                "source": {
                    "id": "229",
                    "title": "The Wall Street Journal",
                    "uri": "www.wsj.com"
                },
                "time": "05:36:00",
                "title": "What to Give: Nature Books",
                "uri": "550113346",
                "url": "http://www.wsj.com/articles/what-to-give-nature-books-1479500780",
                "wgt": 1
            },
            {
                "body": "Treasures for fans of P.D. James, Simenon, and Ross Macdonald. Tom Nolan picks the best gifts for mystery lovers.\n\nThe holiday season is a good time to catch up with old friends, but I wasn't expecting to encounter the late P.D. James this year in the form of her entertaining posthumous collection ...",
                "date": "2016-11-19",
                "id": "11632567",
                "isDuplicate": false,
                "lang": "eng",
                "sim": 0,
                "source": {
                    "id": "229",
                    "title": "The Wall Street Journal",
                    "uri": "www.wsj.com"
                },
                "time": "05:36:00",
                "title": "What to Give: Mystery Books",
                "uri": "550113347",
                "url": "http://www.wsj.com/articles/what-to-give-mystery-books-1479497848",
                "wgt": 1
            },
            {
                "body": "Beasts as familiar as the European hedgehog and as exotic as the Mongolian quadruped known as Przewalski's Horse. Meghan Cox Gurdon picks the best gifts for kids.\n\nWith gift books, it's nice to have a bit of spectacle. The fun of \"Animals\" (Candlewick, 40 pages, $22) is in large part the scale of ...",
                "date": "2016-11-19",
                "id": "11632568",
                "isDuplicate": false,
                "lang": "eng",
                "sim": 0,
                "source": {
                    "id": "229",
                    "title": "The Wall Street Journal",
                    "uri": "www.wsj.com"
                },
                "time": "05:36:00",
                "title": "What to Give: Children's Books",
                "uri": "550113348",
                "url": "http://www.wsj.com/articles/what-to-give-childrens-books-1479497577",
                "wgt": 1
            },
            {
                "body": "Rhode Island was founded as a refuge for heretics and outcasts, and staying true to the state's heritage, Democratic Gov. Gina Raimondo is proclaiming a message decidedly at odds with her party's progressive base.\n\nIn 2011 Ms. Raimondo, then the state treasurer, spearheaded a bold reform of Rhode ...",
                "date": "2016-11-19",
                "id": "11631989",
                "isDuplicate": false,
                "lang": "eng",
                "sim": 0.686274528503418,
                "source": {
                    "id": "229",
                    "title": "The Wall Street Journal",
                    "uri": "www.wsj.com"
                },
                "time": "05:31:00",
                "title": "An Island of Rationality in Blue-State New England",
                "uri": "550112035",
                "url": "http://www.wsj.com/articles/an-island-of-rationality-in-blue-state-new-england-1479513092",
                "wgt": 1
            },
            {
                "body": "The first three picks go to loyalists amid signs of political outreach.\n\nDonald Trump's transition seems to be emerging from its early turmoil, and on Friday he filled three important jobs with campaign loyalists. More encouraging is that he appears to be looking for figures of stature outside his ...",
                "date": "2016-11-19",
                "id": "11631994",
                "isDuplicate": false,
                "lang": "eng",
                "sim": 0,
                "source": {
                    "id": "229",
                    "title": "The Wall Street Journal",
                    "uri": "www.wsj.com"
                },
                "time": "05:31:00",
                "title": "The Emerging Trump Cabinet",
                "uri": "550108930",
                "url": "http://www.wsj.com/articles/the-emerging-trump-cabinet-1479513607",
                "wgt": 1
            },
            {
                "body": "Hong Kong democracy leader Joshua Wong was in Washington on Wednesday, where he met with Democratic House leader Nancy Pelosi and Senators Tom Cotton and Marco Rubio, the latter of whom used the occasion to introduce the Hong Kong Human Rights and Democracy Act. The more China violates its promise ...",
                "date": "2016-11-19",
                "id": "11632016",
                "isDuplicate": false,
                "lang": "eng",
                "sim": 0.6000000238418579,
                "source": {
                    "id": "229",
                    "title": "The Wall Street Journal",
                    "uri": "www.wsj.com"
                },
                "time": "05:31:00",
                "title": "U.S. Solidarity for Hong Kong",
                "uri": "549578446",
                "url": "http://www.wsj.com/articles/u-s-solidarity-for-hong-kong-1479416106",
                "wgt": 1
            },
            {
                "body": "The Trump adviser talks about the winning campaign and says the political attacks against him and Breitbart News are 'just nonsense.'\n\nIt's hard to think of Steve Bannon as a low-profile guy. He has garnered about as many headlines over the past week as Donald Trump -- no small feat. He is the ...",
                "date": "2016-11-19",
                "id": "11632022",
                "isDuplicate": false,
                "lang": "eng",
                "sim": 0,
                "source": {
                    "id": "229",
                    "title": "The Wall Street Journal",
                    "uri": "www.wsj.com"
                },
                "time": "05:31:00",
                "title": "Steve Bannon on Politics as War",
                "uri": "550112027",
                "url": "http://www.wsj.com/articles/steve-bannon-on-politics-as-war-1479513161",
                "wgt": 1
            },
            {
                "body": "Boeing Co. moved closer to extending the life of its combat-jet production lines with the State Department's approval of sales to Kuwait and Qatar worth up to $31.2 billion combined.\n\nWith that barrier cleared Thursday, the long-delayed deals now go before Congress for final approval. Lawmakers have ...",
                "date": "2016-11-19",
                "id": "11630882",
                "isDuplicate": false,
                "lang": "eng",
                "sim": 0,
                "source": {
                    "id": "229",
                    "title": "The Wall Street Journal",
                    "uri": "www.wsj.com"
                },
                "time": "05:20:00",
                "title": "Boeing Fighter-Jet Sales Advance Toward Final Approval",
                "uri": "549628790",
                "url": "http://www.wsj.com/articles/boeing-fighter-jet-sales-advance-toward-final-approval-1479445711",
                "wgt": 1
            },
            {
                "body": "CANBERRA -- The United Nations' top human rights envoy urged Europe not to view Australia as a model for solving the continent's migrant crisis, condemning Australia's system of offshore detention for asylum seekers as \"cruel, inhuman and degrading.\"\n\nFran\u00e7ois Crepeau, the U.N. special rapporteur ...",
                "date": "2016-11-19",
                "id": "11630933",
                "isDuplicate": false,
                "lang": "eng",
                "sim": 0,
                "source": {
                    "id": "229",
                    "title": "The Wall Street Journal",
                    "uri": "www.wsj.com"
                },
                "time": "05:20:00",
                "title": "U.N. Rights Envoy Urges Europe to Avoid Australia's 'Cruel' Migrant Model",
                "uri": "550108958",
                "url": "http://www.wsj.com/articles/u-n-rights-envoy-urges-europe-to-avoid-australias-cruel-migrant-model-1479449479",
                "wgt": 1
            },
            {
                "body": "Near the beginning of \"Manchester by the Sea\" there's a funny misunderstanding between a janitor and a pretty woman whose plumbing clog he has just fixed. She's attracted to him, for good reason -- he's intriguingly opaque -- and she takes a first impulsive step by asking, \"Can I give you a tip?\" He ...",
                "date": "2016-11-19",
                "id": "11630923",
                "isDuplicate": false,
                "lang": "eng",
                "sim": 0,
                "source": {
                    "id": "229",
                    "title": "The Wall Street Journal",
                    "uri": "www.wsj.com"
                },
                "time": "05:20:00",
                "title": "'Manchester by the Sea' Review: Instantly on the Map of Classics",
                "uri": "549461709",
                "url": "http://www.wsj.com/articles/manchester-by-the-sea-review-instantly-on-the-map-of-classics-1479412581",
                "wgt": 1
            },
            {
                "body": "BERLIN -- President Barack Obama Friday urged the leaders of Germany, France, the U.K., Italy and Spain to continue close cooperation on security and foreign policy issues with the U.S. under future President Donald Trump.\n\nThe meeting marked the last time the European leaders convened with Mr. ...",
                "date": "2016-11-19",
                "id": "11630911",
                "isDuplicate": false,
                "lang": "eng",
                "sim": 0,
                "source": {
                    "id": "229",
                    "title": "The Wall Street Journal",
                    "uri": "www.wsj.com"
                },
                "time": "05:20:00",
                "title": "Obama Urges EU Leaders to Cooperate With U.S. Under Trump ",
                "uri": "549763403",
                "url": "http://www.wsj.com/articles/president-obama-meets-with-eu-leaders-for-last-time-1479466892",
                "wgt": 1
            },
            {
                "body": "Warren Buffett may have made U.S. airline stocks great again, but across the Pacific Ocean another billionaire should keep Chinese carriers grounded: Donald Trump.\n\nThe president-elect rose to power on a protectionist platform, threatening to slap a huge tariff on goods imported from China. Such ...",
                "date": "2016-11-19",
                "id": "11630861",
                "isDuplicate": false,
                "lang": "eng",
                "sim": 0,
                "source": {
                    "id": "229",
                    "title": "The Wall Street Journal",
                    "uri": "www.wsj.com"
                },
                "time": "05:20:00",
                "title": "Strong Dollar Means Weak Chinese Airlines",
                "uri": "549639923",
                "url": "http://www.wsj.com/articles/strong-dollar-means-weak-chinese-airlines-1479464114",
                "wgt": 1
            },
            {
                "body": "Oil prices rose Friday as hopes grew that major oil producers would be able to strike a deal to cut output and stabilize prices.\n\nOil markets have been in a tug of war this week amid a flurry of diplomacy among major producers trying to implement production cuts. But several factors have weighed on ...",
                "date": "2016-11-19",
                "id": "11630830",
                "isDuplicate": false,
                "lang": "eng",
                "sim": 0,
                "source": {
                    "id": "229",
                    "title": "The Wall Street Journal",
                    "uri": "www.wsj.com"
                },
                "time": "05:20:00",
                "title": "Oil Prices Rise as Hopes Grow for an OPEC Output Cut",
                "uri": "550108941",
                "url": "http://www.wsj.com/articles/oil-prices-tick-lower-market-edgy-ahead-of-opec-meeting-1479466132",
                "wgt": 1
            },
            {
                "body": "KUALA LUMPUR, Malaysia -- Large crowds gathered in Kuala Lumpur on Saturday to demand the resignation of Malaysia's Prime Minister Najib Razak, the day after police banned the protest and arrested two of the activists who planned it.\n\nThe arrests came hours after police and regulatory officials on ...",
                "date": "2016-11-19",
                "id": "11630825",
                "isDuplicate": false,
                "lang": "eng",
                "sim": 0.501960813999176,
                "source": {
                    "id": "229",
                    "title": "The Wall Street Journal",
                    "uri": "www.wsj.com"
                },
                "time": "05:20:00",
                "title": "Malaysia Protesters Gather Despite Arrests, Rally Ban",
                "uri": "549730822",
                "url": "http://www.wsj.com/articles/malaysian-police-detain-activists-ban-rally-against-prime-minister-1479476072",
                "wgt": 1
            },
            {
                "body": "Abercrombie & Fitch Co. posted its third straight quarter of declining same-store sales, as the once-popular retailer's rebranding efforts are showing little signs of winning back shoppers.\n\n\"The challenges of the brand are deep and longstanding,\" said Executive Chairman Arthur Martinez. \"All of ...",
                "date": "2016-11-19",
                "id": "11630822",
                "isDuplicate": false,
                "lang": "eng",
                "sim": 0,
                "source": {
                    "id": "229",
                    "title": "The Wall Street Journal",
                    "uri": "www.wsj.com"
                },
                "time": "05:20:00",
                "title": "Abercrombie & Fitch Profit Tumbles Amid Rebranding Efforts ",
                "uri": "549744013",
                "url": "http://www.wsj.com/articles/abercrombie-fitch-profit-tumbles-amid-rebranding-efforts-1479472537",
                "wgt": 1
            },
            {
                "body": "Some governments in Europe are bracing for the conflicting demands of two key alliances: the new U.S. administration driving them to ramp up military spending even as the European Union requires that they tighten their budgets.\n\nThe North Atlantic Treaty Organization calls for its members to spend ...",
                "date": "2016-11-19",
                "id": "11630816",
                "isDuplicate": false,
                "lang": "eng",
                "sim": 0,
                "source": {
                    "id": "229",
                    "title": "The Wall Street Journal",
                    "uri": "www.wsj.com"
                },
                "time": "05:20:00",
                "title": "Trump's NATO Demand Clashes With EU Budgets",
                "uri": "550108938",
                "url": "http://www.wsj.com/articles/trump-talks-with-nato-chief-stoltenberg-1479489650",
                "wgt": 1
            },
            {
                "body": "The Trump adviser talks about the winning campaign and says the political attacks against him and Breitbart News are 'just nonsense.'\n\nIt's hard to think of Steve Bannon as a low-profile guy. He has garnered about as many headlines over the past week as Donald Trump -- no small feat. He is the ...",
                "date": "2016-11-19",
                "id": "11630935",
                "isDuplicate": false,
                "lang": "eng",
                "sim": 0,
                "source": {
                    "id": "229",
                    "title": "The Wall Street Journal",
                    "uri": "www.wsj.com"
                },
                "time": "05:20:00",
                "title": "Steve Bannon on Politics as War",
                "uri": "550050651",
                "url": "http://www.wsj.com/articles/steve-bannon-on-politics-as-war-1479513161",
                "wgt": 1
            },
            {
                "body": "New York City won't close Fifth Avenue as it works with the U.S. Secret Service to provide security outside Trump Tower, the home of President-elect Donald Trump, Police Commissioner James O'Neill said Friday.\n\nThe Midtown stretch of the Manhattan street, one of the world's busiest hubs, has been ...",
                "date": "2016-11-19",
                "id": "11630780",
                "isDuplicate": false,
                "lang": "eng",
                "sim": 0.6235294342041016,
                "source": {
                    "id": "229",
                    "title": "The Wall Street Journal",
                    "uri": "www.wsj.com"
                },
                "time": "05:19:00",
                "title": "Fifth Avenue Won't Close as NYPD and Secret Service Take Security Measures",
                "uri": "549993160",
                "url": "http://www.wsj.com/articles/fifth-avenue-wont-close-as-nypd-and-secret-service-take-security-measures-1479508476",
                "wgt": 1
            },
            {
                "body": "LIMA, Peru -- Donald Trump's pledge to dismantle U.S. trade agreements is leading some of the closest U.S. allies in Latin America to reassess trade priorities, opening the door for China to strengthen its ties with the region.\n\nOn Friday, Chinese President Xi Jinping will arrive in Peru's capital ...",
                "date": "2016-11-19",
                "id": "11630808",
                "isDuplicate": false,
                "lang": "eng",
                "sim": 0.5843137502670288,
                "source": {
                    "id": "229",
                    "title": "The Wall Street Journal",
                    "uri": "www.wsj.com"
                },
                "time": "05:19:00",
                "title": "Latin American Leaders Open Door to Tighter Chinese Trade Ties ",
                "uri": "549820508",
                "url": "http://www.wsj.com/articles/latin-american-leaders-open-door-to-tighter-china-trade-ties-1479485653",
                "wgt": 1
            },
            {
                "body": "A new commander in chief will soon face hard decisions about how and when to deploy America's military might. What principles should guide him?\n\nPresident-elect Donald Trump does not speak softly, but he clearly believes in military power -- what Theodore Roosevelt called \"the big stick.\" Like all ...",
                "date": "2016-11-19",
                "id": "11630788",
                "isDuplicate": false,
                "lang": "eng",
                "sim": 0,
                "source": {
                    "id": "229",
                    "title": "The Wall Street Journal",
                    "uri": "www.wsj.com"
                },
                "time": "05:19:00",
                "title": "When President Trump Goes to War",
                "uri": "550034479",
                "url": "http://www.wsj.com/articles/when-president-trump-goes-to-war-1479482718",
                "wgt": 1
            },
            {
                "body": "11/18/2016 4:33PM\n\nJournalist Leslie Bennetts discusses her new book, \"Last Girl Before Freeway: The Life, Losses, and Liberation of Joan Rivers,\" on Lunch Break with Tanya Rivero. Bennetts describes the comedienne's trailblazing career, her life and legacy of self-invention. Photo: Melissa Rivers ...",
                "date": "2016-11-19",
                "id": "11615968",
                "isDuplicate": false,
                "lang": "eng",
                "sim": 0,
                "source": {
                    "id": "229",
                    "title": "The Wall Street Journal",
                    "uri": "www.wsj.com"
                },
                "time": "02:37:00",
                "title": "No Official White House Roles for Trump's Children",
                "uri": "550057105",
                "url": "http://www.wsj.com/video/no-official-white-house-roles-for-trump-children/FAC2AAAC-BE3C-47CA-B4B0-BC890D9B77FE.html",
                "wgt": 1
            },
            {
                "body": "11/18/2016 4:33PM\n\nJournalist Leslie Bennetts discusses her new book, \"Last Girl Before Freeway: The Life, Losses, and Liberation of Joan Rivers,\" on Lunch Break with Tanya Rivero. Bennetts describes the comedienne's trailblazing career, her life and legacy of self-invention. Photo: Melissa Rivers ...",
                "date": "2016-11-19",
                "id": "11615975",
                "isDuplicate": false,
                "lang": "eng",
                "sim": 0,
                "source": {
                    "id": "229",
                    "title": "The Wall Street Journal",
                    "uri": "www.wsj.com"
                },
                "time": "02:37:00",
                "title": "In Nod to Trump, Ford to Keep Some Factory Work in U.S.",
                "uri": "549994154",
                "url": "http://www.wsj.com/video/in-nod-to-trump-ford-to-keep-some-factory-work-in-us/6994FDF6-0133-44F7-BB11-9AD3E608B15B.html",
                "wgt": 1
            },
            {
                "body": "11/18/2016 4:33PM\n\nJournalist Leslie Bennetts discusses her new book, \"Last Girl Before Freeway: The Life, Losses, and Liberation of Joan Rivers,\" on Lunch Break with Tanya Rivero. Bennetts describes the comedienne's trailblazing career, her life and legacy of self-invention. Photo: Melissa Rivers ...",
                "date": "2016-11-19",
                "id": "11615978",
                "isDuplicate": false,
                "lang": "eng",
                "sim": 0,
                "source": {
                    "id": "229",
                    "title": "The Wall Street Journal",
                    "uri": "www.wsj.com"
                },
                "time": "02:37:00",
                "title": "Thousands of Baby Turtles Released Into Wild",
                "uri": "549940490",
                "url": "http://www.wsj.com/video/thousands-of-baby-turtles-released-into-wild/2157CD48-4F12-47DD-9141-5178F96CD4B7.html",
                "wgt": 1
            },
            {
                "body": "11/18/2016 4:33PM\n\nJournalist Leslie Bennetts discusses her new book, \"Last Girl Before Freeway: The Life, Losses, and Liberation of Joan Rivers,\" on Lunch Break with Tanya Rivero. Bennetts describes the comedienne's trailblazing career, her life and legacy of self-invention. Photo: Melissa Rivers ...",
                "date": "2016-11-19",
                "id": "11615970",
                "isDuplicate": false,
                "lang": "eng",
                "sim": 0,
                "source": {
                    "id": "229",
                    "title": "The Wall Street Journal",
                    "uri": "www.wsj.com"
                },
                "time": "02:37:00",
                "title": "The Task of Securing President-Elect Donald Trump",
                "uri": "549999149",
                "url": "http://www.wsj.com/video/the-task-of-securing-president-elect-donald-trump/E32D8570-D555-476F-8BB9-885CDC59B792.html",
                "wgt": 1
            },
            {
                "body": "Chess players tend to score higher on intelligence tests than do nonplayers. The question is: Why?\n\nIt's a popular notion that learning chess can make you smarter. Chess clubs and federations around the world promote the game for inclusion in school curricula, especially at the elementary level. In ...",
                "date": "2016-11-19",
                "id": "11614543",
                "isDuplicate": false,
                "lang": "eng",
                "sim": 0,
                "source": {
                    "id": "229",
                    "title": "The Wall Street Journal",
                    "uri": "www.wsj.com"
                },
                "time": "02:19:00",
                "title": "Does Chess Make You Smarter?",
                "uri": "549398543",
                "url": "http://www.wsj.com/articles/does-chess-make-you-smarter-1479403551",
                "wgt": 1
            },
            {
                "body": "A new procedure that uses focused ultrasound to destroy a spot in the thalamus may help people with tremor\n\nMany people will struggle to read this article in print or on a phone or tablet because their hands are shaking. They also may find it hard to eat, dress, work and do other things that the ...",
                "date": "2016-11-19",
                "id": "11614536",
                "isDuplicate": false,
                "lang": "eng",
                "sim": 0,
                "source": {
                    "id": "229",
                    "title": "The Wall Street Journal",
                    "uri": "www.wsj.com"
                },
                "time": "02:19:00",
                "title": "Brain Surgery That Takes on Tremors Without a Drill",
                "uri": "550034478",
                "url": "http://www.wsj.com/articles/brain-surgery-that-takes-on-tremors-without-a-drill-1479479946",
                "wgt": 1
            },
            {
                "body": "The New York Rangers won 13 of their first 17 games and scored so many goals in the process that there is just one conclusion to make about the team's potent offense: It is good, but there is no way it can be this good.\n\nBefore Friday's game, the Rangers had scored 72 goals for an average of 4.24 a ...",
                "date": "2016-11-19",
                "id": "11609084",
                "isDuplicate": false,
                "lang": "eng",
                "sim": 0.6705882549285889,
                "source": {
                    "id": "229",
                    "title": "The Wall Street Journal",
                    "uri": "www.wsj.com"
                },
                "time": "01:20:00",
                "title": "The Rangers Are Scoring Goals at an Impossible Rate",
                "uri": "550046644",
                "url": "http://www.wsj.com/articles/the-rangers-are-scoring-goals-at-an-impossible-rate-1479513068",
                "wgt": 1
            },
            {
                "body": "Two-time Olympic gold medalist is taking a big gamble by going pro in a quest to make women's boxing a mainstream sport.\n\nIt would be hard to find anyone in Las Vegas on Saturday night wagering more than Claressa Shields, the two-time Olympic gold medalist.\n\nIn making her professional debut on an ...",
                "date": "2016-11-19",
                "id": "11609078",
                "isDuplicate": false,
                "lang": "eng",
                "sim": 0.6078431606292725,
                "source": {
                    "id": "229",
                    "title": "The Wall Street Journal",
                    "uri": "www.wsj.com"
                },
                "time": "01:20:00",
                "title": "Can Claressa Shields Become the Ronda Rousey of Boxing?",
                "uri": "550046643",
                "url": "http://www.wsj.com/articles/can-claressa-shields-become-the-ronda-rousey-of-boxing-1479515823",
                "wgt": 1
            },
            {
                "body": "OUR DESIGN ASSESSMENT: We reflexively cringed when we first saw this assault of plaid -- the corner of a dining room in a centuries-old Bavarian castle whose interiors were recently overhauled by Gert Voorjans. We tabled the photo and searched for a more reasonable room to critique. But the ...",
                "date": "2016-11-19",
                "id": "11609071",
                "isDuplicate": false,
                "lang": "eng",
                "sim": 0,
                "source": {
                    "id": "229",
                    "title": "The Wall Street Journal",
                    "uri": "www.wsj.com"
                },
                "time": "01:20:00",
                "title": " Why the Craziest D\u00e9cor Can Also Be the Best",
                "uri": "550046641",
                "url": "http://www.wsj.com/articles/why-the-craziest-decor-can-also-be-the-best-1479404563",
                "wgt": 1
            },
            {
                "body": "Chris Pallister and the Gulf of Alaska Keeper are still clearing away detritus from Japan's 2011 earthquake and tsunami\n\nIn March 2011, Japan was hit with the double disaster of an earthquake and a tsunami off its Pacific coast. Four months later, the effects began washing up thousands of miles ...",
                "date": "2016-11-19",
                "id": "11604614",
                "isDuplicate": false,
                "lang": "eng",
                "sim": 0,
                "source": {
                    "id": "229",
                    "title": "The Wall Street Journal",
                    "uri": "www.wsj.com"
                },
                "time": "00:38:00",
                "title": "Cleaning Asia's Debris Off Alaska's Shores",
                "uri": "550034477",
                "url": "http://www.wsj.com/articles/cleaning-asias-debris-off-alaskas-shores-1479479307",
                "wgt": 1
            },
            {
                "body": "Relatives of Nicol\u00e1s Maduro were convicted of trying to ship 800 kilograms of cocaine to the U.S. By Nicole Hong Nicole Hong The Wall Street Journal CANCEL BiographyNicole Hong @nicole_hong Google+ nicole.hong@wsj.com Updated Nov. 18, 2016 7:17 p.m. ET ENLARGE Efrain Antonio Campo Flores, second ...",
                "date": "2016-11-19",
                "id": "11604122",
                "isDuplicate": false,
                "lang": "eng",
                "sim": 0.7450980544090271,
                "source": {
                    "id": "229",
                    "title": "The Wall Street Journal",
                    "uri": "www.wsj.com"
                },
                "time": "00:35:00",
                "title": "Venezuelan President's Nephews Found Guilty on Drug Charges",
                "uri": "550033453",
                "url": "http://www.wsj.com/articles/venezuelan-president-nicolas-maduros-nephews-found-guilty-on-drug-charges-1479510289",
                "wgt": 1
            },
            {
                "body": "11/18/2016 5:03PM\n\nDuring his presidential campaign, Donald Trump often accused Ford and its chairman, Bill Ford (pictured), of sending jobs to Mexico. Now, as a peace offering, the automaker is shelving plans to move a small amount of its production there. Photo: AP\n\n11/18/2016 5:41PM 11/17/2016 ...",
                "date": "2016-11-19",
                "id": "11604176",
                "isDuplicate": false,
                "lang": "eng",
                "sim": 0.686274528503418,
                "source": {
                    "id": "229",
                    "title": "The Wall Street Journal",
                    "uri": "www.wsj.com"
                },
                "time": "00:35:00",
                "title": "New Blood Test May Be Able to Detect Concussions ",
                "uri": "550033585",
                "url": "http://www.wsj.com/video/new-blood-test-may-be-able-to-detect-concussions/01B1F9A3-C77A-492C-973D-25178B6FD1DA.html",
                "wgt": 1
            }
        ],
        "totalResults": 58
    }
}