{
    "articles": {
        "count": 85,
        "page": 1,
        "pages": 1,
        "results": [
            {
                "body": "While the details of President-elect Donald Trump's policy plans have been vague, he campaigned that \"repealing and replacing\" the Affordable Care Act (ACA) would be one of his top priorities. This campaign pledge echoed legislative proposals introduced by Congressional Republicans since the bill's ...",
                "date": "2016-11-25",
                "id": "13103323",
                "isDuplicate": false,
                "lang": "eng",
                "sim": 0,
                "source": {
                    "id": "402",
                    "title": "The Huffington Post",
                    "uri": "www.huffingtonpost.com"
                },
                "time": "23:56:00",
                "title": "Trump Presidency Risks Health Of Asian Americans, Native Hawaiians And Pacific Islanders",
                "uri": "554033472",
                "url": "http://www.huffingtonpost.com/kathy-ko-chin/trump-presidency-risks-he_b_13231314.html",
                "wgt": 1
            },
            {
                "body": "After nearly three months away from the spotlight, Selena Gomez returned last week to accept the award for Favorite Female Artist in the pop/rock genre at the American Music Awards. She took to the stage to deliver a powerfully honest speech on the pressures of fame, telling the audience, \"I had ...",
                "date": "2016-11-25",
                "id": "13101394",
                "isDuplicate": false,
                "lang": "eng",
                "sim": 0.529411792755127,
                "source": {
                    "id": "402",
                    "title": "The Huffington Post",
                    "uri": "www.huffingtonpost.com"
                },
                "time": "23:34:00",
                "title": "Selena Gomez Returns To Social Media With Emotional Instagram Post",
                "uri": "554034310",
                "url": "http://www.huffingtonpost.com/entry/selena-gomez-returns-to-social-media-to-reflect-on-being-enough_us_58389cf3e4b09b60560085f0",
                "wgt": 1
            },
            {
                "body": "It's no secret that social media has made us more comfortable with the idea of self absorption. Yet, in the wake of the recent election results in the United States many of us have been left to question how we interact online and the nature of our seemingly declining morals in exchange for ...",
                "date": "2016-11-25",
                "id": "13101392",
                "isDuplicate": false,
                "lang": "eng",
                "sim": 0,
                "source": {
                    "id": "402",
                    "title": "The Huffington Post",
                    "uri": "www.huffingtonpost.com"
                },
                "time": "23:34:00",
                "title": "Social Media Is Making Us All Awful and Self Absorbed",
                "uri": "554034308",
                "url": "http://www.huffingtonpost.com/zac-thompson/social-media-is-making-us_b_13235104.html",
                "wgt": 1
            },
            {
                "body": "If there ever was a time to realize creative potential inside companies it is now. A quick look at the top issues facing companies of all sizes reveals the usual short list: attracting and retaining talent, managing reputation, with the need to create flexible workplaces and balance benefits with ...",
                "date": "2016-11-25",
                "id": "13101387",
                "isDuplicate": false,
                "lang": "eng",
                "sim": 0,
                "source": {
                    "id": "402",
                    "title": "The Huffington Post",
                    "uri": "www.huffingtonpost.com"
                },
                "time": "23:34:00",
                "title": "3 Most Common Barriers Keeping Conscious Business Leaders on the Hamster Wheel",
                "uri": "554034313",
                "url": "http://www.huffingtonpost.com/great-work-cultures/3-most-common-barriers-ke_b_13181274.html",
                "wgt": 1
            },
            {
                "body": "KS: I think if you have professional ambitions, no matter what the profession, you always think about finding the best market and environment for your work. If you were a programmer in South Asia, you would for sure dream about working in Silicon Valley someday. If you were an Iranian soccer player, ...",
                "date": "2016-11-25",
                "id": "13097870",
                "isDuplicate": false,
                "lang": "eng",
                "sim": 0,
                "source": {
                    "id": "402",
                    "title": "The Huffington Post",
                    "uri": "www.huffingtonpost.com"
                },
                "time": "23:03:00",
                "title": "An Insight into Fashion Photography in Iran: Crackdown at Home, Competition Abroad",
                "uri": "554024853",
                "url": "http://www.huffingtonpost.com/omid-memarian/an-insight-into-fashion-p_b_13236482.html",
                "wgt": 1
            },
            {
                "body": "Your winter wonderland awaits in the heart of the Midwest. Chicago offers family fun activities and many that are free. Gather your gloves and scarves and put on your heattech thermals to enjoy winter fun.\n\nGerman Markets\n\nHave you longed to spend Christmas at a German market? Save your airfare and ...",
                "date": "2016-11-25",
                "id": "13097849",
                "isDuplicate": false,
                "lang": "eng",
                "sim": 0,
                "source": {
                    "id": "402",
                    "title": "The Huffington Post",
                    "uri": "www.huffingtonpost.com"
                },
                "time": "23:03:00",
                "title": "Christmas in Chicago: Polar Express and Beyond",
                "uri": "554024851",
                "url": "http://www.huffingtonpost.com/ronda-lee/christmas-in-chicago-pola_b_13234648.html",
                "wgt": 1
            },
            {
                "body": "The theme for this year is \"From peace in the Home to Peace in the World - Make education safe for all\" . The theme echoes the saying of Omar ibn Al Khattab \"acquire knowledge and learn tranquillity and dignity\" ; access to safe and quality education for all is essential if we are to promote the ...",
                "date": "2016-11-25",
                "id": "13094071",
                "isDuplicate": false,
                "lang": "eng",
                "sim": 0,
                "source": {
                    "id": "402",
                    "title": "The Huffington Post",
                    "uri": "www.huffingtonpost.com"
                },
                "time": "22:28:00",
                "title": "We Can't Leave Girls And Young Women Behind In The Pursuit Of Education",
                "uri": "553838302",
                "url": "http://www.huffingtonpost.com/naser-haghamed/we-cant-leave-girls-and-y_b_13226252.html",
                "wgt": 1
            },
            {
                "body": "@solikearose 800-746-4726. We have not had any reports of the programming issue you mentioned on CNN in Boston. If you're still having an -- RCN (@RCNconnects)\n\nBut as Mediaite points out, it's highly unlikely that if porn was blasting out at the entire city of Boston Thanksgiving evening, only one ...",
                "date": "2016-11-25",
                "id": "13091026",
                "isDuplicate": false,
                "lang": "eng",
                "sim": 0.6039215922355652,
                "source": {
                    "id": "402",
                    "title": "The Huffington Post",
                    "uri": "www.huffingtonpost.com"
                },
                "time": "22:04:00",
                "title": "CNN Probably Did Not Actually Show Porn Thanksgiving Night",
                "uri": "554007082",
                "url": "http://www.huffingtonpost.com/entry/porn-cnn-parts-unknown_us_583886cae4b09b605600831b",
                "wgt": 1
            },
            {
                "body": "Especially for Germany, as she thinks about the agenda it will pursue during the G20 presidency, the time is right and the country's clout is such that German leaders should step out of the continuity dynamics that has characterized recent G20 processes and have the courage to propose a major ...",
                "date": "2016-11-25",
                "id": "13091004",
                "isDuplicate": false,
                "lang": "eng",
                "sim": 0,
                "source": {
                    "id": "402",
                    "title": "The Huffington Post",
                    "uri": "www.huffingtonpost.com"
                },
                "time": "22:03:00",
                "title": "Germany and China To Provide Global Leadership?",
                "uri": "553996979",
                "url": "http://www.huffingtonpost.com/enrique-j-ruedasabater/germany-and-china-to-prov_b_13234534.html",
                "wgt": 1
            },
            {
                "body": "The influence of Robert Silverberg on the science fiction genre is vast: the multiple Hugo and Nebula Award winner and Grand Master is often cited as an inspiration by the biggest names in the field. This is certainly true for science fiction author and essayist Alvaro Zinos-Amaro, whose long ...",
                "date": "2016-11-25",
                "id": "13084900",
                "isDuplicate": false,
                "lang": "eng",
                "sim": 0,
                "source": {
                    "id": "402",
                    "title": "The Huffington Post",
                    "uri": "www.huffingtonpost.com"
                },
                "time": "21:13:00",
                "title": "A Science Fiction Grand Master Speaks: \"Traveler of Worlds: Conversations with Robert Silverberg\"",
                "uri": "553989825",
                "url": "http://www.huffingtonpost.com/ilana-teitelbaum/a-science-fiction-grand-m_b_13230808.html",
                "wgt": 1
            },
            {
                "body": "Where are the solidarity avatars? Fires, set by terror arsonists, are burning all over Israel causing great damage to forests and property, making thousands homeless. I see no FB portraits with superimposed Israeli flags. The Twitterverse is similarly devoid of sympathy. Two years ago, when Israelis ...",
                "date": "2016-11-25",
                "id": "13082768",
                "isDuplicate": false,
                "lang": "eng",
                "sim": 0,
                "source": {
                    "id": "402",
                    "title": "The Huffington Post",
                    "uri": "www.huffingtonpost.com"
                },
                "time": "20:58:00",
                "title": "Je suis Disappointed",
                "uri": "553983848",
                "url": "http://www.huffingtonpost.com/rabbi-kenneth-l-cohen/je-suis-disappointed_b_13232210.html",
                "wgt": 1
            },
            {
                "body": "Here, America. Have some context. This is what you look like. Not that sea of red with little blue islands. pic.twitter.com/nwLKFkzs8T -- Adam Smith (@AdamSmith_usa)\n\nIf we can't blame everything on the rural-urban divide, then what happened? There's not one single reason why Clinton lost several ...",
                "date": "2016-11-25",
                "id": "13092305",
                "isDuplicate": false,
                "lang": "eng",
                "sim": 0.7607843279838562,
                "source": {
                    "id": "402",
                    "title": "The Huffington Post",
                    "uri": "www.huffingtonpost.com"
                },
                "time": "20:53:00",
                "title": "The Big Lesson From 2016 Is That Neither Party Has A Winning Vote Coalition",
                "uri": "554010530",
                "url": "http://www.huffingtonpost.com/entry/republicans-democrats-vote-coalition_us_583893a1e4b000af95ee2e52",
                "wgt": 1
            },
            {
                "body": "I have mixed feelings about the Electoral College. The political left (historically, philosophically) tends to favor equality and direct democracy, putting more power in the hands of common voters. The right (historically, philosophically) tends to prefer hierarchy and a more republican form of ...",
                "date": "2016-11-25",
                "id": "13191987",
                "isDuplicate": false,
                "lang": "eng",
                "sim": 0,
                "source": {
                    "id": "402",
                    "title": "The Huffington Post",
                    "uri": "www.huffingtonpost.com"
                },
                "time": "20:43:00",
                "title": "Electoral College Has Opportunity To Embrace The Popular Vote",
                "uri": "553984605",
                "url": "http://www.huffingtonpost.com/entry/on-trump-the-electoral-college-and-2016_us_58384671e4b0c2ab9443688f",
                "wgt": 1
            },
            {
                "body": "Today marks the fourth Thanksgiving where there will be an empty chair at our table. It also marks my son, Austin's, 25th birthday. But he won't be joining us, because he died of a drug overdose four years ago. A part of me died that day, too. My life, and my family's, will never be the same because ...",
                "date": "2016-11-25",
                "id": "13080384",
                "isDuplicate": false,
                "lang": "eng",
                "sim": 0.7568627595901489,
                "source": {
                    "id": "402",
                    "title": "The Huffington Post",
                    "uri": "www.huffingtonpost.com"
                },
                "time": "20:39:00",
                "title": "Too Many Empty Chairs",
                "uri": "553976266",
                "url": "http://www.huffingtonpost.com/entry/too-many-empty-chairs_us_5835f7fee4b0c2ab944366d8",
                "wgt": 1
            },
            {
                "body": "Andy Cohen appeared alongside Kelly Ripa on \"Live with Kelly\" Friday morning and made a startling revelation about his health. The 48-year-old \"Watch What Happens Live\" host revealed that he was recently diagnosed with skin cancer after Ripa noticed an abnormal mark on his lip.\n\n\"I have to shout you ...",
                "date": "2016-11-25",
                "id": "13080331",
                "isDuplicate": false,
                "lang": "eng",
                "sim": 0,
                "source": {
                    "id": "402",
                    "title": "The Huffington Post",
                    "uri": "www.huffingtonpost.com"
                },
                "time": "20:39:00",
                "title": "Andy Cohen Reveals Skin Cancer Diagnosis On 'Live With Kelly'",
                "uri": "553964606",
                "url": "http://www.huffingtonpost.com/entry/andy-cohen-reveals-skin-cancer-diagnosis-on-live-with-kelly_us_5838895fe4b01ba68ac481ed",
                "wgt": 1
            },
            {
                "body": "Verna, a beautiful young woman from Grand Rapids, Indiana wants to be a star in Paramour, the Cirque du Soleil/ Broadway show at the Lyric Theater, conceived and directed by Philippe Decoufle. AJ, a Hollywood director (Jeremy Kushnier) discovers her and renames the redhead Indigo (Ruby Lewis), but ...",
                "date": "2016-11-25",
                "id": "13079324",
                "isDuplicate": false,
                "lang": "eng",
                "sim": 0,
                "source": {
                    "id": "402",
                    "title": "The Huffington Post",
                    "uri": "www.huffingtonpost.com"
                },
                "time": "20:31:00",
                "title": "Paramour: Hollywood Glitz and Glamor on Broadway",
                "uri": "553973249",
                "url": "http://www.huffingtonpost.com/regina-weinreich/paramour-hollywood-glitz_b_13233134.html",
                "wgt": 1
            },
            {
                "body": "In their book 'Half the Sky,' Pulitzer Prize winners Nicolas Kristof and Sheryl WuDunn state that \"In the nineteenth century, the central moral challenge was slavery. In the twentieth century, it was the battle against totalitarianism. We believe that in this century the paramount moral challenge ...",
                "date": "2016-11-25",
                "id": "13078004",
                "isDuplicate": false,
                "lang": "eng",
                "sim": 0,
                "source": {
                    "id": "402",
                    "title": "The Huffington Post",
                    "uri": "www.huffingtonpost.com"
                },
                "time": "20:22:00",
                "title": "Ending Violence Against Women And Girls: If Not Today, When?",
                "uri": "553960985",
                "url": "http://www.huffingtonpost.com/bianca-jagger/ending-violence-against-g_b_13229260.html",
                "wgt": 1
            },
            {
                "body": "I stayed up all night and I have no regrets #GilmoreGirlsRevival -- Shivani Madhav (@shivani_madhav)\n\nJust got through the opening credits and hearing those \"La La La\"s again is going to make me cry already #GilmoreGirlsRevival -- Allie Devlin (@knittedallie)\n\nNovember 25, 2016\n\nWHERE IS JESS WHERE ...",
                "date": "2016-11-25",
                "id": "13075919",
                "isDuplicate": false,
                "lang": "eng",
                "sim": 0,
                "source": {
                    "id": "402",
                    "title": "The Huffington Post",
                    "uri": "www.huffingtonpost.com"
                },
                "time": "20:08:00",
                "title": "Here Are The Best Reactions To The 'Gilmore Girls' Revival",
                "uri": "553963693",
                "url": "http://www.huffingtonpost.com/entry/gilmore-girls-revival-reactions_us_58387d6ce4b000af95ee2b70",
                "wgt": 1
            },
            {
                "body": "It's been a couple of really exciting weeks for President-elect Trump and a very busy time at that. Some visitors have come by just to establish rapport with the new president, others simply to offer congratulations, and others looking for work.\n\nIt started when Prime Minister Shinzo-Abe of Japan ...",
                "date": "2016-11-25",
                "id": "13075909",
                "isDuplicate": false,
                "lang": "eng",
                "sim": 0,
                "source": {
                    "id": "402",
                    "title": "The Huffington Post",
                    "uri": "www.huffingtonpost.com"
                },
                "time": "20:08:00",
                "title": "Transition, Tweets, and Trump",
                "uri": "553963692",
                "url": "http://www.huffingtonpost.com/christopher-brauchli/transition-tweets-and-tru_b_13232250.html",
                "wgt": 1
            },
            {
                "body": "He previously admitted to exchanging explicit sexts with the teen.\n\nA Republican politician who sent sexual text messages to a teen boy said in a new interview that he is \"not gay.\"\n\nMike Yenni, the president of Jefferson Parish, Louisiana, who is married to a woman, admitted last month to ...",
                "date": "2016-11-25",
                "id": "13075897",
                "isDuplicate": false,
                "lang": "eng",
                "sim": 0.8313725590705872,
                "source": {
                    "id": "402",
                    "title": "The Huffington Post",
                    "uri": "www.huffingtonpost.com"
                },
                "time": "20:08:00",
                "title": "GOP Lawmaker Who Sexted Teen Boy Says He's 'Not Gay' In Bizarre Interview",
                "uri": "553963691",
                "url": "http://www.huffingtonpost.com/entry/mike-yenni-text-messages-not-gay_us_58386dfde4b09b6056007d68",
                "wgt": 1
            },
            {
                "body": "As a result, the production of maize - the country's main staple crop - is estimated at just over 2.5 million tonnes in 2016. This is 16 percent lower than the reduced harvest in 2015 and 34 percent below the previous five\u2011year average and has left 39 percent of the population dependant on ...",
                "date": "2016-11-25",
                "id": "13074913",
                "isDuplicate": false,
                "lang": "eng",
                "sim": 0,
                "source": {
                    "id": "402",
                    "title": "The Huffington Post",
                    "uri": "www.huffingtonpost.com"
                },
                "time": "20:01:00",
                "title": "Africa's Smallholder Farmers Among The Most Hurt By Climate Change",
                "uri": "553701530",
                "url": "http://www.huffingtonpost.com/dr-agnes-kalibata/africas-smallholder-farme_b_13222494.html",
                "wgt": 1
            },
            {
                "body": "Donald Trump might seem like a uniquely American phenomenon. The shape-shifting billionaire huckster reinvented himself first as a TV personality and then as a maverick populist politician. He rode to power on patriotic slogans - \"Make America Great Again\" - and tailored his policy prescriptions to ...",
                "date": "2016-11-25",
                "id": "13074255",
                "isDuplicate": false,
                "lang": "eng",
                "sim": 0,
                "source": {
                    "id": "402",
                    "title": "The Huffington Post",
                    "uri": "www.huffingtonpost.com"
                },
                "time": "19:57:00",
                "title": "What Europe Can Teach Us About Trump",
                "uri": "553959066",
                "url": "http://www.huffingtonpost.com/entry/what-europe-can-teach-us-about-trump_us_583835c8e4b050dfe6187b3e",
                "wgt": 1
            },
            {
                "body": "\"Our country wanted change, and Clinton did not represent change,\" is something I've heard 1 billion times since the election. And my stomach sinks each time. Change is one of those vague and subjective terms, like \"great.\" What makes America \"great\" for one person, makes it a nightmare for ...",
                "date": "2016-11-25",
                "id": "13178874",
                "isDuplicate": false,
                "lang": "eng",
                "sim": 0,
                "source": {
                    "id": "402",
                    "title": "The Huffington Post",
                    "uri": "www.huffingtonpost.com"
                },
                "time": "19:35:00",
                "title": "Loud, Aggressive Promises From Loud, Aggressive Men Do Not Represent 'Change'",
                "uri": "554259813",
                "url": "http://www.huffingtonpost.com/entry/our-fear-of-female-leadership-the-sweeping-promise_us_5835e999e4b0a79f7433b36e",
                "wgt": 1
            },
            {
                "body": "In April 2016, Rodrigo Duterte won the Philippine presidential election by a landslide, with more than 6 million votes. He openly declared that he was the nation's first Left president, calling himself a socialist but not a communist. So far, his regime has been controversial, to put it mildly.\n\nThe ...",
                "date": "2016-11-25",
                "id": "13069101",
                "isDuplicate": false,
                "lang": "eng",
                "sim": 0.5803921818733215,
                "source": {
                    "id": "402",
                    "title": "The Huffington Post",
                    "uri": "www.huffingtonpost.com"
                },
                "time": "19:23:00",
                "title": "Philippines' Duterte Seeks Peace",
                "uri": "553944899",
                "url": "http://www.huffingtonpost.com/entry/philippines-duterte-seeks-peace_us_58385bcde4b050dfe6187b67",
                "wgt": 1
            },
            {
                "body": "Yeah, William Riggs, Chandler's father, included \"#freedom\" at the end of the message.\n\nComicbook.com reports a since deleted Facebook message from Riggs' dad was even longer and \"sounds a lot like a goodbye.\"\n\n7 year contract completed! Grateful to AMC, Cast & Crew, TWD fan base, and especially ...",
                "date": "2016-11-25",
                "id": "13065299",
                "isDuplicate": false,
                "lang": "eng",
                "sim": 0.7411764860153198,
                "source": {
                    "id": "402",
                    "title": "The Huffington Post",
                    "uri": "www.huffingtonpost.com"
                },
                "time": "19:01:00",
                "title": "There's Evidence A Shocking Death Is Coming On 'The Walking Dead'",
                "uri": "553930286",
                "url": "http://www.huffingtonpost.com/entry/evidence-carl-grimes-will-die-on-the-walking-dead_us_58385b91e4b000af95ee1fc6",
                "wgt": 1
            },
            {
                "body": "Soon-to-be Senate Minority Leader Chuck Schumer (D-N.Y.) issued a strong warning to his Republican colleagues against privatizing Medicare.\n\nAs HuffPost reported earlier this month, Republicans will likely begin a new push toward a voucher-based system for the seniors' health insurance program once ...",
                "date": "2016-11-25",
                "id": "13065284",
                "isDuplicate": false,
                "lang": "eng",
                "sim": 0,
                "source": {
                    "id": "402",
                    "title": "The Huffington Post",
                    "uri": "www.huffingtonpost.com"
                },
                "time": "19:01:00",
                "title": "Chuck Schumer Issues Scathing Warning To Republicans On Medicare",
                "uri": "553935395",
                "url": "http://www.huffingtonpost.com/entry/chuck-schumer-medicare_us_5838692ae4b000af95ee2305",
                "wgt": 1
            },
            {
                "body": "Here's the Outspeak roundup of the top five news stories you can use to impress your colleagues (with Steven Seagal facts) at happy hour.\n\n1. Vladimir Putin gives Steven Seagal a Russian passport to help Russian-American relations. This is how international relations are solved, with 1980s action ...",
                "date": "2016-11-25",
                "id": "13065269",
                "isDuplicate": false,
                "lang": "eng",
                "sim": 0,
                "source": {
                    "id": "402",
                    "title": "The Huffington Post",
                    "uri": "www.huffingtonpost.com"
                },
                "time": "19:01:00",
                "title": "News Roundup for November 25, 2016",
                "uri": "553935394",
                "url": "http://www.huffingtonpost.com/outspeak/news-roundup-for-november_1_b_13231004.html",
                "wgt": 1
            },
            {
                "body": "Here's a story about a lovely lady who made a big difference in the lives of her TV kids.\n\nFor years, Florence Henderson offered advice and delivered laughs on \"The Brady Bunch.\" On Thursday, the world said goodbye to the 82-year-old actress, and it's clear that Henderson and her \"Brady\" castmates ...",
                "date": "2016-11-25",
                "id": "13065249",
                "isDuplicate": false,
                "lang": "eng",
                "sim": 0.5647059082984924,
                "source": {
                    "id": "402",
                    "title": "The Huffington Post",
                    "uri": "www.huffingtonpost.com"
                },
                "time": "19:01:00",
                "title": "'Brady Bunch' Kids Post Heartwarming Tributes To Florence Henderson",
                "uri": "553921204",
                "url": "http://www.huffingtonpost.com/entry/brady-bunch-kids-post-heartwarming-tributes-florence-henderson_us_583844c9e4b09b6056006db2",
                "wgt": 1
            },
            {
                "body": "I couldn't, post-election, muster a plausibly big enough piece of good news to warrant a Thanksgiving blog -- but then this morning one arrived. In an astonishingly short eight years, as a result of tougher emission rules on power plants and a declining use of coal, concentrations of mercury in ...",
                "date": "2016-11-25",
                "id": "13065042",
                "isDuplicate": false,
                "lang": "eng",
                "sim": 0,
                "source": {
                    "id": "402",
                    "title": "The Huffington Post",
                    "uri": "www.huffingtonpost.com"
                },
                "time": "18:59:00",
                "title": "Declining Mercury Levels In Tuna Suggest Ocean Contamination Can Be Reversed",
                "uri": "553883124",
                "url": "http://www.huffingtonpost.com/carl-pope/a-belated-thanksgiving-th_b_13217668.html",
                "wgt": 1
            },
            {
                "body": "November 25 is the International Day for the Elimination of Violence against Women. It's a day to reflect on the pain and resilience of survivors. And it's a day to take stock of progress and failings in combatting this pervasive human rights abuse.\n\nIn March, the International Criminal Court (ICC) ...",
                "date": "2016-11-25",
                "id": "13058178",
                "isDuplicate": false,
                "lang": "eng",
                "sim": 0,
                "source": {
                    "id": "402",
                    "title": "The Huffington Post",
                    "uri": "www.huffingtonpost.com"
                },
                "time": "18:18:00",
                "title": "2016's Biggest Victories And Failures In The Effort To Eliminate Violence Against Women",
                "uri": "553858802",
                "url": "http://www.huffingtonpost.com/janet-walsh/mass-rapes-to-mass-protes_b_13227522.html",
                "wgt": 1
            },
            {
                "body": "Elder care is a growing issue in society. Caregiving at a distance can be difficult, stressful and time-consuming. And often the only time caregivers see the loved one is on a family visit, more than not tied around a holiday. It is very noticeable when something is awry when visits are infrequent. ...",
                "date": "2016-11-25",
                "id": "13055803",
                "isDuplicate": false,
                "lang": "eng",
                "sim": 0,
                "source": {
                    "id": "402",
                    "title": "The Huffington Post",
                    "uri": "www.huffingtonpost.com"
                },
                "time": "18:06:00",
                "title": "Tips For Visiting Elderly Relatives During The Holidays",
                "uri": "553911599",
                "url": "http://www.huffingtonpost.com/anthony-cirillo/visiting-elderly-relatives-during-the-holidays_b_13051838.html",
                "wgt": 1
            },
            {
                "body": "As Yahoo Sports reported in interviews with players, the locker room wants Coach Orgeron....badly. \"He's done a great job,\" LSU running back Derrius Guice said after the team's road win over Texas A&A. \"He's a family guy. He keeps us close. He reminds us that it's you fighting for your brothers. ...",
                "date": "2016-11-25",
                "id": "13055793",
                "isDuplicate": false,
                "lang": "eng",
                "sim": 0.3372549116611481,
                "source": {
                    "id": "402",
                    "title": "The Huffington Post",
                    "uri": "www.huffingtonpost.com"
                },
                "time": "18:06:00",
                "title": "In Their Football Coach Search, LSU Needs To Listen To The Pina Colada Song",
                "uri": "553911605",
                "url": "http://www.huffingtonpost.com/john-a-tures/in-their-football-coach-s_b_13229262.html",
                "wgt": 1
            },
            {
                "body": "I've long gotten over it, but recently my soon-to-be-teenager children started getting upset by it. They feel embarrassed that their mom does not behave \"appropriately\" and brings negative attention to the family. They have started tapping me on the shoulder to alert me when someone wants to pass, ...",
                "date": "2016-11-25",
                "id": "13055781",
                "isDuplicate": false,
                "lang": "eng",
                "sim": 0,
                "source": {
                    "id": "402",
                    "title": "The Huffington Post",
                    "uri": "www.huffingtonpost.com"
                },
                "time": "18:06:00",
                "title": "When Your Hearing Loss Leads To Embarrassment",
                "uri": "553911603",
                "url": "http://www.huffingtonpost.com/shari-eberts/hearing-loss-embarrassment_b_13054360.html",
                "wgt": 1
            },
            {
                "body": "The instrument best known in the classical world had been an emotive, fiery and dreamy component of the pop and jazz worlds in the '60s and '70s. In jazz, there were Bobbi Humphrey and Hubert Laws (still the top vote getter in jazz polls), not to mention the three-minute flute solo by ...",
                "date": "2016-11-25",
                "id": "13055769",
                "isDuplicate": false,
                "lang": "eng",
                "sim": 0,
                "source": {
                    "id": "402",
                    "title": "The Huffington Post",
                    "uri": "www.huffingtonpost.com"
                },
                "time": "18:06:00",
                "title": "Flutronix Bring Their 'Urban Pop Art' to Baruch PAC",
                "uri": "553911601",
                "url": "http://www.huffingtonpost.com/zealnyc/flutronix-bring-their-urb_b_13228918.html",
                "wgt": 1
            },
            {
                "body": "Chomsky told Al Jazeera's Mehdi Hasan there's a \"moral issue\" in voting \"against the greater evil\" -- Trump, in this case -- even if you don't like the other candidate. But he also said there was a factual question regarding this year's candidates, pointing out Trump and Clinton's \"very different\" ...",
                "date": "2016-11-25",
                "id": "13045090",
                "isDuplicate": false,
                "lang": "eng",
                "sim": 0.8549019694328308,
                "source": {
                    "id": "402",
                    "title": "The Huffington Post",
                    "uri": "www.huffingtonpost.com"
                },
                "time": "17:09:00",
                "title": "Noam Chomsky: People Who Didn't Vote For Clinton To Block Trump Made A 'Bad Mistake'",
                "uri": "553885779",
                "url": "http://www.huffingtonpost.com/entry/noam-chomsky-donald-trump_us_58385d81e4b000af95ee1fda",
                "wgt": 1
            },
            {
                "body": "There have been reports about the president elect meeting lots of pretenders to the cabinet and also prominent democrats such as Mayor De Blasio and Chuck Schumer. There is some common ground between Schumer and Trump. Both Trump and Schumer opposed the Iran nuclear treaty and we would suppose that ...",
                "date": "2016-11-25",
                "id": "13039124",
                "isDuplicate": false,
                "lang": "eng",
                "sim": 0,
                "source": {
                    "id": "402",
                    "title": "The Huffington Post",
                    "uri": "www.huffingtonpost.com"
                },
                "time": "16:39:00",
                "title": "The Final Solution: Caveat Emptor",
                "uri": "553871981",
                "url": "http://www.huffingtonpost.com/francis-levy/the-final-solution-caveat_b_13227404.html",
                "wgt": 1
            },
            {
                "body": "A graphic designer in Miami Beach has designs on turning Donald Trump's last name into a new euphemism for \"poop.\"\n\nThe way he's doing it will strike many as crappy: He's putting Trump's face and, occasionally, his quotes on pieces of dog poop he sees around his South Beach neighborhood.\n\nEvery day, ...",
                "date": "2016-11-25",
                "id": "13037784",
                "isDuplicate": false,
                "lang": "eng",
                "sim": 0,
                "source": {
                    "id": "402",
                    "title": "The Huffington Post",
                    "uri": "www.huffingtonpost.com"
                },
                "time": "16:33:00",
                "title": "Artist Turns Random Dog Poops Into Donald Trump Art Installation",
                "uri": "553868524",
                "url": "http://www.huffingtonpost.com/entry/trump-dog-poop_us_583622a4e4b01ba68ac4212b",
                "wgt": 1
            },
            {
                "body": "One of the biggest lies you've ever been told is that Simba lives.\n\nWithout a parent, alone on the plains of Africa, a lion cub will almost certainly die before he can find an all-you-can-eat grub buffet. It's not sad, it's reality, and like Disney, most wildlife films spare viewers the gritty ...",
                "date": "2016-11-25",
                "id": "13037264",
                "isDuplicate": false,
                "lang": "eng",
                "sim": 0,
                "source": {
                    "id": "402",
                    "title": "The Huffington Post",
                    "uri": "www.huffingtonpost.com"
                },
                "time": "16:30:00",
                "title": "Even When A Leopard Cub Dies, These Filmmakers Don't Turn The Cameras Off",
                "uri": "553867444",
                "url": "http://www.huffingtonpost.com/entry/national-geographic-savage-kingdom_us_58384146e4b000af95ee17a1",
                "wgt": 1
            },
            {
                "body": "We are in a civil war. Not very hot - yet - but in which tension is building daily. Neo-Nazis party in my neighborhood of Chevy Chase, unnoticed by the Leader, while he attacks the cast of Hamilton instead. Clinton keeps racking up votes, now with a 2,000,000+ vote lead, while no one is yet auditing ...",
                "date": "2016-11-25",
                "id": "13036386",
                "isDuplicate": false,
                "lang": "eng",
                "sim": 0,
                "source": {
                    "id": "402",
                    "title": "The Huffington Post",
                    "uri": "www.huffingtonpost.com"
                },
                "time": "16:26:00",
                "title": "A \"Safe Space\" for White People, otherwise known as \"The Two State Solution\", or \"Disunion as Solution\"",
                "uri": "553865601",
                "url": "http://www.huffingtonpost.com/dana-beyer/a-safe-space-for-white-pe_b_13227466.html",
                "wgt": 1
            },
            {
                "body": "How could I say no to a glass of silky Vietnamese coffee, the rich brown swirled with the creamy sweetness of condensed milk. How could I turn down a plate heaped with string hoppers in Sri Lanka, accompanied by a spicy prawn curry. And Thailand's mango sticky rice? Only a fool would say, \"Sorry, ...",
                "date": "2016-11-25",
                "id": "13034732",
                "isDuplicate": false,
                "lang": "eng",
                "sim": 0,
                "source": {
                    "id": "402",
                    "title": "The Huffington Post",
                    "uri": "www.huffingtonpost.com"
                },
                "time": "16:18:00",
                "title": "Simple Tips to Maintain Health While Traveling",
                "uri": "553861719",
                "url": "http://www.huffingtonpost.com/courtney-lambert/simple-tips-to-maintain-h_b_13196370.html",
                "wgt": 1
            },
            {
                "body": "As an entrepreneur, you are constantly \"on\". Not only do you have your hands full with the day to day operations of your business, but everyone in your organisation probably looks to you for direction and guidance. It's also likely that your personal life is full of needs, demands and drains on your ...",
                "date": "2016-11-25",
                "id": "13029967",
                "isDuplicate": false,
                "lang": "eng",
                "sim": 0,
                "source": {
                    "id": "402",
                    "title": "The Huffington Post",
                    "uri": "www.huffingtonpost.com"
                },
                "time": "15:57:00",
                "title": "7 Tips On How To Avoid Burnout",
                "uri": "553850194",
                "url": "http://www.huffingtonpost.com/sophie-andrews/7-tips-on-how-to-avoid-bu_b_13182534.html",
                "wgt": 1
            },
            {
                "body": "A poignant, truly unique depiction of what it really feels like to be a teen, Little Miss Perfect, the new film from Marlee Roberts, elegantly delivers a memorable portrait of that formative age. It's Ms. Roberts' first feature, with her younger sister, Karlee Roberts, portraying a troubled teen led ...",
                "date": "2016-11-25",
                "id": "13029710",
                "isDuplicate": false,
                "lang": "eng",
                "sim": 0,
                "source": {
                    "id": "402",
                    "title": "The Huffington Post",
                    "uri": "www.huffingtonpost.com"
                },
                "time": "15:56:00",
                "title": "In Marlee Roberts' Debut Feature, Little Miss Perfect, Beauty and Beast Collide",
                "uri": "553850183",
                "url": "http://www.huffingtonpost.com/gregory-weinkauf/in-marlee-roberts-debut-f_b_13216272.html",
                "wgt": 1
            },
            {
                "body": "CHARLESTON, S.C. (Reuters) - Accused white supremacist Dylann Roof is mentally competent to stand trial for the shooting deaths of nine black parishioners at a South Carolina church last year, a federal judge ruled on Friday.\n\nRoof's competency was the subject of a 16-hour hearing held behind closed ...",
                "date": "2016-11-25",
                "id": "13029741",
                "isDuplicate": false,
                "lang": "eng",
                "sim": 0,
                "source": {
                    "id": "402",
                    "title": "The Huffington Post",
                    "uri": "www.huffingtonpost.com"
                },
                "time": "15:56:00",
                "title": "Judge Rules Dylann Roof Mentally Competent To Stand Trial",
                "uri": "553833729",
                "url": "http://www.huffingtonpost.com/entry/dylann-roof-trial-psychiatric-evaluation_us_5838550be4b01ba68ac4730e",
                "wgt": 1
            },
            {
                "body": "Blockchain technology could eventually be used to carry out many of the functions of a traditional regulator, according to a new paper by the Charities Aid Foundation.\n\nsource: Unsplash\n\nBlockchain technology is creating a new model for charities, which manage large amounts of money, require complex ...",
                "date": "2016-11-25",
                "id": "13029751",
                "isDuplicate": false,
                "lang": "eng",
                "sim": 0,
                "source": {
                    "id": "402",
                    "title": "The Huffington Post",
                    "uri": "www.huffingtonpost.com"
                },
                "time": "15:56:00",
                "title": "Goodbye Corrupt Charities: Hello Blockchain",
                "uri": "553850185",
                "url": "http://www.huffingtonpost.com/ameer-rosic-/goodbye-corrupt-charities_b_13207806.html",
                "wgt": 1
            },
            {
                "body": "In a stunning new book, the artist J. Steven Manolis explains, \"I have daily, early morning contemplative moments during which I envision art images and art books that I have read, and conclude that perhaps the entirety of my life has been about reading, studying, analyzing and admiring art books.\" ...",
                "date": "2016-11-25",
                "id": "13029913",
                "isDuplicate": false,
                "lang": "eng",
                "sim": 0,
                "source": {
                    "id": "402",
                    "title": "The Huffington Post",
                    "uri": "www.huffingtonpost.com"
                },
                "time": "15:56:00",
                "title": "THE PAINTED KEY: AN ARTIST'S TRAVELOGUE OF KEY WEST",
                "uri": "553850190",
                "url": "http://www.huffingtonpost.com/elizabeth-sobieski/the-painted-key-an-artist_b_13185744.html",
                "wgt": 1
            },
            {
                "body": "When I began working out at the age of 16, I had no idea what a training partner was. I just went to the YMCA and started doing weight exercises that I saw in the magazine. I picked a few exercises that I thought looked interesting such as bench press, standing press, curls and tricep pushdowns. ...",
                "date": "2016-11-25",
                "id": "13029822",
                "isDuplicate": false,
                "lang": "eng",
                "sim": 0,
                "source": {
                    "id": "402",
                    "title": "The Huffington Post",
                    "uri": "www.huffingtonpost.com"
                },
                "time": "15:56:00",
                "title": "Are Training Partners Good or Bad?",
                "uri": "553850189",
                "url": "http://www.huffingtonpost.com/ric-drasin/are-training-partners-goo_b_13186790.html",
                "wgt": 1
            },
            {
                "body": "Becoming an entrepreneur fundamentally changed me. I think, dream, live, and love with more honesty, passion, and sense of purpose than ever before. I did not pluck those qualities out of the sky. They are in me. They ignited and are no longer censored or monitored. And I am happier, more grounded, ...",
                "date": "2016-11-25",
                "id": "13029844",
                "isDuplicate": false,
                "lang": "eng",
                "sim": 0,
                "source": {
                    "id": "402",
                    "title": "The Huffington Post",
                    "uri": "www.huffingtonpost.com"
                },
                "time": "15:56:00",
                "title": "How I Found True Love As An Entrepreneur",
                "uri": "553850186",
                "url": "http://www.huffingtonpost.com/jenny-kanevsky/how-i-found-true-love-as-_b_13205958.html",
                "wgt": 1
            },
            {
                "body": "Failure. Just reading the word makes us uncomfortable. Try whispering the word under your breath. Do you physically feel the discomfort? Most of us do. There's something about that word that we despise, yet failure is an important part of our growth. In fact, it's essential to our survival. We are ...",
                "date": "2016-11-25",
                "id": "13029861",
                "isDuplicate": false,
                "lang": "eng",
                "sim": 0,
                "source": {
                    "id": "402",
                    "title": "The Huffington Post",
                    "uri": "www.huffingtonpost.com"
                },
                "time": "15:56:00",
                "title": "Failure's Silver Lining",
                "uri": "553850187",
                "url": "http://www.huffingtonpost.com/jason-olsen/failures-silver-lining_b_13205020.html",
                "wgt": 1
            },
            {
                "body": "Could you work with someone you never met? Many entrepreneurs now do - they're called virtual assistants. Business owners don't always have the time to do \"busy\" work and need help. That's where a virtual assistant comes in - someone who can fill in the gap, freeing you up to do what you do best - ...",
                "date": "2016-11-25",
                "id": "13029866",
                "isDuplicate": false,
                "lang": "eng",
                "sim": 0,
                "source": {
                    "id": "402",
                    "title": "The Huffington Post",
                    "uri": "www.huffingtonpost.com"
                },
                "time": "15:56:00",
                "title": "Hire a Virtual Assistant",
                "uri": "553850192",
                "url": "http://www.huffingtonpost.com/jo-hausman/hire-a-virtual-assistant_b_13183606.html",
                "wgt": 1
            },
            {
                "body": "There are a lot of people who come to me for advice because they want to know how to become a millionaire. I am always more than happy to help these people in any way I can. However, throughout my years of teaching others, I have found that I have learned just as many lessons from being a ...",
                "date": "2016-11-25",
                "id": "13029943",
                "isDuplicate": false,
                "lang": "eng",
                "sim": 0,
                "source": {
                    "id": "402",
                    "title": "The Huffington Post",
                    "uri": "www.huffingtonpost.com"
                },
                "time": "15:56:00",
                "title": "Five Lessons of Being a Multi-Millionaire",
                "uri": "553850193",
                "url": "http://www.huffingtonpost.com/timothy-sykes/five-lessons-of-being-a-m_b_13183534.html",
                "wgt": 1
            },
            {
                "body": "I've never been a fan of Black Friday. My preferred post-Thanksgiving activity is lounging on a couch with a movie and leftovers. I definitely don't want to be anywhere near a stuffy, airless shopping mall crammed with crowds. But, Small Business Saturday is a different story. I love strolling our ...",
                "date": "2016-11-25",
                "id": "13029919",
                "isDuplicate": false,
                "lang": "eng",
                "sim": 0,
                "source": {
                    "id": "402",
                    "title": "The Huffington Post",
                    "uri": "www.huffingtonpost.com"
                },
                "time": "15:56:00",
                "title": "Small Business Saturday: Where to Shop Small in Denver",
                "uri": "553850191",
                "url": "http://www.huffingtonpost.com/heather-garbo/shop-local-at-these-6-den_b_13175612.html",
                "wgt": 1
            },
            {
                "body": "Last month, seven species of Hawaiian bees were declared endangered in the United States -- a first for the insect. There are fears that the rusty-patched bumble bee, endemic to North America, is also nearing extinction.\n\nResearchers discovered earlier this year that U.S. beekeepers had lost more ...",
                "date": "2016-11-25",
                "id": "13029808",
                "isDuplicate": false,
                "lang": "eng",
                "sim": 0.7607843279838562,
                "source": {
                    "id": "402",
                    "title": "The Huffington Post",
                    "uri": "www.huffingtonpost.com"
                },
                "time": "15:56:00",
                "title": "How You Can Help Save The Bees -- Even In Winter",
                "uri": "553850188",
                "url": "http://www.huffingtonpost.com/entry/save-the-bees_us_58369cece4b09b6056003837",
                "wgt": 1
            },
            {
                "body": "What would you say to others to encourage them to become entrepreneurs?\n\nIt's all about seeing role models that other people can aspire to. Silicon Valley is the hub of entrepreneurship, where it is almost the social norm that entrepreneurship is the acceptable thing for anybody to do. The network ...",
                "date": "2016-11-25",
                "id": "13027415",
                "isDuplicate": false,
                "lang": "eng",
                "sim": 0,
                "source": {
                    "id": "402",
                    "title": "The Huffington Post",
                    "uri": "www.huffingtonpost.com"
                },
                "time": "15:46:00",
                "title": "Trailblazing Women: Elizabeth Iorns, CEO of Science Exchange, Part-time Partner at Y Combinator",
                "uri": "553844640",
                "url": "http://www.huffingtonpost.com/anne-ravanona/trailblazing-women-elizab_b_13223010.html",
                "wgt": 1
            },
            {
                "body": "Hundreds of thousands of people across the U.S. are again expected to swap bargain-hunting for the great outdoors this Black Friday.\n\nState and national parks across the country are for a second year in a row waiving their entry fees for the day or offering special activities in a bid to entice ...",
                "date": "2016-11-25",
                "id": "13027032",
                "isDuplicate": false,
                "lang": "eng",
                "sim": 0,
                "source": {
                    "id": "402",
                    "title": "The Huffington Post",
                    "uri": "www.huffingtonpost.com"
                },
                "time": "15:44:00",
                "title": "People Are Shunning Black Friday So They Can #OptOutside Instead",
                "uri": "553843630",
                "url": "http://www.huffingtonpost.com/entry/black-friday-delaware-state-parks_us_58383aa2e4b01ba68ac46c4e",
                "wgt": 1
            },
            {
                "body": "The Peace Walk started in the mid 1990's with Tina joined by a dozen friends. In the spring of this year, the Peace Walk had several thousand supporters, a throng so large that you could see nothing but a sea of people as you looked either forward or backward down the long and wide street. While ...",
                "date": "2016-11-25",
                "id": "13025611",
                "isDuplicate": false,
                "lang": "eng",
                "sim": 0,
                "source": {
                    "id": "402",
                    "title": "The Huffington Post",
                    "uri": "www.huffingtonpost.com"
                },
                "time": "15:35:00",
                "title": "Transforming Despair into Solutions: A Leader We Can All Be Thankful For",
                "uri": "553838772",
                "url": "http://www.huffingtonpost.com/lisa-levey/transforming-despair-into_b_13180566.html",
                "wgt": 1
            },
            {
                "body": "I spoke recently with IoT company n-Join and they told me how their systems can bring the benefits of smart manufacturing to nearly any plant. The system passively captures and records a host of previously untapped data, with the software then autonomously learning about the functioning of the ...",
                "date": "2016-11-25",
                "id": "13024293",
                "isDuplicate": false,
                "lang": "eng",
                "sim": 0,
                "source": {
                    "id": "402",
                    "title": "The Huffington Post",
                    "uri": "www.huffingtonpost.com"
                },
                "time": "15:28:00",
                "title": "How IoT can keep manufacturing moving in times of uncertainty",
                "uri": "553835218",
                "url": "http://www.huffingtonpost.com/adi-gaskell/how-iot-can-keep-manufact_b_13219448.html",
                "wgt": 1
            },
            {
                "body": "It may seem odd to name a restaurant after the controversial Renaissance man Niccol\u00f2 Machiavelli, whose name, unfairly, has long been associated with power politics. But, then again, he was an extraordinary intellect, philosopher, poet, dramatist, historian and humanist. And it's such a mellifluous ...",
                "date": "2016-11-25",
                "id": "13023957",
                "isDuplicate": false,
                "lang": "eng",
                "sim": 0,
                "source": {
                    "id": "402",
                    "title": "The Huffington Post",
                    "uri": "www.huffingtonpost.com"
                },
                "time": "15:25:00",
                "title": "True Northern Italian Cuisine on NYC's Upper West Side",
                "uri": "553834165",
                "url": "http://www.huffingtonpost.com/john-mariani/true-northern-italian-cui_b_13226270.html",
                "wgt": 1
            },
            {
                "body": "In the coming weeks, the president could push through several eleventh-hour preservation projects, reported The Guardian, including naming new national monuments in the Bears Ears landscape in Utah, Nevada's Gold Butte and the greater Grand Canyon area.\n\nDuring his eight years in office, Obama has ...",
                "date": "2016-11-25",
                "id": "13018256",
                "isDuplicate": false,
                "lang": "eng",
                "sim": 0,
                "source": {
                    "id": "402",
                    "title": "The Huffington Post",
                    "uri": "www.huffingtonpost.com"
                },
                "time": "14:58:00",
                "title": "In The Weeks Before Trump Takes Office, Obama's Mad Dash To Save Public Lands",
                "uri": "553820982",
                "url": "http://www.huffingtonpost.com/entry/barack-obama-public-lands-trump_us_5837f4ece4b09b6056006007",
                "wgt": 1
            },
            {
                "body": "WASHINGTON -- Donald Trump thinks Republican leaders \"love\" him, but he may soon find that these warm feelings won't necessarily translate into unflinching support from Congress.\n\nSome of the most conservative GOP lawmakers, long used to splitting with their party leaders when they deem their ...",
                "date": "2016-11-25",
                "id": "13012627",
                "isDuplicate": false,
                "lang": "eng",
                "sim": 0,
                "source": {
                    "id": "402",
                    "title": "The Huffington Post",
                    "uri": "www.huffingtonpost.com"
                },
                "time": "14:29:00",
                "title": "House Conservatives Signal Donald Trump Won't Have A Blank Check",
                "uri": "553807103",
                "url": "http://www.huffingtonpost.com/entry/house-conservatives-trump-spending_us_5835d96de4b000af95ed9231",
                "wgt": 1
            },
            {
                "body": "Like most things, cancer diagnosis is not equal for men and women.\n\nIn adults, sexual hormones, dietary habits, exposure to carcinogens, smoking and alcohol consumption combine to give rise to a situation where more men than women are diagnosed with cancer globally.\n\nWorldwide, 7.4 million cancers ...",
                "date": "2016-11-25",
                "id": "13006167",
                "isDuplicate": false,
                "lang": "eng",
                "sim": 0.5215686559677124,
                "source": {
                    "id": "402",
                    "title": "The Huffington Post",
                    "uri": "www.huffingtonpost.com"
                },
                "time": "13:57:00",
                "title": "More boys are diagnosed with cancer than girls worldwide - why?",
                "uri": "553791822",
                "url": "http://www.huffingtonpost.com/the-conversation-global/more-boys-are-diagnosed-w_b_13224860.html",
                "wgt": 1
            },
            {
                "body": "At least 31 people were killed on Friday when two passenger trains collided in Iran's north-central province of Semnan and the death toll is likely to rise, the provincial governor said.\n\nIranian state television aired footage of four derailed carriages, with two of them on fire. A spokesman for ...",
                "date": "2016-11-25",
                "id": "12998179",
                "isDuplicate": false,
                "lang": "eng",
                "sim": 0,
                "source": {
                    "id": "402",
                    "title": "The Huffington Post",
                    "uri": "www.huffingtonpost.com"
                },
                "time": "13:21:00",
                "title": "Passenger Trains Collide In Iran, At Least 31 Killed",
                "uri": "553771074",
                "url": "http://www.huffingtonpost.com/entry/passenger-trains-collide-in-iran_us_583832aae4b09b6056006c73",
                "wgt": 1
            },
            {
                "body": "By Dennis ZHU, member of the St. Gallen Symposium's global community\n\nProbably few people on this planet are in a better position than Mr. Barton to talk about disruption, not only because McKinsey is known for offering advices to clients searching answers for future challenges, but also because of ...",
                "date": "2016-11-25",
                "id": "12993699",
                "isDuplicate": false,
                "lang": "eng",
                "sim": 0,
                "source": {
                    "id": "402",
                    "title": "The Huffington Post",
                    "uri": "www.huffingtonpost.com"
                },
                "time": "12:59:00",
                "title": "Dominic Barton on Disruption and Leadership",
                "uri": "553762243",
                "url": "http://www.huffingtonpost.com/st-gallen-symposium/dominic-barton-on-disrupt_b_13223402.html",
                "wgt": 1
            },
            {
                "body": "Black Friday in the U.S. is often characterized as a chaotic and sometimes sadly violent rush to bag as many bargains from inside a store as possible.\n\nSimilar scenes of frenzied shoppers fighting over limited discounted items played out in the United Kingdom when its stores latched onto the trend ...",
                "date": "2016-11-25",
                "id": "12992478",
                "isDuplicate": false,
                "lang": "eng",
                "sim": 0,
                "source": {
                    "id": "402",
                    "title": "The Huffington Post",
                    "uri": "www.huffingtonpost.com"
                },
                "time": "12:54:00",
                "title": "Of Course British Black Friday Is Incredibly Polite",
                "uri": "553759083",
                "url": "http://www.huffingtonpost.com/entry/black-friday-uk-photographs_us_58381b61e4b09b6056006541",
                "wgt": 1
            },
            {
                "body": "There is a high possibility of increased U.S. military spending in the Asia-Pacific.\n\nA Donald Trump presidency does not mean the United States will withdraw from the South China Sea, but rather will continue pursuing \"regional hegemony\", Chinese academics who drafted a report for an influential ...",
                "date": "2016-11-25",
                "id": "12992532",
                "isDuplicate": false,
                "lang": "eng",
                "sim": 0,
                "source": {
                    "id": "402",
                    "title": "The Huffington Post",
                    "uri": "www.huffingtonpost.com"
                },
                "time": "12:54:00",
                "title": "Chinese Academics: Trump Will Pursue 'Regional Hegemony' In South China Sea",
                "uri": "553751402",
                "url": "http://www.huffingtonpost.com/entry/regional-hegemony-in-south-china-sea_us_58382be4e4b09b6056006b9d",
                "wgt": 1
            },
            {
                "body": "The key to recapturing white working-class voters is to listen and act on their economic concerns.\n\nThe Democratic Party chairman in Youngstown, Ohio, wrote to Hillary Clinton's advisers in May warning she needed to put a jobs-focused message at the heart of her White House campaign or else watch ...",
                "date": "2016-11-25",
                "id": "13266736",
                "isDuplicate": false,
                "lang": "eng",
                "sim": 0.9921568632125854,
                "source": {
                    "id": "402",
                    "title": "The Huffington Post",
                    "uri": "www.huffingtonpost.com"
                },
                "time": "12:46:00",
                "title": "Blue-Collar Democrats To Party: It's Still The Economy, Stupid",
                "uri": "554516471",
                "url": "http://www.huffingtonpost.com/entry/blue-collar-democrats-to-party-its-still-the-economy-stupid_us_58382f9be4b000af95ee1623",
                "wgt": 1
            },
            {
                "body": "ACAPULCO, Mexico (Reuters) - Mexican authorities have found the remains of dozens of people in a series of clandestine graves in the restive southwestern state of Guerrero, which is racked by drug gangs, the state prosecutor's office said on Thursday.\n\nThe remains, including 32 corpses and nine ...",
                "date": "2016-11-25",
                "id": "12970597",
                "isDuplicate": false,
                "lang": "eng",
                "sim": 0,
                "source": {
                    "id": "402",
                    "title": "The Huffington Post",
                    "uri": "www.huffingtonpost.com"
                },
                "time": "11:04:00",
                "title": "Mexican Officials Find Dozens Of Corpses Buried In Secret Graves",
                "uri": "553698521",
                "url": "http://www.huffingtonpost.com/entry/mexican-secret-graves-corpses_us_58380ff9e4b000af95ee0d50",
                "wgt": 1
            },
            {
                "body": "\"You know I usually don't air my personal opinions on the show, but this one has actually gotten me in trouble in the past,\" the comedian said, before launching into his tirade.\n\nUnfortunately, a voiceover artist claimed that NBC \"network policy\" prevented it from broadcasting his comments.\n\n\"But ...",
                "date": "2016-11-25",
                "id": "12965453",
                "isDuplicate": false,
                "lang": "eng",
                "sim": 0,
                "source": {
                    "id": "402",
                    "title": "The Huffington Post",
                    "uri": "www.huffingtonpost.com"
                },
                "time": "10:34:00",
                "title": "Seth Meyers Loses It Over Thanksgiving's Proximity To Christmas",
                "uri": "553690962",
                "url": "http://www.huffingtonpost.com/entry/seth-meyers-christmas-close-thanksgiving_us_5837f0e0e4b000af95ee0991",
                "wgt": 1
            },
            {
                "body": "As Donald Trump prepares to assume power, it's time to recall Charles Dickens terrifying tale of another infamous split personality, \"Doctor Jeckyll and Mr. Hyde.\"\n\nDoctor Jeckyll was a 19th Century London physician who, despite his surface respectability, sensed dark, evil impulses surging within. ...",
                "date": "2016-11-25",
                "id": "12963539",
                "isDuplicate": false,
                "lang": "eng",
                "sim": 0,
                "source": {
                    "id": "402",
                    "title": "The Huffington Post",
                    "uri": "www.huffingtonpost.com"
                },
                "time": "10:25:00",
                "title": "Jeckyll and Hyde in the Oval Office?",
                "uri": "553686365",
                "url": "http://www.huffingtonpost.com/barry-lando/jeckyll-and-hyde-in-the-o_b_13222356.html",
                "wgt": 1
            },
            {
                "body": "At the United Nations climate talks last week, we heard a loud and clear message from science: global warming is moving at an alarming rate, faster than predicted. The scenarios are very worrisome, with the melting of glaciers, more frequent super storms and other extreme climate events. These have ...",
                "date": "2016-11-25",
                "id": "12952728",
                "isDuplicate": false,
                "lang": "eng",
                "sim": 0,
                "source": {
                    "id": "402",
                    "title": "The Huffington Post",
                    "uri": "www.huffingtonpost.com"
                },
                "time": "09:24:00",
                "title": "Why Brazil Needs to Rethink its Restrictions on Carbon Trading",
                "uri": "553659648",
                "url": "http://www.huffingtonpost.com/virgilio-viana/why-brazil-needs-to-rethi_b_13220158.html",
                "wgt": 1
            },
            {
                "body": "Dear Mr. Marcus,\n\nA human being is a part of the whole, called by us \"Universe\", a part limited in time and space. He experiences himself, his thoughts and feelings as something separated from the rest -- a kind of optical delusion of his consciousness. The striving to free oneself from this ...",
                "date": "2016-11-25",
                "id": "12938800",
                "isDuplicate": false,
                "lang": "eng",
                "sim": 0,
                "source": {
                    "id": "402",
                    "title": "The Huffington Post",
                    "uri": "www.huffingtonpost.com"
                },
                "time": "07:58:00",
                "title": "Beyond the Delusion of Separateness",
                "uri": "553618457",
                "url": "http://www.huffingtonpost.com/jonah-c-steinberg/beyond-the-delusion-of-se_b_13219428.html",
                "wgt": 1
            },
            {
                "body": "She died surrounded by family in Los Angeles, her manager confirmed to The Huffington Post.\n\nHenderson was beloved by millions for her role as the matriarch of the blended Brady family living in 1970s America. The show debuted in 1969 and lived on in popular culture for decades.\n\nIn 2010, Henderson ...",
                "date": "2016-11-25",
                "id": "12926235",
                "isDuplicate": false,
                "lang": "eng",
                "sim": 0.4980392158031464,
                "source": {
                    "id": "402",
                    "title": "The Huffington Post",
                    "uri": "www.huffingtonpost.com"
                },
                "time": "06:27:00",
                "title": "Florence Henderson, Famed Mom Of 'The Brady Bunch,' Dead At 82",
                "uri": "553586012",
                "url": "http://www.huffingtonpost.com/entry/florence-henderson-dead_us_5837d277e4b01ba68ac456d9",
                "wgt": 1
            },
            {
                "body": "SEOUL, Nov 25 (Reuters) - South Korean President Park Geun-hye's approval rating fell to 4 percent amid a deepening political crisis, marking an all-time low for any democratically elected leader in the country, according to an opinion poll released on Friday.\n\nFears of policy-making paralysis ...",
                "date": "2016-11-25",
                "id": "12923761",
                "isDuplicate": false,
                "lang": "eng",
                "sim": 0,
                "source": {
                    "id": "402",
                    "title": "The Huffington Post",
                    "uri": "www.huffingtonpost.com"
                },
                "time": "06:07:00",
                "title": "South Korean Political Crisis Hits President's Approval Rating, Consumer Confidence",
                "uri": "553573706",
                "url": "http://www.huffingtonpost.com/entry/south-korea-president-approval-rating-drops_us_5837c35ee4b01ba68ac45569",
                "wgt": 1
            },
            {
                "body": "National treasure Aretha Franklin performed a showstopping rendition of the National Anthem ahead of the Detroit Lions-Minnesota Vikings Thanksgiving Day game at Detroit's Ford Field on Thursday.\n\nFranklin's 5-minute performance surprised viewers accustomed to versions that typically last for about ...",
                "date": "2016-11-25",
                "id": "12923167",
                "isDuplicate": false,
                "lang": "eng",
                "sim": 0,
                "source": {
                    "id": "402",
                    "title": "The Huffington Post",
                    "uri": "www.huffingtonpost.com"
                },
                "time": "06:01:00",
                "title": "Aretha Franklin Serenaded America With 5-Minute Long National Anthem",
                "uri": "553575363",
                "url": "http://www.huffingtonpost.com/entry/aretha-franklin-serenaded-america-with-5-minute-national-anthem_us_5837bf27e4b01ba68ac4554f",
                "wgt": 1
            },
            {
                "body": "On his final show of the year, John Oliver raised a compelling point: this year sucked. And it did suck, in a very significant way, without question, on multiple levels.\n\nBut it also gave us the extraordinary times we're living in. Challenging times, where I suspect we'll all soon be tested in ways ...",
                "date": "2016-11-25",
                "id": "12922393",
                "isDuplicate": false,
                "lang": "eng",
                "sim": 0,
                "source": {
                    "id": "402",
                    "title": "The Huffington Post",
                    "uri": "www.huffingtonpost.com"
                },
                "time": "05:54:00",
                "title": "Challenges Ahead",
                "uri": "553575364",
                "url": "http://www.huffingtonpost.com/bob-weidman/challenges-ahead_b_13217684.html",
                "wgt": 1
            },
            {
                "body": "HAIFA, Israel (Reuters) - Wildfires tore across central and northern Israel on Thursday, forcing tens of thousands of residents to flee the city of Haifa, as leaders blamed arsonists for some of the blazes and branded them terrorists.\n\nTelevision pictures showed a wall of flames raging through ...",
                "date": "2016-11-25",
                "id": "12922378",
                "isDuplicate": false,
                "lang": "eng",
                "sim": 0.4196078479290009,
                "source": {
                    "id": "402",
                    "title": "The Huffington Post",
                    "uri": "www.huffingtonpost.com"
                },
                "time": "05:54:00",
                "title": "Wildfires Tear Across Israel, Netanyahu Calls Arsonists 'Terrorists'",
                "uri": "553573705",
                "url": "http://www.huffingtonpost.com/entry/wildfires-tear-across-israel-haifa_us_5837bad4e4b01ba68ac45503",
                "wgt": 1
            },
            {
                "body": "This is the Black Friday TV to get: it's a 2016 Samsung at the lowest price we've seen AND it includes a huge $175 Dell Gift Card you can put towards a PS4 Pro, Xbox One S, electronics or computers at Dell. This has the premium features of a sharp 4k display, an immersive and sleek curve and it's ...",
                "date": "2016-11-25",
                "id": "12916247",
                "isDuplicate": false,
                "lang": "eng",
                "sim": 0.7568627595901489,
                "source": {
                    "id": "402",
                    "title": "The Huffington Post",
                    "uri": "www.huffingtonpost.com"
                },
                "time": "05:01:00",
                "title": "Best Black Friday Deals",
                "uri": "553559583",
                "url": "http://www.huffingtonpost.com/entry/best-black-friday-deals_us_5834e764e4b0c2ab94436595",
                "wgt": 1
            },
            {
                "body": "WASHINGTON - What happens when a 70-year-old man whose bluster has rarely carried much consequence wins a job where his every syllable is dissected for meaning?\n\nIn less than 60 days, he is set to become president of the United States and commander-in-chief of the world's most powerful armed forces ...",
                "date": "2016-11-25",
                "id": "12916236",
                "isDuplicate": false,
                "lang": "eng",
                "sim": 0,
                "source": {
                    "id": "402",
                    "title": "The Huffington Post",
                    "uri": "www.huffingtonpost.com"
                },
                "time": "05:01:00",
                "title": "Trump's Words And Tweets Are About To Become Global News. All of Them.",
                "uri": "553559587",
                "url": "http://www.huffingtonpost.com/entry/donald-trump-words-matter_us_5837188de4b000af95edf614",
                "wgt": 1
            },
            {
                "body": "In the Name of Humanity,\n\nWe REFUSE To Accept a Fascist America\n\nRise Up... Get Into The Streets... Unite With People Everywhere\n\nto Build Up Resistance in Every Way You Can\n\nDon't Stop: Don't Conciliate... Don't Accommodate...Don't Collaborate\n\nDonald Trump has now won the presidency. Under the ...",
                "date": "2016-11-25",
                "id": "12916213",
                "isDuplicate": false,
                "lang": "eng",
                "sim": 0,
                "source": {
                    "id": "402",
                    "title": "The Huffington Post",
                    "uri": "www.huffingtonpost.com"
                },
                "time": "05:01:00",
                "title": "People Have to Confront this Trump Regime Is Fascist and What it Will Take to Stop It!",
                "uri": "553559586",
                "url": "http://www.huffingtonpost.com/joey-johnson/people-have-to-confront-t_b_13216110.html",
                "wgt": 1
            },
            {
                "body": "President-Elect Trump's threat to withdraw the U.S. from the Trans-Pacific Partnership (TPP) should be taken seriously, despite how mercurial he has already proven to be in failing to follow through on a variety of other campaign promises. Withdrawal from the trade pact is a critical part of the ...",
                "date": "2016-11-25",
                "id": "12915910",
                "isDuplicate": false,
                "lang": "eng",
                "sim": 0,
                "source": {
                    "id": "402",
                    "title": "The Huffington Post",
                    "uri": "www.huffingtonpost.com"
                },
                "time": "04:58:00",
                "title": "Implications of the U.S. Withdrawal from the TPP",
                "uri": "553557471",
                "url": "http://www.huffingtonpost.com/daniel-wagner/implications-of-the-us-wi_b_13217208.html",
                "wgt": 1
            },
            {
                "body": "It's that time of year again! We can always expect two things on Thanksgiving: a hard-earned food coma and a moment to go through a list of the people and things in life that you're grateful for. Well, your job is no exception.\n\nWhen you bring up your career around the Thanksgiving table, you can ...",
                "date": "2016-11-25",
                "id": "12905935",
                "isDuplicate": false,
                "lang": "eng",
                "sim": 0,
                "source": {
                    "id": "402",
                    "title": "The Huffington Post",
                    "uri": "www.huffingtonpost.com"
                },
                "time": "03:23:00",
                "title": "Eight Things About Your Job to be Grateful For (If You're Not, It's Time to Leave)",
                "uri": "553530982",
                "url": "http://www.huffingtonpost.com/vicki-salemi/eight-things-about-your-j_b_13186250.html",
                "wgt": 1
            },
            {
                "body": "As we sit down to enjoy Thanksgiving dinner we might wish to ponder a bitter irony. On this day of feasting to commemorate harmony with Native Americans, those very people are struggling to protect what little land they still possess. Since last spring a group of Lakota Sioux and their supporters ...",
                "date": "2016-11-25",
                "id": "12905711",
                "isDuplicate": false,
                "lang": "eng",
                "sim": 0,
                "source": {
                    "id": "402",
                    "title": "The Huffington Post",
                    "uri": "www.huffingtonpost.com"
                },
                "time": "03:19:00",
                "title": "A Tale of Two Protests",
                "uri": "553530313",
                "url": "http://www.huffingtonpost.com/tom-mockaitis/a-tale-of-two-protests_b_13215128.html",
                "wgt": 1
            },
            {
                "body": "Former Secretary of State Hillary Clinton woke up to a heartwarming surprise on Thanksgiving Day after some anonymous supporters expressed their love for the 2016 presidential candidate.\n\nClinton tweeted out a photo showing a bevy of signs posted on the corner of her street, presumably near the ...",
                "date": "2016-11-25",
                "id": "12900924",
                "isDuplicate": false,
                "lang": "eng",
                "sim": 0.6392157077789307,
                "source": {
                    "id": "402",
                    "title": "The Huffington Post",
                    "uri": "www.huffingtonpost.com"
                },
                "time": "02:20:00",
                "title": "Hillary Clinton Met With A Heartwarming Surprise On Thanksgiving Day",
                "uri": "553517022",
                "url": "http://www.huffingtonpost.com/entry/hillary-clinton-thanksgiving_us_58377acae4b01ba68ac45486",
                "wgt": 1
            },
            {
                "body": "Both Google and Facebook announced on Nov. 15 that they will ban fake news sites from using their ad networks to prevent the spread of false information, AFP reported. The shift comes as they face a backlash over the role they played in the U.S. presidential election by allowing the spread of false ...",
                "date": "2016-11-25",
                "id": "12893154",
                "isDuplicate": false,
                "lang": "eng",
                "sim": 0,
                "source": {
                    "id": "402",
                    "title": "The Huffington Post",
                    "uri": "www.huffingtonpost.com"
                },
                "time": "00:51:00",
                "title": "Internet, a Double-Edged Sword Stained With Fake News and Censorship",
                "uri": "553485519",
                "url": "http://www.huffingtonpost.com/asiatoday/internet-a-double-edged-s_b_13213160.html",
                "wgt": 1
            },
            {
                "body": "Colin is a story teller - a really good one. He conjures up entire worlds, vivid mental images, clever plots and complex characters in remarkable detail, sometimes developing storylines, chapters, book sequels over long periods of years. Colin is a talented writer whose words dance off the page but ...",
                "date": "2016-11-25",
                "id": "12889931",
                "isDuplicate": false,
                "lang": "eng",
                "sim": 0,
                "source": {
                    "id": "402",
                    "title": "The Huffington Post",
                    "uri": "www.huffingtonpost.com"
                },
                "time": "00:21:00",
                "title": "Raising a Creative Genius on the Autism Spectrum",
                "uri": "553484958",
                "url": "http://www.huffingtonpost.com/donald-cohen/raising-a-creative-genius_b_13213154.html",
                "wgt": 1
            },
            {
                "body": "PARIS, Nov 25 (Reuters) - Police are searching for an armed man after finding a dead woman in a retirement home where 60 monks are living in southwestern France, sources close to the matter said on Friday.\n\nAccording to one source, a caretaker contacted the police after escaping from the home in ...",
                "date": "2016-11-25",
                "id": "12887597",
                "isDuplicate": false,
                "lang": "eng",
                "sim": 0.7607843279838562,
                "source": {
                    "id": "402",
                    "title": "The Huffington Post",
                    "uri": "www.huffingtonpost.com"
                },
                "time": "00:00:00",
                "title": "French Police Search For Armed Man After Woman Killed In Monks' Retirement Home",
                "uri": "553478798",
                "url": "http://www.huffingtonpost.com/entry/french-police-search-for-armed-man-after-woman-killed-in-monks-retirement-home_us_58377281e4b000af95ee0077",
                "wgt": 1
            }
        ],
        "totalResults": 85
    }
}