{
    "articles": {
        "count": 74,
        "page": 1,
        "pages": 1,
        "results": [
            {
                "body": "Rory's romantic entanglements also fall quite close to Lorelai's own history. The biggest question the revival refuses to answer is, of course, the paternity of Rory's child. Excluding an unexpected sexual dalliance with a \"Star Wars\" creature, Rory presumably has only sex with one man over the ...",
                "date": "2016-11-26",
                "id": "13281867",
                "isDuplicate": false,
                "lang": "eng",
                "sim": 0,
                "source": {
                    "id": "402",
                    "title": "The Huffington Post",
                    "uri": "www.huffingtonpost.com"
                },
                "time": "23:40:00",
                "title": "Here's Why The Final 4 Words In 'Gilmore Girls' Make Perfect Sense",
                "uri": "554515665",
                "url": "http://www.huffingtonpost.com/entry/gilmore-girls-ending_us_5839ecb8e4b01ba68ac4b599",
                "wgt": 1
            },
            {
                "body": "Religious leaders in California are calling for a police investigation after identical letters were sent to local mosques hailing President-elect Donald Trump and calling for death to Muslims.\n\nThe San Francisco Bay Area chapter of the Council on American-Islamic Relations (CAIR) released a ...",
                "date": "2016-11-26",
                "id": "13265152",
                "isDuplicate": true,
                "lang": "eng",
                "sim": 0,
                "source": {
                    "id": "402",
                    "title": "The Huffington Post",
                    "uri": "www.huffingtonpost.com"
                },
                "time": "23:08:00",
                "title": "Letters To California Mosques Praise Trump, Promise Genocide",
                "uri": "554512952",
                "url": "http://www.huffingtonpost.com/entry/trump-mosque-letters-genocide_us_5839ffcbe4b000af95ee61bd",
                "wgt": 1
            },
            {
                "body": "(Note: While peanut butter is a common treat for dog owners to give their pets, be aware that dogs should avoid any peanut butter containing Xylitol, a potentially deadly ingredient. Choose creamy peanut butter to minimize choking risks and be aware of potential peanut allergies.)\n\nAs it turns out, ...",
                "date": "2016-11-26",
                "id": "13265384",
                "isDuplicate": false,
                "lang": "eng",
                "sim": 0,
                "source": {
                    "id": "402",
                    "title": "The Huffington Post",
                    "uri": "www.huffingtonpost.com"
                },
                "time": "23:07:00",
                "title": "Dog With Human Hands Eating Peanut Butter Is What You Need Right Now",
                "uri": "554512951",
                "url": "http://www.huffingtonpost.com/entry/dog-eating-peanut-butter-human-hands_us_583a063ae4b09b605600b9f8",
                "wgt": 1
            },
            {
                "body": "Religious leaders in California are calling for a police investigation after identical letters were sent to local mosques hailing President-elect Donald Trump and calling for death to Muslims.\n\nThe San Francisco Bay Area chapter of the Council on American-Islamic Relations (CAIR) released a ...",
                "date": "2016-11-26",
                "id": "13264179",
                "isDuplicate": false,
                "lang": "eng",
                "sim": 0,
                "source": {
                    "id": "402",
                    "title": "The Huffington Post",
                    "uri": "www.huffingtonpost.com"
                },
                "time": "23:07:00",
                "title": "Letters To California Mosques Praise Trump, Promise Genocide",
                "uri": "554507796",
                "url": "http://www.huffingtonpost.com/entry/trump-mosque-letters-genocide_us_5839ffcbe4b000af95ee61bd",
                "wgt": 1
            },
            {
                "body": "Disgraceful. Why do young socialists idolize totalitarian tyrants? Castro, Stalin, Mao, Pol Pot -- all evil, torturing murderers. #truth https://t.co/mYJonVK7JB -- Ted Cruz (@tedcruz)\n\nTrudeau called Castro a \"legendary revolutionary and orator\" while acknowledging the late Cuban leader was \"a ...",
                "date": "2016-11-26",
                "id": "13263362",
                "isDuplicate": true,
                "lang": "eng",
                "sim": 0,
                "source": {
                    "id": "402",
                    "title": "The Huffington Post",
                    "uri": "www.huffingtonpost.com"
                },
                "time": "23:06:00",
                "title": "Ted Cruz Rips Justin Trudeau For Praising Fidel Castro",
                "uri": "554507798",
                "url": "http://www.huffingtonpost.com/entry/ted-cruz-justin-trudeau-castro_us_583a000ce4b09b605600b793",
                "wgt": 1
            },
            {
                "body": "Fidel Castro is dead! -- Donald J. Trump (@realDonaldTrump)\n\nNovember 26, 2016\n\nWhile Castro leaves a complex legacy, heads of state were quick to issue statements that were a little lengthier and more fleshed out than the one that Trump offered Saturday morning.\n\nTrump has criticized President ...",
                "date": "2016-11-26",
                "id": "13264769",
                "isDuplicate": false,
                "lang": "eng",
                "sim": 0.2039215713739395,
                "source": {
                    "id": "402",
                    "title": "The Huffington Post",
                    "uri": "www.huffingtonpost.com"
                },
                "time": "23:02:00",
                "title": "Donald Trump's Initial Response To Fidel Castro's Death Says Almost Nothing",
                "uri": "554311578",
                "url": "http://www.huffingtonpost.com/entry/donald-trump-fidel-castro_us_5839a164e4b09b605600a3dc",
                "wgt": 1
            },
            {
                "body": "Disgraceful. Why do young socialists idolize totalitarian tyrants? Castro, Stalin, Mao, Pol Pot -- all evil, torturing murderers. #truth https://t.co/mYJonVK7JB -- Ted Cruz (@tedcruz)\n\nTrudeau called Castro a \"legendary revolutionary and orator\" while acknowledging the late Cuban leader was \"a ...",
                "date": "2016-11-26",
                "id": "13260872",
                "isDuplicate": false,
                "lang": "eng",
                "sim": 0,
                "source": {
                    "id": "402",
                    "title": "The Huffington Post",
                    "uri": "www.huffingtonpost.com"
                },
                "time": "23:01:00",
                "title": "Ted Cruz Rips Justin Trudeau For Praising Fidel Castro",
                "uri": "554440688",
                "url": "http://www.huffingtonpost.com/entry/ted-cruz-justin-trudeau-castro_us_583a000ce4b09b605600b793",
                "wgt": 1
            },
            {
                "body": "When it comes to gift giving, is there anything better than music? Not much. So for anyone looking around for music to delight potential giftees, here are four new CDs that would make any stocking proud:\n\nBarbara Carroll Plays at Birdland - Barbara Carroll with Jay Leonhart (Birdland): At 93, the ...",
                "date": "2016-11-26",
                "id": "13259805",
                "isDuplicate": false,
                "lang": "eng",
                "sim": 0,
                "source": {
                    "id": "402",
                    "title": "The Huffington Post",
                    "uri": "www.huffingtonpost.com"
                },
                "time": "22:59:00",
                "title": "Easy Listener: Barbara Carroll, Jay Leonhart, Barb Jungr, John McDaniel, Gabrielle Stravelli, Michael Kanan, Cheyenne Jackson Make Great Music on New CDs",
                "uri": "554440687",
                "url": "http://www.huffingtonpost.com/david-finkle/easy-listener-barbara-car_b_13255060.html",
                "wgt": 1
            },
            {
                "body": "President Barack Obama focused on healing U.S.-Cuban relations in a statement on the death of longtime Cuban leader Fidel Castro.\n\n\"At this time of Fidel Castro's passing, we extend a hand of friendship to the Cuban people,\" Obama said. \"We know that this moment fills Cubans -- in Cuba and in the ...",
                "date": "2016-11-26",
                "id": "13258570",
                "isDuplicate": false,
                "lang": "eng",
                "sim": 0.615686297416687,
                "source": {
                    "id": "402",
                    "title": "The Huffington Post",
                    "uri": "www.huffingtonpost.com"
                },
                "time": "22:55:00",
                "title": "President Obama Offers Cubans 'Hand Of Friendship' After Fidel Castro's Death",
                "uri": "554320555",
                "url": "http://www.huffingtonpost.com/entry/barack-obama-fidel-castro-death_us_5839a510e4b000af95ee4eb8",
                "wgt": 1
            },
            {
                "body": "The new documentary Uncle Howard is an inspired compilation of recovered footage, interviews, a story of discovery by Aaron Brookner, a filmmaker who followed in his uncle's craft. A passing of a baton, you could say, Uncle Howard reflects Aaron Brookner's determination to ensure his uncle's legacy. ...",
                "date": "2016-11-26",
                "id": "13256855",
                "isDuplicate": false,
                "lang": "eng",
                "sim": 0,
                "source": {
                    "id": "402",
                    "title": "The Huffington Post",
                    "uri": "www.huffingtonpost.com"
                },
                "time": "22:53:00",
                "title": "From Burroughs to Uncle Howard: An Interview with Aaron Brookner",
                "uri": "554440794",
                "url": "http://www.huffingtonpost.com/regina-weinreich/from-burroughs-to-uncle-h_b_13248736.html",
                "wgt": 1
            },
            {
                "body": "If you are new to tapping, it will be beneficial to also watch the first episode in the \"Tap Out Your Fears\" series -- which explains the basics of EFT -- click here.\n\nAs with any of my tapping videos, this is an abbreviated process for releasing uncomfortable feelings and enhancing good ones. Some ...",
                "date": "2016-11-26",
                "id": "13253280",
                "isDuplicate": false,
                "lang": "eng",
                "sim": 0,
                "source": {
                    "id": "402",
                    "title": "The Huffington Post",
                    "uri": "www.huffingtonpost.com"
                },
                "time": "22:46:00",
                "title": "WATCH: Doubting You Deserve Better",
                "uri": "554440900",
                "url": "http://www.huffingtonpost.com/brad-yates/watch-doubting-you-deserv_b_13237404.html",
                "wgt": 1
            },
            {
                "body": "As 2016 nears to a close, Taiwan is looking increasingly likely to become the first Asian country to embrace marriage equality in the new year.\n\nHence, there could be no better time to check out \"Life of Silence,\" a harrowing Taiwanese short film that examines what happens when those with same-sex ...",
                "date": "2016-11-26",
                "id": "13249465",
                "isDuplicate": false,
                "lang": "eng",
                "sim": 0,
                "source": {
                    "id": "402",
                    "title": "The Huffington Post",
                    "uri": "www.huffingtonpost.com"
                },
                "time": "22:39:00",
                "title": "Gay Men Are Caught Between Happiness And Social Norms In This Short Film",
                "uri": "554336118",
                "url": "http://www.huffingtonpost.com/entry/taiwan-life-of-silence_us_5839bc4fe4b09b605600abdc",
                "wgt": 1
            },
            {
                "body": "When two deputies, Damon Byrd and Aaron Etheridge, visited Billy's house to thank him for his kind offer, she said her young son began crying because he \"thought he was in trouble.\"\n\n\"The cops had to calm him down, so did I,\" McCormick said. The deputies told Billy they were \"very proud of him\" and ...",
                "date": "2016-11-26",
                "id": "13247007",
                "isDuplicate": false,
                "lang": "eng",
                "sim": 0,
                "source": {
                    "id": "402",
                    "title": "The Huffington Post",
                    "uri": "www.huffingtonpost.com"
                },
                "time": "22:36:00",
                "title": "Boy Calls 911 To Ask Deputies Over For Family's Thanksgiving Dinner",
                "uri": "554202838",
                "url": "http://www.huffingtonpost.com/entry/911-thanksgiving-police-dinner_us_58394c97e4b000af95ee40ac",
                "wgt": 1
            },
            {
                "body": "Huffman, whose username is u/spez, apologized Thursday in the Donald Trump fan subreddit r/the_donald for editing comments that were critical of him. Huffman said that, in an unspecified number of user comments, he replaced references to \"u/spez\" with the usernames of moderators for ...",
                "date": "2016-11-26",
                "id": "13245855",
                "isDuplicate": false,
                "lang": "eng",
                "sim": 0.6784313917160034,
                "source": {
                    "id": "402",
                    "title": "The Huffington Post",
                    "uri": "www.huffingtonpost.com"
                },
                "time": "22:34:00",
                "title": "Reddit CEO Admits To Editing User Comments That Criticized Him",
                "uri": "554440723",
                "url": "http://www.huffingtonpost.com/entry/reddit-ceo-edits-user-comments_us_5839cf32e4b000af95ee5b68",
                "wgt": 1
            },
            {
                "body": "The \"Conga\" singer wrote a lengthy message in English and Spanish below a photo of what appears to be unidentified Cuban exiles in a makeshift raft. Read her powerful post below:\n\nAlthough the death of a human being is rarely cause for celebration, it is the symbolic death of the destructive ...",
                "date": "2016-11-26",
                "id": "13245753",
                "isDuplicate": false,
                "lang": "eng",
                "sim": 0.8196078538894653,
                "source": {
                    "id": "402",
                    "title": "The Huffington Post",
                    "uri": "www.huffingtonpost.com"
                },
                "time": "22:33:00",
                "title": "Read Gloria Estefan's Powerful Response To Fidel Castro's Death",
                "uri": "554381985",
                "url": "http://www.huffingtonpost.com/entry/read-gloria-estefans-emotional-response-to-fidel-castros-death_us_5839d1dde4b01ba68ac4b0e9",
                "wgt": 1
            },
            {
                "body": "The text -- which could still be read on some sites that published the story off the wire and didn't correct the error -- instructs the story's writer to make changes if former President George H.W. Bush dies:\n\nOne Castro or another has ruled Cuba over a period that spans seven decades and 11 U.S. ...",
                "date": "2016-11-26",
                "id": "13245299",
                "isDuplicate": false,
                "lang": "eng",
                "sim": 0,
                "source": {
                    "id": "402",
                    "title": "The Huffington Post",
                    "uri": "www.huffingtonpost.com"
                },
                "time": "22:33:00",
                "title": "CNN Mistakenly Circulates Prewritten Fidel Castro Text -- Again",
                "uri": "554440721",
                "url": "http://www.huffingtonpost.com/entry/cnn-mistakenly-circulates-pre-written-fidel-castro-text-again_us_5839d5d3e4b01ba68ac4b215",
                "wgt": 1
            },
            {
                "body": "Protesters in Standing Rock are being brutalized, white supremacists are rallying in Washington, D.C., and we're hurtling toward a climate disaster. But don't worry, anti-gay group One Million Moms is tackling the real problems facing our nation. Namely, a jewelry commercial showing a nice lesbian ...",
                "date": "2016-11-26",
                "id": "13245380",
                "isDuplicate": false,
                "lang": "eng",
                "sim": 0.7176470756530762,
                "source": {
                    "id": "402",
                    "title": "The Huffington Post",
                    "uri": "www.huffingtonpost.com"
                },
                "time": "22:32:00",
                "title": "'One Million Moms' Is Going Totally Ballistic Over This New Zales Ad",
                "uri": "554440720",
                "url": "http://www.huffingtonpost.com/entry/one-million-mom-zales-ad-lesbian-couple_us_5839fe77e4b09b605600b77f",
                "wgt": 1
            },
            {
                "body": "The Cuban government confirmed Castro's death at age 90 on Friday evening. Within hours, dozens of Cuban-Americans had filled the streets of South Florida.\n\n\"The tyrant has died!,\" someone can be heard yelling in a Facebook live stream by Miami-based Argentine TV personality Javier Ceriani. ...",
                "date": "2016-11-26",
                "id": "13244743",
                "isDuplicate": false,
                "lang": "eng",
                "sim": 0.4823529422283173,
                "source": {
                    "id": "402",
                    "title": "The Huffington Post",
                    "uri": "www.huffingtonpost.com"
                },
                "time": "22:32:00",
                "title": "Cuban-Americans Celebrate Fidel Castro's Death In Miami's Little Havana",
                "uri": "554320557",
                "url": "http://www.huffingtonpost.com/entry/cuban-americans-celebrate-fidel-castro-death-in-miamis-little-havana_us_58399241e4b09b6056009fc2",
                "wgt": 1
            },
            {
                "body": "There's a moment in the opening chapter of \"Gilmore Girls: A Year in the Life,\" after the first \"la las\" and Gwyneth Paltrow dig, when the long-awaited Netflix revival finally takes a second to breathe. Fueled by a late-night batch of coffee, Lorelai (Lauren Graham) and Rory (Alexis Bledel) convene ...",
                "date": "2016-11-26",
                "id": "13236147",
                "isDuplicate": false,
                "lang": "eng",
                "sim": 0,
                "source": {
                    "id": "402",
                    "title": "The Huffington Post",
                    "uri": "www.huffingtonpost.com"
                },
                "time": "22:03:00",
                "title": "The 'Gilmore Girls' Revival Is Best When It Talks About Grief",
                "uri": "554417365",
                "url": "http://www.huffingtonpost.com/entry/gilmore-girls-revival_us_58386a2ae4b01ba68ac47937",
                "wgt": 1
            },
            {
                "body": "Former Cuban president Fidel Castro, who died Friday night at the age of 90, reflected on his life and legacy months before his death.\n\nJust ahead of his last birthday in August, the controversial leader spoke of how he saw his impact on the country he ruled for nearly half a century. \"Soon I'll be ...",
                "date": "2016-11-26",
                "id": "13235607",
                "isDuplicate": false,
                "lang": "eng",
                "sim": 0,
                "source": {
                    "id": "402",
                    "title": "The Huffington Post",
                    "uri": "www.huffingtonpost.com"
                },
                "time": "21:54:00",
                "title": "Explore Fidel Castro's Controversial Life In Photos",
                "uri": "554414805",
                "url": "http://www.huffingtonpost.com/entry/fidel-castro-life-in-photos_us_5839a286e4b000af95ee4e34",
                "wgt": 1
            },
            {
                "body": "President Barack Obama spent five years resisting pressure for direct military intervention. But he appointed war supporters John Kerry, Samantha Power, Susan Rice, and Hillary Clinton to manage his foreign policy. Kerry acknowledged to a group of Syrian refugees in Beirut that he and other ...",
                "date": "2016-11-26",
                "id": "13232059",
                "isDuplicate": false,
                "lang": "eng",
                "sim": 0,
                "source": {
                    "id": "402",
                    "title": "The Huffington Post",
                    "uri": "www.huffingtonpost.com"
                },
                "time": "21:14:00",
                "title": "Donald Trump Should Announce U.S. will Stay Out of Syria",
                "uri": "554403672",
                "url": "http://www.huffingtonpost.com/doug-bandow/donald-trump-should-annou_b_13253840.html",
                "wgt": 1
            },
            {
                "body": "Four people, including a 8-week-old girl, have been found shot to death in an Alaska hotel room in what authorities are investigating as a murder-suicide, police said.\n\nFairbanks police were called to a Hampton Inn on Friday afternoon and found a man sitting in a second-floor hallway, crying, police ...",
                "date": "2016-11-26",
                "id": "13253510",
                "isDuplicate": true,
                "lang": "eng",
                "sim": 0,
                "source": {
                    "id": "402",
                    "title": "The Huffington Post",
                    "uri": "www.huffingtonpost.com"
                },
                "time": "21:12:00",
                "title": "Murder-Suicide Suspected After 3 Adults, 1 Baby Found Shot Dead In Alaska Hotel",
                "uri": "554459597",
                "url": "http://www.huffingtonpost.com/entry/alaska-hotel-murder_us_5839f884e4b09b605600b6a1",
                "wgt": 1
            },
            {
                "body": "Rebecca Mead devoted a section of a beautiful long article about Middlemarch in The New Yorker to investigating the provenance of this quote and came up empty. I sent the link and a mild protest at their complicity to the \"librarians\" at Goodreads who never bothered to reply. I assume they're happy ...",
                "date": "2016-11-26",
                "id": "13229250",
                "isDuplicate": false,
                "lang": "eng",
                "sim": 0,
                "source": {
                    "id": "402",
                    "title": "The Huffington Post",
                    "uri": "www.huffingtonpost.com"
                },
                "time": "20:41:00",
                "title": "Famous Things Four Famous Authors Never Said",
                "uri": "554397965",
                "url": "http://www.huffingtonpost.com/lev-raphael/famous-things-four-famous_b_13252402.html",
                "wgt": 1
            },
            {
                "body": "\"Thanksgiving was founded on a massacre and yet we're here with cops and snipers.\"\n\nFor many Americans, Thanksgiving is a time to break bread with family and loved ones, but for native people the holiday is forever associated with the legacy of violence wrought on indigenous communities since our ...",
                "date": "2016-11-26",
                "id": "13227618",
                "isDuplicate": false,
                "lang": "eng",
                "sim": 0.7686274647712708,
                "source": {
                    "id": "402",
                    "title": "The Huffington Post",
                    "uri": "www.huffingtonpost.com"
                },
                "time": "20:22:00",
                "title": "Shailene Woodley Tells The True Story Of Thanksgiving From Standing Rock",
                "uri": "554392882",
                "url": "http://www.huffingtonpost.com/entry/shailene-woodley-thanksgiving-standing-rock_us_5839bdfae4b01ba68ac4ac0e",
                "wgt": 1
            },
            {
                "body": "I am sure that many people will start to write and post all kinds of things about Fidel Castro now that he is gone. Some may have romantic fantasies about who they thought he might have been, but have no clue what it is to have lived under his regime. I have never lived in Cuba...but my mom did. My ...",
                "date": "2016-11-26",
                "id": "13221122",
                "isDuplicate": false,
                "lang": "eng",
                "sim": 0,
                "source": {
                    "id": "402",
                    "title": "The Huffington Post",
                    "uri": "www.huffingtonpost.com"
                },
                "time": "19:17:00",
                "title": "Castro, My Family And The Lie About Romantic Revolutions",
                "uri": "554375039",
                "url": "http://www.huffingtonpost.com/michelle-manning-barish/castro-my-family-and-the-_b_13251088.html",
                "wgt": 1
            },
            {
                "body": "Aside from these, FTAs have been signed between Mediterranean countries to further develop relations among the countries in the region. Israel and Jordan have signed a FTA, and Turkey has signed bilateral agreements with Egypt, Israel, Jordan, Lebanon, Morocco, the Palestinian Territories, Syria and ...",
                "date": "2016-11-26",
                "id": "13220725",
                "isDuplicate": false,
                "lang": "eng",
                "sim": 0,
                "source": {
                    "id": "402",
                    "title": "The Huffington Post",
                    "uri": "www.huffingtonpost.com"
                },
                "time": "19:12:00",
                "title": "Mediterranean Basin: An Assessment of Economic Cooperation",
                "uri": "554373541",
                "url": "http://www.huffingtonpost.com/aylin-unver-noi/mediterranean-basin-an-as_b_13251522.html",
                "wgt": 1
            },
            {
                "body": "After collecting the items I never knew I needed but now I can't live without, I glance longingly at the wide aisle in front of me. The aisle that leads to boots and jeans and fake leather jackets and lots of awesome things that I'll never wear. But I only came here for one thing, and so, I must ...",
                "date": "2016-11-26",
                "id": "13218647",
                "isDuplicate": false,
                "lang": "eng",
                "sim": 0,
                "source": {
                    "id": "402",
                    "title": "The Huffington Post",
                    "uri": "www.huffingtonpost.com"
                },
                "time": "18:53:00",
                "title": "Dear Target, You Complete Me",
                "uri": "554367631",
                "url": "http://www.huffingtonpost.com/janie-porter/dear-target-you-complete-me_b_12634272.html",
                "wgt": 1
            },
            {
                "body": "The world over, education systems are failing to give children from poor communities the education they need to succeed in life. This is an injustice that needs to be addressed, with the future of children, communities and entire nations at stake. But in too many places, including South Africa, the ...",
                "date": "2016-11-26",
                "id": "13215335",
                "isDuplicate": false,
                "lang": "eng",
                "sim": 0,
                "source": {
                    "id": "402",
                    "title": "The Huffington Post",
                    "uri": "www.huffingtonpost.com"
                },
                "time": "18:23:00",
                "title": "When Schools Fail: Taking Radical Steps To Improve Education",
                "uri": "554357912",
                "url": "http://www.huffingtonpost.com/susannah-hares/when-schools-fail-taking-_b_13228914.html",
                "wgt": 1
            },
            {
                "body": "Cuban-American journalists with intimate knowledge of Fidel Castro's cruelty encouraged Americans on Saturday not to whitewash the legacy of the deceased Cuban strongman.\n\nOn ABC's \"Good Morning America\" Saturday, Tom Llamas, whose parents fled Cuba as political exiles, urged those following the ...",
                "date": "2016-11-26",
                "id": "13214547",
                "isDuplicate": false,
                "lang": "eng",
                "sim": 0,
                "source": {
                    "id": "402",
                    "title": "The Huffington Post",
                    "uri": "www.huffingtonpost.com"
                },
                "time": "18:16:00",
                "title": "Cuban-American Journalists Warn Against Romanticizing Fidel Castro",
                "uri": "554354830",
                "url": "http://www.huffingtonpost.com/entry/cuban-american-journalists-warn-against-romanticizing-fidel-castro_us_5839b38fe4b000af95ee51ab",
                "wgt": 1
            },
            {
                "body": "I don't think I realized how little I knew about how politics worked, until I decided to do more than just write about social justice issues. Then again, with recent political events, a lot of us are looking for ways to get involved; we just don't know what to do. The important thing to know is that ...",
                "date": "2016-11-26",
                "id": "13214543",
                "isDuplicate": false,
                "lang": "eng",
                "sim": 0,
                "source": {
                    "id": "402",
                    "title": "The Huffington Post",
                    "uri": "www.huffingtonpost.com"
                },
                "time": "18:16:00",
                "title": "Disturbed By Current Politics? Here's How To Get Involved",
                "uri": "554355959",
                "url": "http://www.huffingtonpost.com/tim-rymel/disturbed-by-current-poli_b_13209790.html",
                "wgt": 1
            },
            {
                "body": "\"When it happens with someone you love, it's not straightforward.\"\n\nAmber Heard is raising awareness of domestic violence with a new PSA released months after settling her divorce with Johnny Depp, whom she previously accused of abusing her throughout their short marriage.\n\nHeard speaks about what ...",
                "date": "2016-11-26",
                "id": "13214529",
                "isDuplicate": false,
                "lang": "eng",
                "sim": 0.6980392336845398,
                "source": {
                    "id": "402",
                    "title": "The Huffington Post",
                    "uri": "www.huffingtonpost.com"
                },
                "time": "18:16:00",
                "title": "Amber Heard Won't Be Shamed Any Longer In Powerful Domestic Abuse PSA",
                "uri": "554355957",
                "url": "http://www.huffingtonpost.com/entry/amber-heard-domestic-violence-psa-video_us_5839accae4b000af95ee5055",
                "wgt": 1
            },
            {
                "body": "Here are some questions for parents to ask themselves at the start:\n\n1. Is there a lot of adult screaming in the house?\n\n2. Are routines and daily caretakers inconsistent so the child feels scattered and unsure about who is taking care of them, when, and for how long?\n\n3. Is there little or no ...",
                "date": "2016-11-26",
                "id": "13214509",
                "isDuplicate": false,
                "lang": "eng",
                "sim": 0,
                "source": {
                    "id": "402",
                    "title": "The Huffington Post",
                    "uri": "www.huffingtonpost.com"
                },
                "time": "18:16:00",
                "title": "The Screaming Child",
                "uri": "554355960",
                "url": "http://www.huffingtonpost.com/laurie-hollman-phd/the-screaming-child_b_13250412.html",
                "wgt": 1
            },
            {
                "body": "Had so much fun sharing Thanksgiving at the Ali Forney Center in Brooklyn! This center protects LGBT Youth from the harms of homelessness and empowers them to reclaim their lives. Each year the Ali Forney Center provides care for over 1,200 youth who are rejected by their family due to their LGBT ...",
                "date": "2016-11-26",
                "id": "13214521",
                "isDuplicate": false,
                "lang": "eng",
                "sim": 0.8823529481887817,
                "source": {
                    "id": "402",
                    "title": "The Huffington Post",
                    "uri": "www.huffingtonpost.com"
                },
                "time": "18:16:00",
                "title": "Madonna Celebrates Thanksgiving With Homeless LGBTQ Youth",
                "uri": "554355961",
                "url": "http://www.huffingtonpost.com/entry/madonna-ali-forney-center_us_5839b106e4b01ba68ac4a65d",
                "wgt": 1
            },
            {
                "body": "Miles Teller takes on his first official adult role as real-life boxer Vinnie Pazienza in the feature film Bleed for This. It marks a big step for the 29-year-old actor, who is best known for playing students and youths in films like Whiplash and The Spectacular Now.\n\nBleed follows Vinnie, a world ...",
                "date": "2016-11-26",
                "id": "13211733",
                "isDuplicate": false,
                "lang": "eng",
                "sim": 0,
                "source": {
                    "id": "402",
                    "title": "The Huffington Post",
                    "uri": "www.huffingtonpost.com"
                },
                "time": "17:51:00",
                "title": "Watch: Interview with Miles Teller and Aaron Eckhart in \"Bleed For This\"",
                "uri": "554348471",
                "url": "http://www.huffingtonpost.com/zorianna-kit/watch-interview-with-mile_b_13250260.html",
                "wgt": 1
            },
            {
                "body": "20th-century political icons don't get much bigger than Fidel Castro. His death will reignite many important and still-unresolved debates about his particular place in history, and about the revolutionary ideas he seemed to epitomise.\n\nFor many of my generation, he retained a special place in our ...",
                "date": "2016-11-26",
                "id": "13211544",
                "isDuplicate": false,
                "lang": "eng",
                "sim": 0,
                "source": {
                    "id": "402",
                    "title": "The Huffington Post",
                    "uri": "www.huffingtonpost.com"
                },
                "time": "17:48:00",
                "title": "Farewell Fidel: Castro dies aged 90",
                "uri": "554347094",
                "url": "http://www.huffingtonpost.com/the-conversation-global/farewell-fidel-castro-die_b_13250332.html",
                "wgt": 1
            },
            {
                "body": "The campaign also said it would participate in recounts in Pennsylvania and Michigan if they went forward.\n\nHillary Clinton's campaign on Saturday said that it would participate in a recount initiated by Green Party nominee Jill Stein in Wisconsin and said it would take similar action if a recount ...",
                "date": "2016-11-26",
                "id": "13209339",
                "isDuplicate": false,
                "lang": "eng",
                "sim": 0.6980392336845398,
                "source": {
                    "id": "402",
                    "title": "The Huffington Post",
                    "uri": "www.huffingtonpost.com"
                },
                "time": "17:29:00",
                "title": "Clinton's Campaign Says It Will Participate In Wisconsin Vote Recount",
                "uri": "554340100",
                "url": "http://www.huffingtonpost.com/entry/hillary-clinton-recount_us_5839ad95e4b09b605600a69b",
                "wgt": 1
            },
            {
                "body": "WEST PALM BEACH, Fla. (Reuters) - U.S. President-elect Donald Trump said on Saturday that his administration would \"do all it can\" once it takes office on Jan. 20 to help boost freedom and prosperity for Cuban people after the death of Fidel Castro.\n\nTrump had threatened late in his upstart campaign ...",
                "date": "2016-11-26",
                "id": "13207708",
                "isDuplicate": false,
                "lang": "eng",
                "sim": 0.5098039507865906,
                "source": {
                    "id": "402",
                    "title": "The Huffington Post",
                    "uri": "www.huffingtonpost.com"
                },
                "time": "17:15:00",
                "title": "Donald Trump Says He Will Do All He Can To Help Cuban People",
                "uri": "554311577",
                "url": "http://www.huffingtonpost.com/entry/fidel-castro-death-trump-cuba-policy_us_5839aafce4b01ba68ac4a478",
                "wgt": 1
            },
            {
                "body": "Thereby hangs another tale of the United States foreign policy of ignorant arrogance in nation-building.\n\nIt is a task for political geniuses, who can be counted on one hand with fingers left over. Republics cannot be summoned into being with copies of the United States Declaration of Independence ...",
                "date": "2016-11-26",
                "id": "13203796",
                "isDuplicate": false,
                "lang": "eng",
                "sim": 0,
                "source": {
                    "id": "402",
                    "title": "The Huffington Post",
                    "uri": "www.huffingtonpost.com"
                },
                "time": "16:42:00",
                "title": "United States Nation-Building in South Sudan: A Foreign Policy of Ignorant Arrogance",
                "uri": "554325273",
                "url": "http://www.huffingtonpost.com/bruce-fein/united-states-nation-buil_b_13249254.html",
                "wgt": 1
            },
            {
                "body": "The Obama administration--under three successive \"Special Envoys for Sudan(s)\"--has proved almost inconceivably misguided and destructive in addressing the many problems of Sudan, and not only genocide in Darfur (Obama himself used the word \"genocide\" repeatedly both as a senator, a presidential ...",
                "date": "2016-11-26",
                "id": "13203805",
                "isDuplicate": false,
                "lang": "eng",
                "sim": 0,
                "source": {
                    "id": "402",
                    "title": "The Huffington Post",
                    "uri": "www.huffingtonpost.com"
                },
                "time": "16:42:00",
                "title": "Obama Administration Special Envoys for Sudan: A Succession of Failure, Duplicity, and Cynicism",
                "uri": "554319489",
                "url": "http://www.huffingtonpost.com/eric-reeves/obama-administration-spec_b_13249262.html",
                "wgt": 1
            },
            {
                "body": "\"Doctors and the rescue workers in Aleppo are just using what's left of the equipment after bombardments to do whatever they can do,\" Saleh said.\n\nRebels in the eastern part of Aleppo city have agreed to a U.N. plan for aid delivery and medical evacuations, but the United Nations is awaiting a green ...",
                "date": "2016-11-26",
                "id": "13202099",
                "isDuplicate": false,
                "lang": "eng",
                "sim": 0,
                "source": {
                    "id": "402",
                    "title": "The Huffington Post",
                    "uri": "www.huffingtonpost.com"
                },
                "time": "16:27:00",
                "title": "East Aleppo Residents Are Days Away From Starvation, White Helmets Say",
                "uri": "554318185",
                "url": "http://www.huffingtonpost.com/entry/aleppo-starvation-syria_us_5839a754e4b09b605600a4da",
                "wgt": 1
            },
            {
                "body": "I began writing this with my own personal reasons as my muse, but as I reflected on the deeper meaning, I realized that this is happening every day, on a global level.\n\nSeveral months ago, there was a story in the local and regional media that covered the tragic loss of a toddler who passed away ...",
                "date": "2016-11-26",
                "id": "13201611",
                "isDuplicate": false,
                "lang": "eng",
                "sim": 0,
                "source": {
                    "id": "402",
                    "title": "The Huffington Post",
                    "uri": "www.huffingtonpost.com"
                },
                "time": "16:24:00",
                "title": "The Power of your words",
                "uri": "554319339",
                "url": "http://www.huffingtonpost.com/jasmine-cardinal/the-power-of-your-words_2_b_12614024.html",
                "wgt": 1
            },
            {
                "body": "Thanks to his boy-next-door charm and a slew of catchy pop tunes, Joe Jonas has garnered a substantial gay fanbase. If Jonas opted to follow in the footsteps of his younger brother, Nick, and play a gay role on television or in a movie, he has some definite ideas on who his romantic interests could ...",
                "date": "2016-11-26",
                "id": "13199758",
                "isDuplicate": false,
                "lang": "eng",
                "sim": 0.5764706134796143,
                "source": {
                    "id": "402",
                    "title": "The Huffington Post",
                    "uri": "www.huffingtonpost.com"
                },
                "time": "16:08:00",
                "title": "If Joe Jonas Played Gay, Here's Who His Dream Co-Star Would Be",
                "uri": "554313856",
                "url": "http://www.huffingtonpost.com/entry/joe-jonas-gay-fans_us_5835bcb3e4b09b6055ffc123",
                "wgt": 1
            },
            {
                "body": "1. Perfection equals success. Human beings, by our very nature, are fallible. When perfection is your goal, you're always left with a nagging sense of failure, and end up spending your time lamenting what you failed to accomplish, instead of enjoying what you were able to achieve.\n\n2. My destiny is ...",
                "date": "2016-11-26",
                "id": "13195198",
                "isDuplicate": false,
                "lang": "eng",
                "sim": 0,
                "source": {
                    "id": "402",
                    "title": "The Huffington Post",
                    "uri": "www.huffingtonpost.com"
                },
                "time": "15:28:00",
                "title": "6 Toxic Thoughts Smart People Quarantine",
                "uri": "554301840",
                "url": "http://www.huffingtonpost.com/dr-travis-bradberry/6-toxic-thoughts-smart-pe_b_13232276.html",
                "wgt": 1
            },
            {
                "body": "LONDON (Reuters) - A serial killer described by a detective as one of the most dangerous individuals he had ever met, was jailed for life on Friday for the murder of four gay men he met on dating websites.\n\nStephen Port, 41, a chef, was found guilty earlier this week of 22 offenses in Barking, east ...",
                "date": "2016-11-26",
                "id": "13217334",
                "isDuplicate": false,
                "lang": "eng",
                "sim": 0,
                "source": {
                    "id": "402",
                    "title": "The Huffington Post",
                    "uri": "www.huffingtonpost.com"
                },
                "time": "15:13:00",
                "title": "Serial Killer Jailed For Murdering 4 Gay Men He Met Online",
                "uri": "554300645",
                "url": "http://www.huffingtonpost.com/entry/serial-killer-dating-websites-stephen-port_us_58399f94e4b000af95ee4cf0",
                "wgt": 1
            },
            {
                "body": "This is where things get ugly. Two of Trump's three White House appointments so far, for positions at the center of decision-making for our country in a Trump administration, are associated with angry expressions of racial and religious bigotry.\n\nTrump has named his campaign CEO Stephen Bannon to be ...",
                "date": "2016-11-26",
                "id": "13193431",
                "isDuplicate": false,
                "lang": "eng",
                "sim": 0,
                "source": {
                    "id": "402",
                    "title": "The Huffington Post",
                    "uri": "www.huffingtonpost.com"
                },
                "time": "15:12:00",
                "title": "8 New Reasons The Electoral College Shouldn't Vote For Trump",
                "uri": "554296811",
                "url": "http://www.huffingtonpost.com/davidhalperin/8-new-reasons-the-elector_b_13248386.html",
                "wgt": 1
            },
            {
                "body": "\"...watching our three children...\"\n\n\"...just an everyday family...\"\n\nThere was a point, not long ago, when my husband and I didn't know if we'd ever use those words to describe a moment like this.\n\nHad you peered into that same window one year ago today, you'd have witnessed a very different scene ...",
                "date": "2016-11-26",
                "id": "13193442",
                "isDuplicate": false,
                "lang": "eng",
                "sim": 0,
                "source": {
                    "id": "402",
                    "title": "The Huffington Post",
                    "uri": "www.huffingtonpost.com"
                },
                "time": "15:12:00",
                "title": "Thank You For My Christmas Miracle",
                "uri": "554296812",
                "url": "http://www.huffingtonpost.com/angela-ashton-smith/thank-you-for-my-christma_b_13244072.html",
                "wgt": 1
            },
            {
                "body": "With the death of Fidel Castro, we will be flooded with reflections on his long reign, including a good deal on Cuban Missile Crisis, when a nuclear war nearly broke out. My new book The Tunnels has a surprising, revealing and up-close view of the crisis, based on JFK's secret White House tapes and ...",
                "date": "2016-11-26",
                "id": "13192518",
                "isDuplicate": false,
                "lang": "eng",
                "sim": 0,
                "source": {
                    "id": "402",
                    "title": "The Huffington Post",
                    "uri": "www.huffingtonpost.com"
                },
                "time": "15:04:00",
                "title": "How Castro Drove JFK's Anti-Media Bias and Press Censorship",
                "uri": "554294431",
                "url": "http://www.huffingtonpost.com/greg-mitchell/how-castro-drove-jfks-ant_b_13248136.html",
                "wgt": 1
            },
            {
                "body": "We last spoke on the phone in August. Fidel Castro had a keen interest in the events in the world and in Russia https://t.co/8mmhGaYfSG pic.twitter.com/Yz1Ub2Mkoe -- Dmitry Medvedev (@MedvedevRussiaE)\n\nIn a statement, China's President Xi Jinping praised Castro's contribution to developing communism ...",
                "date": "2016-11-26",
                "id": "13191535",
                "isDuplicate": false,
                "lang": "eng",
                "sim": 0.4470588266849518,
                "source": {
                    "id": "402",
                    "title": "The Huffington Post",
                    "uri": "www.huffingtonpost.com"
                },
                "time": "14:56:00",
                "title": "World Leaders React To Fidel Castro's Death",
                "uri": "554292009",
                "url": "http://www.huffingtonpost.com/entry/fidel-castro-dead-leaders-react_us_58396143e4b09b6056009a77",
                "wgt": 1
            },
            {
                "body": "Back in the early 90's, while some of us were thrilled to meet Bill's bride and find her to be a compassionate but savvy professional woman, another part of the country loathed her for no other reason than that she didn't match their sexist image of the demure woman who exists only to prop up her ...",
                "date": "2016-11-26",
                "id": "13187387",
                "isDuplicate": false,
                "lang": "eng",
                "sim": 0,
                "source": {
                    "id": "402",
                    "title": "The Huffington Post",
                    "uri": "www.huffingtonpost.com"
                },
                "time": "14:22:00",
                "title": "Why You Cannot Wash Your Hands Of The Sexism",
                "uri": "554281187",
                "url": "http://www.huffingtonpost.com/laura-j-akers/why-you-cannot-wash-your-_b_12808076.html",
                "wgt": 1
            },
            {
                "body": "It might feel like we are stuck. It may feel like we're slipping deeper into a quicksand of loneliness and no one is there to offer a hand. Maybe we feel helpless. Maybe we feel like we're out of options. Maybe we've given up. And maybe that way of thinking is exactly why we are alone.\n\nWe are full ...",
                "date": "2016-11-26",
                "id": "13187373",
                "isDuplicate": false,
                "lang": "eng",
                "sim": 0,
                "source": {
                    "id": "402",
                    "title": "The Huffington Post",
                    "uri": "www.huffingtonpost.com"
                },
                "time": "14:22:00",
                "title": "The Magic Of Being Alone And Why It Doesn't Have To Be Lonely",
                "uri": "554281186",
                "url": "http://www.huffingtonpost.com/sonya-matejko/the-magic-of-being-alone-_b_12813650.html",
                "wgt": 1
            },
            {
                "body": "The big feast is behind us, but there are still hungry houseguests to feed. Treat your company to a homemade brunch, from an elegant spinach and cheese strata to muffins bursting with fresh blueberries.\n\nThis elegant brunch strata -- really a savory bread pudding with spinach, cheese and cubes of ...",
                "date": "2016-11-26",
                "id": "13187371",
                "isDuplicate": false,
                "lang": "eng",
                "sim": 0,
                "source": {
                    "id": "402",
                    "title": "The Huffington Post",
                    "uri": "www.huffingtonpost.com"
                },
                "time": "14:22:00",
                "title": "10 Best Brunch Recipes For Holiday Houseguests",
                "uri": "554281185",
                "url": "http://www.huffingtonpost.com/jennifer-segal/10-best-brunch-recipes-fo_b_13247628.html",
                "wgt": 1
            },
            {
                "body": "As American adults hold onto their real teeth for longer and longer, more problems are likely to arise.\n\nSmile! There's good news from the world of dentistry: Older American are keeping their teeth longer than ever before and the average number of teeth people retain into old age is increasing, says ...",
                "date": "2016-11-26",
                "id": "13186914",
                "isDuplicate": false,
                "lang": "eng",
                "sim": 0,
                "source": {
                    "id": "402",
                    "title": "The Huffington Post",
                    "uri": "www.huffingtonpost.com"
                },
                "time": "14:18:00",
                "title": "6 Of The Most Common Dental Problems, Fixed!",
                "uri": "554280118",
                "url": "http://www.huffingtonpost.com/entry/6-of-the-most-common-dental-problems-fixed_us_58346501e4b099512f84b510",
                "wgt": 1
            },
            {
                "body": "Pakistan has a long history of hounding the dissenters. The country's military establishment -and occasionally the civilian one too- has stigmatized, ostracized and persecuted those who differed with whatever was considered the state-sponsored gospel truth at the time. Pashtun and Baloch nationalist ...",
                "date": "2016-11-26",
                "id": "13186377",
                "isDuplicate": false,
                "lang": "eng",
                "sim": 0,
                "source": {
                    "id": "402",
                    "title": "The Huffington Post",
                    "uri": "www.huffingtonpost.com"
                },
                "time": "14:13:00",
                "title": "Future of Pakistan Depends on How it Deals With Identity, Image and Dissent",
                "uri": "554272090",
                "url": "http://www.huffingtonpost.com/mohammad-taqi/future-of-pakistan-depend_b_12818102.html",
                "wgt": 1
            },
            {
                "body": "Fox News pundits have had a lot to say about protests in the wake of Donald Trump's Electoral College win. As demonstrators voiced their opposition to the president-elect and his proposed policies, the network's hosts have said it's \"disgraceful\" that those individuals want to \"delegitimize\" the ...",
                "date": "2016-11-26",
                "id": "13184209",
                "isDuplicate": false,
                "lang": "eng",
                "sim": 0,
                "source": {
                    "id": "402",
                    "title": "The Huffington Post",
                    "uri": "www.huffingtonpost.com"
                },
                "time": "13:56:00",
                "title": "Fox News Should Know This Isn't The First Time Someone Questioned A President's Legitimacy",
                "uri": "554273329",
                "url": "http://www.huffingtonpost.com/entry/fox-news-donald-trump-barack-obama-legitimacy_us_5835b9f0e4b01ba68ac3bdbc",
                "wgt": 1
            },
            {
                "body": "An estimated 58% of white voters in the 2016 election cast a ballot for Donald Trump. And since the stunning election results of November 8, there's been a growing narrative that seeks to explain why they flocked to him in droves. It goes like this: Most who voted Trump did so not because of his ...",
                "date": "2016-11-26",
                "id": "13184187",
                "isDuplicate": false,
                "lang": "eng",
                "sim": 0,
                "source": {
                    "id": "402",
                    "title": "The Huffington Post",
                    "uri": "www.huffingtonpost.com"
                },
                "time": "13:56:00",
                "title": "The Full Metal Hypocrisy Of America's White Voting Bloc",
                "uri": "554273288",
                "url": "http://www.huffingtonpost.com/steven-shehori/the-full-metal-hypocrisy-_b_13128496.html",
                "wgt": 1
            },
            {
                "body": "McGahn, a partner at Jones Day, one of the world's largest law firms, served as counsel to Trump during his presidential campaign.\n\nA former chairman of the Federal Election Commission and considered a top elections lawyer, McGahn may be charged with untangling the thicket of potential conflicts of ...",
                "date": "2016-11-26",
                "id": "13183841",
                "isDuplicate": true,
                "lang": "eng",
                "sim": 0,
                "source": {
                    "id": "402",
                    "title": "The Huffington Post",
                    "uri": "www.huffingtonpost.com"
                },
                "time": "13:53:00",
                "title": "Donald Trump Adds To His White House, National Security Teams",
                "uri": "554272120",
                "url": "http://www.huffingtonpost.com/entry/donald-trump-white-house_us_58389a2fe4b09b60560085c8",
                "wgt": 1
            },
            {
                "body": "News of the death of Cuba's revolutionary leader at the age of 90 has triggered celebrations on the streets of Miami where many Cuban exiles have made their home.\n\nLarge crowds gathered waving Cuban flags, cheering, dancing and banging on pots and pans late Friday. Castro's government improved the ...",
                "date": "2016-11-26",
                "id": "13179273",
                "isDuplicate": false,
                "lang": "eng",
                "sim": 0.2431372553110123,
                "source": {
                    "id": "402",
                    "title": "The Huffington Post",
                    "uri": "www.huffingtonpost.com"
                },
                "time": "13:17:00",
                "title": "Fidel Castro's Death Sparks Celebrations On Miami's Streets",
                "uri": "554259457",
                "url": "http://www.huffingtonpost.com/entry/fidel-castro-dead-miami-celebrates_us_58396dbee4b000af95ee489d",
                "wgt": 1
            },
            {
                "body": "#BREAKING Putin praises Castro as 'symbol of an era': Kremlin -- AFP news agency (@AFP)\n\nNovember 26, 2016\n\nEcuadorean President Rafael Correa remarked how \"a great has left us,\" while Venezuela's President Nicolas Maduro called Castro \"an example of the fight for all the people in the world.\"\n\nSe ...",
                "date": "2016-11-26",
                "id": "13168426",
                "isDuplicate": false,
                "lang": "eng",
                "sim": 0.7372549176216125,
                "source": {
                    "id": "402",
                    "title": "The Huffington Post",
                    "uri": "www.huffingtonpost.com"
                },
                "time": "11:45:00",
                "title": "World Leaders React To Fidel Castro's Death",
                "uri": "554229179",
                "url": "http://www.huffingtonpost.com/entry/fidel-castro-dead-leaders-react_us_58396143e4b09b6056009a77",
                "wgt": 1
            },
            {
                "body": "Mamer was born in southern Sudan but, due to conflict, was forced to walk hundreds of miles to Ethiopia and then back through southern Sudan to Kenya, where he lived as a refugee until he came to the United States. I met Mamer in 2003 at a church conference and when my pastor invited Mamer to spend ...",
                "date": "2016-11-26",
                "id": "13162412",
                "isDuplicate": false,
                "lang": "eng",
                "sim": 0,
                "source": {
                    "id": "402",
                    "title": "The Huffington Post",
                    "uri": "www.huffingtonpost.com"
                },
                "time": "10:53:00",
                "title": "What vision will guide this important chapter in South Sudan's history? - Huffington Post",
                "uri": "554072198",
                "url": "http://www.huffingtonpost.com/esther-sprague/what-vision-will-guide-th_b_13239714.html",
                "wgt": 1
            },
            {
                "body": "Napa Valley is known the world over for being not just one of the greatest producers of wine on the planet, but also as one of the most upscale, fanciest, most expensive places one can travel when looking for alcohol-focused vacations. That's all well and good, but for those not interested in such a ...",
                "date": "2016-11-26",
                "id": "13145075",
                "isDuplicate": false,
                "lang": "eng",
                "sim": 0,
                "source": {
                    "id": "402",
                    "title": "The Huffington Post",
                    "uri": "www.huffingtonpost.com"
                },
                "time": "08:16:00",
                "title": "Tequila Is The New Napa Valley, Or At Least It's On Its Way There",
                "uri": "554166965",
                "url": "http://www.huffingtonpost.com/hugh-mcintyre/tequila-is-the-new-napa-v_b_13244502.html",
                "wgt": 1
            },
            {
                "body": "Jos\u00e9 Orlando Padr\u00f3n, the Cuban \u00e9migr\u00e9 who founded Padr\u00f3n Cigars, put it another way, saying in the 2012 documentary \"Cubamerican,\" \"We followed him, and we were all fooled.\"\n\nIn the decades that followed, Castro would rule Cuba with an iron fist, becoming a force to be reckoned with on the ...",
                "date": "2016-11-26",
                "id": "13133759",
                "isDuplicate": false,
                "lang": "eng",
                "sim": 0.4235294163227081,
                "source": {
                    "id": "402",
                    "title": "The Huffington Post",
                    "uri": "www.huffingtonpost.com"
                },
                "time": "06:21:00",
                "title": "Fidel Castro Dead: Cuban Revolutionary Leader Dies At 90",
                "uri": "554131185",
                "url": "http://www.huffingtonpost.com/entry/fidel-castro-dead-cuba_us_55e89377e4b0aec9f356957c",
                "wgt": 1
            },
            {
                "body": "I had this realization a few days back while reading how Donald Trump gathered a group of television anchors and executives to tell them that they are \"liars\" for not reporting the \"truth.\" The truth as he sees it, of course.\n\nGaslighting is the term that comes to mind here. Popularized by the film ...",
                "date": "2016-11-26",
                "id": "13120379",
                "isDuplicate": false,
                "lang": "eng",
                "sim": 0,
                "source": {
                    "id": "402",
                    "title": "The Huffington Post",
                    "uri": "www.huffingtonpost.com"
                },
                "time": "03:38:00",
                "title": "Trump: America's New Bad Boyfriend",
                "uri": "554090411",
                "url": "http://www.huffingtonpost.com/michael-radkowsky/trump-americas-new-bad-bo_b_13228800.html",
                "wgt": 1
            },
            {
                "body": "Hundreds of protesters have until Dec. 5 to get out or face prosecution.\n\nThe federal government on Friday revealed plans to shut the largest camp in North Dakota where protesters have gathered for months in opposition to the Dakota Access Pipeline.\n\nThe U.S. Army Corps of Engineers said in a letter ...",
                "date": "2016-11-26",
                "id": "13116761",
                "isDuplicate": false,
                "lang": "eng",
                "sim": 0.6352941393852234,
                "source": {
                    "id": "402",
                    "title": "The Huffington Post",
                    "uri": "www.huffingtonpost.com"
                },
                "time": "02:41:00",
                "title": "Feds Plan To Shut Down Dakota Access Pipeline Protest Camp",
                "uri": "554079778",
                "url": "http://www.huffingtonpost.com/entry/dakota-access-pipeline-protest-camp_us_5838d7a0e4b09b605600891b",
                "wgt": 1
            },
            {
                "body": "In a shocking but not entirely surprising move, given increasingly violent confrontations near the Oceti Sakowin Camp, The United States Army Corps of Engineers (USACE) has issued what amounts to an eviction notice to Tribal Chairman Dave Archambault. In an email dated November 25, District ...",
                "date": "2016-11-26",
                "id": "13114379",
                "isDuplicate": false,
                "lang": "eng",
                "sim": 0.3607843220233917,
                "source": {
                    "id": "402",
                    "title": "The Huffington Post",
                    "uri": "www.huffingtonpost.com"
                },
                "time": "02:02:00",
                "title": "Army Corps Issues Eviction Notice to Oceti Sakowin Camp At Standing Rock",
                "uri": "554071638",
                "url": "http://www.huffingtonpost.com/georgianne-nienaber/army-corps-issues-evictio_b_13238434.html",
                "wgt": 1
            },
            {
                "body": "Later on, clip-on Christmas tree candle holders (also called candle clips) became popular. They could be produced in small metal shops and were available in Christmas markets and shops. These Christmas tree candle clips always included some combination of a pin or clasp to hold the candle in place, ...",
                "date": "2016-11-26",
                "id": "13112947",
                "isDuplicate": false,
                "lang": "eng",
                "sim": 0,
                "source": {
                    "id": "402",
                    "title": "The Huffington Post",
                    "uri": "www.huffingtonpost.com"
                },
                "time": "01:42:00",
                "title": "Christmas Tree Candles and Candle Holders - Web's Largest Gallery of Historic Patents Shows How We Used To Decorate Our Trees",
                "uri": "554067300",
                "url": "http://www.huffingtonpost.com/tom-conrad-/christmas-tree-candles-an_b_13186494.html",
                "wgt": 1
            },
            {
                "body": "I was glad to receive some upbeat music in the face of the present\n\nmoment's constant, relentless stream of bad news. \"Rodney Cromwell\"\n\naka Adam Creswell created a tight group of retro synth-pop songs which\n\nslapped a smile on my face, despite all the anxiety pressing down upon\n\nhumanity. This ...",
                "date": "2016-11-26",
                "id": "13112419",
                "isDuplicate": false,
                "lang": "eng",
                "sim": 0,
                "source": {
                    "id": "402",
                    "title": "The Huffington Post",
                    "uri": "www.huffingtonpost.com"
                },
                "time": "01:35:00",
                "title": "Rodney Cromwell's Uplifting Synth Pop",
                "uri": "554065738",
                "url": "http://www.huffingtonpost.com/rachel-mason/rodney-cromwells-upliftin_b_13238358.html",
                "wgt": 1
            },
            {
                "body": "I have been an online counselor for the past six years and have helped over a thousand individuals address personal and relationship problems. Until now, the impact of political affiliations on client's relationships has never been mentioned by anyone. But, the election of Donald Trump seems to have ...",
                "date": "2016-11-26",
                "id": "13110978",
                "isDuplicate": false,
                "lang": "eng",
                "sim": 0,
                "source": {
                    "id": "402",
                    "title": "The Huffington Post",
                    "uri": "www.huffingtonpost.com"
                },
                "time": "01:15:00",
                "title": "Family Feuds: The Wall Trump Built",
                "uri": "554061298",
                "url": "http://www.huffingtonpost.com/dr-milton-mankoff/post_13666_b_13146604.html",
                "wgt": 1
            },
            {
                "body": "Hence Participation of young people and Women is critical to this growth.\n\n1.Women\n\nFor so long women have been and are still being pushed towards the traditional frameworks like service sectors. Previoulsly more than 90% of the women who used to enter the Manufacturing backbone industries filled ...",
                "date": "2016-11-26",
                "id": "13110621",
                "isDuplicate": false,
                "lang": "eng",
                "sim": 0,
                "source": {
                    "id": "402",
                    "title": "The Huffington Post",
                    "uri": "www.huffingtonpost.com"
                },
                "time": "01:12:00",
                "title": "It\u00b4s time for Millennials to knock down the doors of the backbone industries of the Economy.",
                "uri": "554060417",
                "url": "http://www.huffingtonpost.com/clarah-rudo-manuhwa/its-time-for-millennials-_b_13237602.html",
                "wgt": 1
            },
            {
                "body": "It's Thanksgiving. The time of year when we pause to remember and mark all the things in our life we are thankful for.\n\nI can count so many things this week as I pause to consider what I have to be thankful for. The blessings are way too numerous to count. But one of the things I'm thankful for this ...",
                "date": "2016-11-26",
                "id": "13110511",
                "isDuplicate": false,
                "lang": "eng",
                "sim": 0,
                "source": {
                    "id": "402",
                    "title": "The Huffington Post",
                    "uri": "www.huffingtonpost.com"
                },
                "time": "01:10:00",
                "title": "3 surprising reasons why I'm thankful for my divorce",
                "uri": "554060179",
                "url": "http://www.huffingtonpost.com/rosemond-perdue-cranner/3-surprising-reasons-why-_b_13204328.html",
                "wgt": 1
            },
            {
                "body": "For Trump voters who say you aren't racist or sexist, I challenge you to oppose the negative consequences of the ugly campaign rhetoric. I remember when the Republicans were the leading edge for gender equality. It's up to you to move the party back there.\n\nRead and heed diversity and inclusion ...",
                "date": "2016-11-26",
                "id": "13110397",
                "isDuplicate": false,
                "lang": "eng",
                "sim": 0,
                "source": {
                    "id": "402",
                    "title": "The Huffington Post",
                    "uri": "www.huffingtonpost.com"
                },
                "time": "01:08:00",
                "title": "How Do You Go Forward After A Bruising Election? #pledgeparity",
                "uri": "554059681",
                "url": "http://www.huffingtonpost.com/gloria-feldt/how-do-you-go-forward-aft_b_13182986.html",
                "wgt": 1
            },
            {
                "body": "Thanksgiving is a great time to have those conversations. How?\n\nFirst, don't let yourself get sucked into a \"yes it is! no it isn't!\" debate with Uncle Joe. Studies have shown that arguing about the science just makes us dig in deeper, widening the divide between us. And most science-y sounding ...",
                "date": "2016-11-26",
                "id": "13110099",
                "isDuplicate": false,
                "lang": "eng",
                "sim": 0,
                "source": {
                    "id": "402",
                    "title": "The Huffington Post",
                    "uri": "www.huffingtonpost.com"
                },
                "time": "01:04:00",
                "title": "Concerned About Climate? Here's One Incredibly Simple Thing You Can Do About It",
                "uri": "554058797",
                "url": "http://www.huffingtonpost.com/katharine-hayhoe/concerned-about-climate-h_b_13192658.html",
                "wgt": 1
            },
            {
                "body": "Among the radical shifts in the political landscape that took place on November 8th are the revival of some serious threats to our ocean, our coasts and our planet. These threats include renewed efforts to open our coasts to offshore oil drilling, reversal of environmental laws that protect our ...",
                "date": "2016-11-26",
                "id": "13109674",
                "isDuplicate": false,
                "lang": "eng",
                "sim": 0,
                "source": {
                    "id": "402",
                    "title": "The Huffington Post",
                    "uri": "www.huffingtonpost.com"
                },
                "time": "01:01:00",
                "title": "The Next Four Years: Protecting The Ocean And Coasts In A New Political Landscape",
                "uri": "554057857",
                "url": "http://www.huffingtonpost.com/dr-chad-nelsen/the-next-four-years-prote_b_13185742.html",
                "wgt": 1
            },
            {
                "body": "The other tip is the list of nearly a dozen names of his potential court picks he got with lots of help from the ultra-conservative Heritage Foundation that he made public last May. He added a few more names in September that include a woman, a Hispanic, Asian, and an African-American judge. But ...",
                "date": "2016-11-26",
                "id": "13109492",
                "isDuplicate": false,
                "lang": "eng",
                "sim": 0,
                "source": {
                    "id": "402",
                    "title": "The Huffington Post",
                    "uri": "www.huffingtonpost.com"
                },
                "time": "00:58:00",
                "title": "The Supreme Court Is Trump's Crown Jewel",
                "uri": "554057299",
                "url": "http://www.huffingtonpost.com/earl-ofari-hutchinson/the-supreme-court-is-trum_b_13213424.html",
                "wgt": 1
            },
            {
                "body": "Life is made up of a collection of moments, people, and relationships that are not ours to keep. The pain we encounter comes from the illusion that some moments can be held onto. Clinging to people and experiences that never belonged to us in the first place is what causes us to miss the beauty of ...",
                "date": "2016-11-26",
                "id": "13105556",
                "isDuplicate": false,
                "lang": "eng",
                "sim": 0,
                "source": {
                    "id": "402",
                    "title": "The Huffington Post",
                    "uri": "www.huffingtonpost.com"
                },
                "time": "00:17:00",
                "title": "6 Helpful Ways To Overcome Heartbreak",
                "uri": "554046919",
                "url": "http://www.huffingtonpost.com/alexis-meads/6-helpful-ways-to-overcom_b_13180552.html",
                "wgt": 1
            }
        ],
        "totalResults": 74
    }
}