{
    "articles": {
        "count": 77,
        "page": 1,
        "pages": 1,
        "results": [
            {
                "body": "Three crew members and a patient were killed when their ambulance plane crashed in northeastern Nevada on Friday, local media reported.\n\nThe Piper PA 31 airplane had just taken off from Elko Regional Airport in Nevada with a heart patient aboard when it crashed in a nearby parking lot, the Elko ...",
                "date": "2016-11-19",
                "id": "11752400",
                "isDuplicate": true,
                "lang": "eng",
                "sim": 0,
                "source": {
                    "id": "402",
                    "title": "The Huffington Post",
                    "uri": "www.huffingtonpost.com"
                },
                "time": "23:40:00",
                "title": "Crew And Patient Killed As Ambulance Plane Goes Down In Fiery Nevada Crash",
                "uri": "550463453",
                "url": "http://www.huffingtonpost.com/entry/nevada-ambulance-plane-crash_us_5830de3be4b030997bbfd9ba",
                "wgt": 1
            },
            {
                "body": "I have been strongly and opposed to Donald Trump, but I won't be attending any protests against him. Why so? He was legitimately elected by the American people through the time honored constitutional process. Protesting this election is protesting the process.\n\nSecondly, I do not like the tone of ...",
                "date": "2016-11-19",
                "id": "11750946",
                "isDuplicate": false,
                "lang": "eng",
                "sim": 0,
                "source": {
                    "id": "402",
                    "title": "The Huffington Post",
                    "uri": "www.huffingtonpost.com"
                },
                "time": "23:31:00",
                "title": "Why I Won't Be Attending Any Anti-Trump Protests",
                "uri": "550459557",
                "url": "http://www.huffingtonpost.com/rabbi-kenneth-l-cohen/why-i-wont-be-attending-a_b_13026228.html",
                "wgt": 1
            },
            {
                "body": "Those of you who are aging, have you ever noticed how maliciously inanimate objects have begin to behave?\n\nTake, for one example, the way the cord of the warming pad you put in your bed invariably catches on your toes whenever you get under the covers. Or how the sheet disappears somewhere down near ...",
                "date": "2016-11-19",
                "id": "11750935",
                "isDuplicate": false,
                "lang": "eng",
                "sim": 0,
                "source": {
                    "id": "402",
                    "title": "The Huffington Post",
                    "uri": "www.huffingtonpost.com"
                },
                "time": "23:31:00",
                "title": "Inanimate Malice",
                "uri": "550459556",
                "url": "http://www.huffingtonpost.com/robert-brustein/inanimate-malice_b_13031724.html",
                "wgt": 1
            },
            {
                "body": "Two people were taken into custody at the Dallas home where the baby was found.\n\nAn eight-day-old girl who went missing this week after her mother was shot dead in Kansas has been discovered unharmed by law enforcement officials hundreds of miles away in Texas, police said on Saturday.\n\nSophia ...",
                "date": "2016-11-19",
                "id": "11749046",
                "isDuplicate": false,
                "lang": "eng",
                "sim": 0.6509804129600525,
                "source": {
                    "id": "402",
                    "title": "The Huffington Post",
                    "uri": "www.huffingtonpost.com"
                },
                "time": "23:10:00",
                "title": "Missing Kansas Newborn Found In Texas Days After Mother's Killing",
                "uri": "550454154",
                "url": "http://www.huffingtonpost.com/entry/missing-kansas-newborn-texas_us_5830cd50e4b099512f83415b",
                "wgt": 1
            },
            {
                "body": "In a new pilot program, the CEC invested $2 million to study whether or not piezoelectric crystals, which would be installed under the asphalt, can be used to turn some of the most congested freeways in the country into a useful alternative resource.\n\nTo rewind just a little bit, piezoelectric ...",
                "date": "2016-11-19",
                "id": "11749011",
                "isDuplicate": false,
                "lang": "eng",
                "sim": 0,
                "source": {
                    "id": "402",
                    "title": "The Huffington Post",
                    "uri": "www.huffingtonpost.com"
                },
                "time": "23:09:00",
                "title": "To Californians: The Hours You Spend in Traffic May Soon Be Used to Generate Electricity",
                "uri": "550454008",
                "url": "http://www.huffingtonpost.com/jennifer-schwab/to-californians-the-hours_b_13050442.html",
                "wgt": 1
            },
            {
                "body": "Two words keep coming to me to explain this phenomenon: Blind Trust. Not just the so called Blind Trust that President Elect Donald Trump says will happen when he gives his businesses to his children, I am referring to the Blind Trust his supporters placed in him.\n\nTo understand this anomaly we must ...",
                "date": "2016-11-19",
                "id": "11748531",
                "isDuplicate": false,
                "lang": "eng",
                "sim": 0,
                "source": {
                    "id": "402",
                    "title": "The Huffington Post",
                    "uri": "www.huffingtonpost.com"
                },
                "time": "23:04:00",
                "title": "Blind Trust",
                "uri": "550452566",
                "url": "http://www.huffingtonpost.com/joan-e-dowlin/blind-trust_b_13052006.html",
                "wgt": 1
            },
            {
                "body": "On Saturday, November 12 at 4:00 p.m. in front of the Brandenburg Gate more than 2,000 Americans abroad, Germans, Europeans, refugees, and other global citizens stood in solidarity. We formed a peaceful movement to show the world we will not tolerate the injustice, intolerance, hate, and inequality ...",
                "date": "2016-11-19",
                "id": "11747738",
                "isDuplicate": false,
                "lang": "eng",
                "sim": 0,
                "source": {
                    "id": "402",
                    "title": "The Huffington Post",
                    "uri": "www.huffingtonpost.com"
                },
                "time": "22:56:00",
                "title": "More than 2,000 in Berlin Protested Trump's Intolerant Agenda",
                "uri": "550450341",
                "url": "http://www.huffingtonpost.com/whitney-buchanan/2000-rally-in-berlin-agai_b_12912172.html",
                "wgt": 1
            },
            {
                "body": "It's how Trump plays the game, and the example he sets, that could add some challenging twists to a teacher's school day.\n\nIt was one thing when Trump was merely a braggadocios businessman, or a ratings-minded reality TV star, or even a cavalier candidate for president who peppered the campaign with ...",
                "date": "2016-11-19",
                "id": "11745849",
                "isDuplicate": false,
                "lang": "eng",
                "sim": 0,
                "source": {
                    "id": "402",
                    "title": "The Huffington Post",
                    "uri": "www.huffingtonpost.com"
                },
                "time": "22:36:00",
                "title": "With President Trump As Top Role Model, Teachers Could Have A Lot of Explaining To Do",
                "uri": "550444292",
                "url": "http://www.huffingtonpost.com/ben-hellwarth/post_13590_b_12997568.html",
                "wgt": 1
            },
            {
                "body": "If you thought \"puggle\" was the name for a cross between a beagle and a pug, well, actually you're right. But \"puggle\" has another, lesser-known definition, and one that's arguably even cuter: a baby echidna.\n\nSydney's Taronga Zoo announced the birth of three short-beaked echidna puggles on Friday, ...",
                "date": "2016-11-19",
                "id": "11745561",
                "isDuplicate": false,
                "lang": "eng",
                "sim": 0.6392157077789307,
                "source": {
                    "id": "402",
                    "title": "The Huffington Post",
                    "uri": "www.huffingtonpost.com"
                },
                "time": "22:30:00",
                "title": "Baby Echidnas Are Called 'Puggles' And They Are Awesome",
                "uri": "550443532",
                "url": "http://www.huffingtonpost.com/entry/puggle-echidna-taronga-zoo_us_5830c90fe4b099512f8340fc",
                "wgt": 1
            },
            {
                "body": "\"I'm embarrassed by the reaction of the Irish government to what's happened in America.\"\n\nIrish Labour Party Senator Aodh\u00e1n \u00d3 Riord\u00e1in ripped into his country's government for its warm response to the election of Donald Trump as president in a passionate speech that's gone viral.\n\n\"Edmund Burke ...",
                "date": "2016-11-19",
                "id": "11742596",
                "isDuplicate": false,
                "lang": "eng",
                "sim": 0,
                "source": {
                    "id": "402",
                    "title": "The Huffington Post",
                    "uri": "www.huffingtonpost.com"
                },
                "time": "22:04:00",
                "title": "Watch This Irish Lawmaker's Passionate Call To Stand Up To Donald Trump",
                "uri": "550432197",
                "url": "http://www.huffingtonpost.com/entry/irish-lawmaker-stand-up-to-donald-trump_us_5830b4cfe4b058ce7aab802d",
                "wgt": 1
            },
            {
                "body": "Christian, Jewish and Buddhist leaders attended prayers at a Washington, D.C., mosque to emphasize solidarity.\n\nChristian, Jewish and Buddhist leaders joined their Muslim neighbors for Friday prayers at a Washington, D.C., mosque, sending President-elect Donald Trump a strong statement of interfaith ...",
                "date": "2016-11-19",
                "id": "11742013",
                "isDuplicate": false,
                "lang": "eng",
                "sim": 0,
                "source": {
                    "id": "402",
                    "title": "The Huffington Post",
                    "uri": "www.huffingtonpost.com"
                },
                "time": "21:59:00",
                "title": "Interfaith Leaders Pledge To Stand By American Muslims, No Matter What",
                "uri": "550432999",
                "url": "http://www.huffingtonpost.com/entry/interfaith-washington-dc-prayer_us_582f3e15e4b058ce7aaacf3f",
                "wgt": 1
            },
            {
                "body": "WASHINGTON -- Exactly a week after winning the presidential election, Donald Trump took time out to meet with Indian business partners and his three eldest children at Trump Tower in Manhattan. The meeting came despite the president-elect's assurances that he was handing off his business to his ...",
                "date": "2016-11-19",
                "id": "11741774",
                "isDuplicate": false,
                "lang": "eng",
                "sim": 0.7254902124404907,
                "source": {
                    "id": "402",
                    "title": "The Huffington Post",
                    "uri": "www.huffingtonpost.com"
                },
                "time": "21:56:00",
                "title": "Donald Trump Meets With His Indian Business Partners Despite Blind Trust Promises",
                "uri": "550432198",
                "url": "http://www.huffingtonpost.com/entry/donald-trump-conflict-of-interest_us_58309ad8e4b058ce7aab78fe",
                "wgt": 1
            },
            {
                "body": "Given enough time, almost any house will collect ghosts. My house has plenty, even though I'm not one for hanging onto the past. Usually they creep in silently, like dust bunnies under the bed: When you see them, you know they must have been there for a long time, but you never catch them coming in ...",
                "date": "2016-11-19",
                "id": "11739811",
                "isDuplicate": false,
                "lang": "eng",
                "sim": 0,
                "source": {
                    "id": "402",
                    "title": "The Huffington Post",
                    "uri": "www.huffingtonpost.com"
                },
                "time": "21:35:00",
                "title": "The Ghosts -- Both Welcome And Not So Welcome -- That Linger In My House",
                "uri": "550425854",
                "url": "http://www.huffingtonpost.com/eva-moon/ghosts-in-my-house_b_12985078.html",
                "wgt": 1
            },
            {
                "body": "WASHINGTON - The heads of the Pentagon and the U.S. intelligence community have recommended to President Barack Obama that the director of the National Security Agency, Admiral Michael Rogers, be removed from his position, sources familiar with the matter said on Saturday.\n\nThe recommendation by ...",
                "date": "2016-11-19",
                "id": "11739803",
                "isDuplicate": true,
                "lang": "eng",
                "sim": 0,
                "source": {
                    "id": "402",
                    "title": "The Huffington Post",
                    "uri": "www.huffingtonpost.com"
                },
                "time": "21:35:00",
                "title": "Top Pentagon And Intelligence Officials Urge Firing Of NSA Director",
                "uri": "550425856",
                "url": "http://www.huffingtonpost.com/entry/nsa-director-firing-pentagon_us_5830beade4b030997bbfd68d",
                "wgt": 1
            },
            {
                "body": "\"He will be your president and if you do not like that, you need to go to another country.\"\n\nA federal judge presiding over a naturalization ceremony in San Antonio, Texas, on Friday told new U.S. citizens if they didn't like President-elect Donald Trump, they could leave the United States.\n\n\"I can ...",
                "date": "2016-11-19",
                "id": "11739605",
                "isDuplicate": false,
                "lang": "eng",
                "sim": 0.6313725709915161,
                "source": {
                    "id": "402",
                    "title": "The Huffington Post",
                    "uri": "www.huffingtonpost.com"
                },
                "time": "21:33:00",
                "title": "Judge Tells New Citizens They Can Leave The U.S. If They Don't Like Trump",
                "uri": "550425200",
                "url": "http://www.huffingtonpost.com/entry/donald-trump-immigration_us_5830bac4e4b099512f833cf8",
                "wgt": 1
            },
            {
                "body": "Comebacks for the bashers (aka our kids) pegging us as the \"worst generation ever.\"\n\nIf you believe what you Google, baby boomers are responsible for ruining the American economy (see \"Baby Boomers Are What's Wrong With America's Economy\" by Jim Tankersley in The Washington Post). And not only that, ...",
                "date": "2016-11-19",
                "id": "11739020",
                "isDuplicate": false,
                "lang": "eng",
                "sim": 0.6431372761726379,
                "source": {
                    "id": "402",
                    "title": "The Huffington Post",
                    "uri": "www.huffingtonpost.com"
                },
                "time": "21:27:00",
                "title": "What To Say When Young People  Blame Everything On The Boomers",
                "uri": "550423332",
                "url": "http://www.huffingtonpost.com/entry/what-to-say-when-young-people-blame-everything-on-the-boomers_us_582b5468e4b01d8a014ac7e4",
                "wgt": 1
            },
            {
                "body": "The 15-year-old grandson of Congressman Danny Davis was shot to death in his Englewood, Illinois home Friday evening (November 18).\n\nAccording to Chicago police, Jovan Wilson, 15, was inside his home about 6:45pm CDT when two people broke in. An argument ensued and he was shot in the head, according ...",
                "date": "2016-11-19",
                "id": "11736584",
                "isDuplicate": false,
                "lang": "eng",
                "sim": 0.658823549747467,
                "source": {
                    "id": "402",
                    "title": "The Huffington Post",
                    "uri": "www.huffingtonpost.com"
                },
                "time": "21:02:00",
                "title": "15-Year-Old Grandson Of Rep. Danny Davis Fatally Shot In His Chicago Home",
                "uri": "550415308",
                "url": "http://www.huffingtonpost.com/entry/danny-davis-grandson-shot_us_5830b8f2e4b030997bbfd3da",
                "wgt": 1
            },
            {
                "body": "There is a kind of pain that not everyone experiences. The kind of pain that comes from communal abandonment. The kind of pain that maybe you would feel if one day you came to school and your whole friend group decided to embrace the kid who bullies you in class. And not only did they invite this ...",
                "date": "2016-11-19",
                "id": "11736577",
                "isDuplicate": false,
                "lang": "eng",
                "sim": 0,
                "source": {
                    "id": "402",
                    "title": "The Huffington Post",
                    "uri": "www.huffingtonpost.com"
                },
                "time": "21:02:00",
                "title": "A Note To The Christian Friends I Lost In This Election",
                "uri": "550415307",
                "url": "http://www.huffingtonpost.com/ciarra/to-the-christian-friends-_b_13037684.html",
                "wgt": 1
            },
            {
                "body": "BEDMINSTER, N.J. -- The 2012 Republican nominee who'd warned the nation about a Donald Trump presidency met with Trump for close to an hour and a half on Saturday, on the eve of that same presidency.\n\nFormer Massachusetts Gov. Mitt Romney (R) emerged after an hour and 23 minutes inside the clubhouse ...",
                "date": "2016-11-19",
                "id": "11736041",
                "isDuplicate": false,
                "lang": "eng",
                "sim": 0.658823549747467,
                "source": {
                    "id": "402",
                    "title": "The Huffington Post",
                    "uri": "www.huffingtonpost.com"
                },
                "time": "20:56:00",
                "title": "Trump Meets With The Guy Who Warned He'd Be A Disaster As President",
                "uri": "550413706",
                "url": "http://www.huffingtonpost.com/entry/donald-trump-mitt-romney-meeting_us_5830a085e4b030997bbfcd6c",
                "wgt": 1
            },
            {
                "body": "In another chapter in the OMG MY EYES chronicles of Kylie Jenner and Tyga, the rapper celebrated his 27th year on planet Earth by burying his face in his girlfriend's chest and sticking his hand down her jeans for a new photoshoot.\n\nApparently overcompensating for Kim's extended absence from social ...",
                "date": "2016-11-19",
                "id": "11734133",
                "isDuplicate": false,
                "lang": "eng",
                "sim": 0.529411792755127,
                "source": {
                    "id": "402",
                    "title": "The Huffington Post",
                    "uri": "www.huffingtonpost.com"
                },
                "time": "20:36:00",
                "title": "Kylie Celebrates Tyga's BDay With NSFW Photoshoot We Can Never Unsee",
                "uri": "550407344",
                "url": "http://www.huffingtonpost.com/entry/kylie-jenner-tyga-topless-photo_us_5830984fe4b058ce7aab78f6",
                "wgt": 1
            },
            {
                "body": "When you really know something and understand it well, it's not about an outline or a list of main points. True understanding goes much deeper. At the depth of your being, you are one with everything. Ancient Seers and modern physicists agree upon this. Einstein knew there was a unified field, the ...",
                "date": "2016-11-19",
                "id": "11734144",
                "isDuplicate": false,
                "lang": "eng",
                "sim": 0,
                "source": {
                    "id": "402",
                    "title": "The Huffington Post",
                    "uri": "www.huffingtonpost.com"
                },
                "time": "20:36:00",
                "title": "To Become An Expert, Transcend Facts",
                "uri": "550407342",
                "url": "http://www.huffingtonpost.com/michael-mamas/to-become-an-expert-trans_b_13055452.html",
                "wgt": 1
            },
            {
                "body": "In 1532, an illiterate, second-rate conquistador named Francisco Pizarro changed the course of history by conquering the Incan Emperor, Atahualpa. He achieved this with less than 200 men, by first tricking the Emperor, then holding him hostage until he revealed the location of his vast gold ...",
                "date": "2016-11-19",
                "id": "11734156",
                "isDuplicate": false,
                "lang": "eng",
                "sim": 0,
                "source": {
                    "id": "402",
                    "title": "The Huffington Post",
                    "uri": "www.huffingtonpost.com"
                },
                "time": "20:36:00",
                "title": "The Great 21st Century Heist",
                "uri": "550407343",
                "url": "http://www.huffingtonpost.com/frank-giustra/the-great-21stcentury-hei_b_13053954.html",
                "wgt": 1
            },
            {
                "body": "Facebook Inc, facing withering criticism for failing to stem a flood of phony news articles in the run-up to the U.S. presidential election, is taking a series of steps to weed out hoaxes and other types of false information, chief executive Mark Zuckerberg said in a Facebook post Friday ...",
                "date": "2016-11-19",
                "id": "11733675",
                "isDuplicate": false,
                "lang": "eng",
                "sim": 0.6431372761726379,
                "source": {
                    "id": "402",
                    "title": "The Huffington Post",
                    "uri": "www.huffingtonpost.com"
                },
                "time": "20:32:00",
                "title": "Torrents Of Backlash Over Facebook Fake News Finally Got Zuckerberg's Attention",
                "uri": "550405707",
                "url": "http://www.huffingtonpost.com/entry/facebook-zuckerberg-fake-news_us_5830b25de4b058ce7aab7f9f",
                "wgt": 1
            },
            {
                "body": "How did Donald Trump react? Like a two-year-old throwing a tantrum, he stamped his feet, whined and took to his Twitter account to demand an apology. An apology!\n\nThis bloated, overweight man, who insulted and demeaned a former beauty queen because he thought she had gained too much weight -- and ...",
                "date": "2016-11-19",
                "id": "11730755",
                "isDuplicate": false,
                "lang": "eng",
                "sim": 0,
                "source": {
                    "id": "402",
                    "title": "The Huffington Post",
                    "uri": "www.huffingtonpost.com"
                },
                "time": "20:05:00",
                "title": "Baby Donald Doesn't Deserve An Apology From The 'Hamilton' Cast Or Anyone Else",
                "uri": "550395619",
                "url": "http://www.huffingtonpost.com/ira-glasser/grow-up-baby-donald_b_13094402.html",
                "wgt": 1
            },
            {
                "body": "Here is the full hideous point-by-point list of the major votes of Alabama Senator Jeff Sessions on civil rights issues, complete with the dates he torpedoed them.\n\n* Banning the Pledge of Allegiance is unconstitutional. (Jan 2006)\n\n* Voted NO on reauthorizing the Violence Against Women Act. (Feb ...",
                "date": "2016-11-19",
                "id": "11730748",
                "isDuplicate": false,
                "lang": "eng",
                "sim": 0,
                "source": {
                    "id": "402",
                    "title": "The Huffington Post",
                    "uri": "www.huffingtonpost.com"
                },
                "time": "20:05:00",
                "title": "Sessions is the Most Glaring Proof of the Folly of Shunning Clinton",
                "uri": "550395428",
                "url": "http://www.huffingtonpost.com/earl-ofari-hutchinson/sessions-is-the-most-glar_b_13080558.html",
                "wgt": 1
            },
            {
                "body": "When reducing or avoiding taxes is a significant driver of philanthropic giving, the urgency of moving funds directly to charities on the ground becomes a secondary consideration. By creating and giving to private foundations, donors receive immediate tax deductions for the full amount of their ...",
                "date": "2016-11-19",
                "id": "11730027",
                "isDuplicate": false,
                "lang": "eng",
                "sim": 0.6549019813537598,
                "source": {
                    "id": "402",
                    "title": "The Huffington Post",
                    "uri": "www.huffingtonpost.com"
                },
                "time": "19:59:00",
                "title": "The Dangers of Top-Heavy Philanthropy",
                "uri": "550393816",
                "url": "http://www.huffingtonpost.com/chuck-collins/the-dangers-of-topheavy-p_b_13055456.html",
                "wgt": 1
            },
            {
                "body": "It's not every day that you come across a face like this.\n\nSandy Windover, who works at an emergency vet clinic in British Columbia, Canada, first laid eyes on BenBen the cat in April, when a rescue worker brought in the stray. The cat had numerous injuries, including a damaged ear and a crushed ...",
                "date": "2016-11-19",
                "id": "11722153",
                "isDuplicate": false,
                "lang": "eng",
                "sim": 0,
                "source": {
                    "id": "402",
                    "title": "The Huffington Post",
                    "uri": "www.huffingtonpost.com"
                },
                "time": "18:47:00",
                "title": "'Unadoptable' Sad-Faced Cat Shows That Everyone Deserves A Chance",
                "uri": "550371340",
                "url": "http://www.huffingtonpost.com/entry/benben-cat-sad-face_us_582f7fc0e4b099512f82e1fa",
                "wgt": 1
            },
            {
                "body": "Raise your hand if you've ever felt personally victimized by Lindsay Lohan.\n\nWho would have guessed that in our darkest days we'd look to Lindsay Lohan for some comedic relief? First, she gifted the world with her weird Euro accent, then she trademarked it by starting a clothing line and now she's ...",
                "date": "2016-11-19",
                "id": "11722148",
                "isDuplicate": false,
                "lang": "eng",
                "sim": 0.7176470756530762,
                "source": {
                    "id": "402",
                    "title": "The Huffington Post",
                    "uri": "www.huffingtonpost.com"
                },
                "time": "18:47:00",
                "title": "Lindsay Lohan Just Went Full Regina George On Ariana Grande's Selfie",
                "uri": "550371339",
                "url": "http://www.huffingtonpost.com/entry/lindsay-lohan-just-went-full-regina-george-on-ariana-grandes-selfie_us_58308179e4b099512f83304a",
                "wgt": 1
            },
            {
                "body": "Stock market cycles are something of an enigma -- if investors generally know they exist, why don't they get out at the peaks, and buy back in when the market is down? The better you understand the dynamics of market cycles, the better you can take advantage of them rather than being victimized by ...",
                "date": "2016-11-19",
                "id": "11720894",
                "isDuplicate": false,
                "lang": "eng",
                "sim": 0,
                "source": {
                    "id": "402",
                    "title": "The Huffington Post",
                    "uri": "www.huffingtonpost.com"
                },
                "time": "18:35:00",
                "title": "How Investors Can Identify Stock Market Cycles",
                "uri": "550367792",
                "url": "http://www.huffingtonpost.com/richard-barrington/how-investors-can-identif_b_13081630.html",
                "wgt": 1
            },
            {
                "body": "The video was released amid Jolie's custody battle with Brad Pitt.\n\nAngelina Jolie has resurfaced in a video plea to support the International Criminal Court's efforts to protect the lives of children worldwide, after she's largely avoided the spotlight during her ongoing custody battle with ...",
                "date": "2016-11-19",
                "id": "11719905",
                "isDuplicate": false,
                "lang": "eng",
                "sim": 0,
                "source": {
                    "id": "402",
                    "title": "The Huffington Post",
                    "uri": "www.huffingtonpost.com"
                },
                "time": "18:26:00",
                "title": "Angelina Jolie Resurfaces In Video Plea To End Child Abuse",
                "uri": "550361019",
                "url": "http://www.huffingtonpost.com/entry/angelina-jolie-resurfaces-in-video-plea-to-end-child-abuse-worldwide_us_58307331e4b058ce7aab6b60",
                "wgt": 1
            },
            {
                "body": "Fifth Harmony star Lauren Jauregui just shared an open letter addressed to anyone who thinks voting for President-elect Donald Trump \"does not mean that you are racist, homophobic, sexist, xenophobic, assholes.\" And she used the occasion to publicly come out as bisexual.\n\nIn the op-ed, published on ...",
                "date": "2016-11-19",
                "id": "11718447",
                "isDuplicate": false,
                "lang": "eng",
                "sim": 0.6078431606292725,
                "source": {
                    "id": "402",
                    "title": "The Huffington Post",
                    "uri": "www.huffingtonpost.com"
                },
                "time": "18:12:00",
                "title": "Fifth Harmony Star Comes Out As Bisexual In Letter To Trump Supporters",
                "uri": "550361018",
                "url": "http://www.huffingtonpost.com/entry/fifth-harmony-lauren-jauregui-bisexual_us_58307371e4b058ce7aab6b98",
                "wgt": 1
            },
            {
                "body": "Hundreds of thousands of demonstrators took to the streets of Seoul on Saturday in the fourth straight weekend of protest against embattled President Park Geun-hye.\n\nPark is resisting calls to step down amid an ongoing political crisis in which she is alleged to have let an old friend meddle in ...",
                "date": "2016-11-19",
                "id": "11716366",
                "isDuplicate": true,
                "lang": "eng",
                "sim": 0,
                "source": {
                    "id": "402",
                    "title": "The Huffington Post",
                    "uri": "www.huffingtonpost.com"
                },
                "time": "17:54:00",
                "title": "Thousands Demonstrate Against South Korea's President",
                "uri": "550355163",
                "url": "http://www.huffingtonpost.com/entry/thousands-protest-south-korean-president_us_58307288e4b030997bbfbd91",
                "wgt": 1
            },
            {
                "body": "This is the populism that tramples the demagogues\n\nNot a fake populism that is nationalist, inegalitarian, isolationist and closed\n\nBut real populism that is universal, global and post-national,\n\nTrue populism is borderless\n\nIt is the truth that resides in every heart of everyone from Talahassee to ...",
                "date": "2016-11-19",
                "id": "11713905",
                "isDuplicate": false,
                "lang": "eng",
                "sim": 0,
                "source": {
                    "id": "402",
                    "title": "The Huffington Post",
                    "uri": "www.huffingtonpost.com"
                },
                "time": "17:34:00",
                "title": "The Answer To Nationalist Populism is Global Populism",
                "uri": "550348392",
                "url": "http://www.huffingtonpost.com/stephan-said/the-answer-to-nationalist_b_13092362.html",
                "wgt": 1
            },
            {
                "body": "Time and again, Smith's narrator struggles to see how she can fit the two together.\n\nZadie Smith writes novels about the people and themes that seem particularly freighted with political baggage these days: immigrants, multiracial families and social groups, the white and non-white working class. ...",
                "date": "2016-11-19",
                "id": "11713187",
                "isDuplicate": false,
                "lang": "eng",
                "sim": 0,
                "source": {
                    "id": "402",
                    "title": "The Huffington Post",
                    "uri": "www.huffingtonpost.com"
                },
                "time": "17:29:00",
                "title": "The Personal And Political Are At Odds In Zadie Smith's New Novel",
                "uri": "550344844",
                "url": "http://www.huffingtonpost.com/entry/swing-time-by-zadie-smith_us_582f81b6e4b099512f82e329",
                "wgt": 1
            },
            {
                "body": "Schumer will be the person who crafts and leads the strategy, but in sitting down to explain it to The Huffington Post on Friday, he revealed how much of it comes from Sanders, as well as Sen. Elizabeth Warren (D-Mass.).\n\n\"When you lose an election the way we did, you don't flinch, you don't look ...",
                "date": "2016-11-19",
                "id": "11712553",
                "isDuplicate": false,
                "lang": "eng",
                "sim": 0.6705882549285889,
                "source": {
                    "id": "402",
                    "title": "The Huffington Post",
                    "uri": "www.huffingtonpost.com"
                },
                "time": "17:24:00",
                "title": "Chuck Schumer Is All In On Bernie Sanders' Democratic Party",
                "uri": "550344842",
                "url": "http://www.huffingtonpost.com/entry/chuck-schumer-is-all-in-on-bernie-sanders-democratic-party_us_58307a38e4b030997bbfc3cc",
                "wgt": 1
            },
            {
                "body": "Sometime before Inauguration Day, President-elect Trump will be briefed on the American plan for nuclear war, inclusive of the role he plays in ordering nuclear weapons release (i.e., the \"nuclear codes\".) John F. Kennedy was the first American president briefed on this plan, back in 1961. ...",
                "date": "2016-11-19",
                "id": "11712575",
                "isDuplicate": false,
                "lang": "eng",
                "sim": 0.7372549176216125,
                "source": {
                    "id": "402",
                    "title": "The Huffington Post",
                    "uri": "www.huffingtonpost.com"
                },
                "time": "17:24:00",
                "title": "Could President Trump Actually Reduce The Threat Of Nuclear War?",
                "uri": "550340828",
                "url": "http://www.huffingtonpost.com/entry/donald-trumps-reagan-moment_us_58307f2ae4b099512f832f4a",
                "wgt": 1
            },
            {
                "body": "Tonight, VP-Elect Mike Pence attended #HamiltonBway. After the show, @BrandonVDixon delivered the following statement on behalf of the show. pic.twitter.com/Jsg9Q1pMZs -- Hamilton (@HamiltonMusical)\n\nFriday night, Vice President-elect Mike Pence took a moment out of his Trump administration-building ...",
                "date": "2016-11-19",
                "id": "11710299",
                "isDuplicate": false,
                "lang": "eng",
                "sim": 0.5686274766921997,
                "source": {
                    "id": "402",
                    "title": "The Huffington Post",
                    "uri": "www.huffingtonpost.com"
                },
                "time": "17:08:00",
                "title": "'Hamilton' Cast's Message To Pence Is What Free Speech Looks Like",
                "uri": "550337886",
                "url": "http://www.huffingtonpost.com/entry/hamilton-cast-message-pence_us_582fdda7e4b058ce7aab4d05",
                "wgt": 1
            },
            {
                "body": "Trump agreed to pay $25 million to people who said they were ripped off by Trump University.\n\nPresident-elect Donald Trump bragged on Saturday that he could have continued to fight three lawsuits against Trump University, but settled for $25 million because he won the election.\n\nTrump agreed Friday ...",
                "date": "2016-11-19",
                "id": "11709779",
                "isDuplicate": false,
                "lang": "eng",
                "sim": 0.5411764979362488,
                "source": {
                    "id": "402",
                    "title": "The Huffington Post",
                    "uri": "www.huffingtonpost.com"
                },
                "time": "17:04:00",
                "title": "Trump Says Settling Fraud Case Is Only Bad Part Of Winning The Presidency",
                "uri": "550337884",
                "url": "http://www.huffingtonpost.com/entry/trump-university-settlement_us_58307a7be4b058ce7aab7140",
                "wgt": 1
            },
            {
                "body": "Who will become the next chair of the Democratic National Committee? This leadership contest has significant implications for the future of American politics. The choice will help determine how the Democratic party responds to its extraordinary defeats in recent years, ending with the election of ...",
                "date": "2016-11-19",
                "id": "11706288",
                "isDuplicate": false,
                "lang": "eng",
                "sim": 0,
                "source": {
                    "id": "402",
                    "title": "The Huffington Post",
                    "uri": "www.huffingtonpost.com"
                },
                "time": "16:38:00",
                "title": "The Democratic Party Lost Its Soul. It's Time to Win it Back.",
                "uri": "550328624",
                "url": "http://www.huffingtonpost.com/entry/the-democratic-party-lost-its-soul-its-time-to-win-it-back_us_58307a25e4b030997bbfc3a5",
                "wgt": 1
            },
            {
                "body": "Senator Sessions' nomination has drawn sharp rebukes from civil rights advocates and some politicians. \"It is unimaginable that he could be entrusted to serve as the chief law enforcement officer for this nation's civil rights laws,\" stated NAACP Legal Defense and Education Fund President, Sherilynn ...",
                "date": "2016-11-19",
                "id": "11704015",
                "isDuplicate": false,
                "lang": "eng",
                "sim": 0,
                "source": {
                    "id": "402",
                    "title": "The Huffington Post",
                    "uri": "www.huffingtonpost.com"
                },
                "time": "16:19:00",
                "title": "Jeff Sessions Will Be In Charge Of Enforcing The Federal Hate Crime Law He Vehemently Opposed",
                "uri": "550040514",
                "url": "http://www.huffingtonpost.com/brian-levin-jd/trumps-attorney-general-nominee-was_b_13080004.html",
                "wgt": 1
            },
            {
                "body": "During an Election Day broadcast alongside Chris Wallace, Smith picked up his ChapStick from the floor on live television.\n\n\"What are you doing?\" Wallace asked him.\n\n\"I dropped my ChapStick. I gotta have the ChapStick,\" Smith responded.\n\nWallace burst out laughing.\n\n\"Should I leave it on the floor ...",
                "date": "2016-11-19",
                "id": "11704021",
                "isDuplicate": false,
                "lang": "eng",
                "sim": 0.8039215803146362,
                "source": {
                    "id": "402",
                    "title": "The Huffington Post",
                    "uri": "www.huffingtonpost.com"
                },
                "time": "16:19:00",
                "title": "Watch How Excited Shep Smith Gets About ChapStick",
                "uri": "550322524",
                "url": "http://www.huffingtonpost.com/entry/shep-smith-chapstick_us_58306a41e4b099512f831e60",
                "wgt": 1
            },
            {
                "body": "Running a government is different than running for office. Campaigning is, at least on one important level, an individual sport. A candidate can go out and say whatever works for an adoring audience. Governing, on the other hand, requires a competent and compliant team effort and the ability to ...",
                "date": "2016-11-19",
                "id": "11701770",
                "isDuplicate": false,
                "lang": "eng",
                "sim": 0,
                "source": {
                    "id": "402",
                    "title": "The Huffington Post",
                    "uri": "www.huffingtonpost.com"
                },
                "time": "16:01:00",
                "title": "Trump's Appointees Give Us Every Reason To Fear For Our Civil Liberties",
                "uri": "550316329",
                "url": "http://www.huffingtonpost.com/james-zogby/what-will-trump-do_b_13078820.html",
                "wgt": 1
            },
            {
                "body": "Danny Pintauro has joined the cast of a colorful web series about the challenges of coming out of the HIV \"closet\" in 2016.\n\nThe \"Who's the Boss?\" star, 40, will appear on the second season of \"Unsure/Positive,\" which is loosely based on creator-star Christian Daniel Kiley's real-life experiences. ...",
                "date": "2016-11-19",
                "id": "11700008",
                "isDuplicate": false,
                "lang": "eng",
                "sim": 0.5058823823928833,
                "source": {
                    "id": "402",
                    "title": "The Huffington Post",
                    "uri": "www.huffingtonpost.com"
                },
                "time": "15:45:00",
                "title": "New Series Explores The Challenges Of Coming Out Of The HIV 'Closet'",
                "uri": "550311145",
                "url": "http://www.huffingtonpost.com/entry/danny-pintauro-unsure-positive_us_582f7d92e4b099512f82df6e",
                "wgt": 1
            },
            {
                "body": "The aftermath of the Emirates Airlines Flight 521 crash in Dubai on Aug. 3 was one of this summer's most shocking visuals.\n\nAlthough all 282 passengers and 18 crew evacuated safely, it didn't go down without a hitch. Video clips surfaced online showing passengers pulling their baggage out of the ...",
                "date": "2016-11-19",
                "id": "11700010",
                "isDuplicate": false,
                "lang": "eng",
                "sim": 0,
                "source": {
                    "id": "402",
                    "title": "The Huffington Post",
                    "uri": "www.huffingtonpost.com"
                },
                "time": "15:44:00",
                "title": "Follow These Steps To Improve Your Travel Experience",
                "uri": "550311144",
                "url": "http://www.huffingtonpost.com/entry/follow-these-steps-to-improve-your-travel-experience_us_58304e5fe4b0eaa5f14d4538",
                "wgt": 1
            },
            {
                "body": "SANAA (Reuters) - A truce aimed at ending more than a year of war in Yemen began on Saturday, although residents said fighting was still going on in parts of the country.\n\nThe 48-hour ceasefire by the Saudi-led military coalition raised hopes of an end to a humanitarian crisis caused by a war that ...",
                "date": "2016-11-19",
                "id": "11699973",
                "isDuplicate": false,
                "lang": "eng",
                "sim": 0,
                "source": {
                    "id": "402",
                    "title": "The Huffington Post",
                    "uri": "www.huffingtonpost.com"
                },
                "time": "15:44:00",
                "title": "Yemen Truce Strained By Reports Of Airstrikes And Fighting",
                "uri": "550308475",
                "url": "http://www.huffingtonpost.com/entry/yemen-truce-strained-by-airstrikes-and-fighting_us_58306ac7e4b099512f831f28",
                "wgt": 1
            },
            {
                "body": "President-elect Donald Trump, who is just two months away from his inauguration, woke up Saturday morning with a pressing concern on his mind.\n\nNo, it wasn't about the violence being carried out in his name, nor did it concern how to deliver his election policies amid a wave of protests across ...",
                "date": "2016-11-19",
                "id": "11699580",
                "isDuplicate": false,
                "lang": "eng",
                "sim": 0,
                "source": {
                    "id": "402",
                    "title": "The Huffington Post",
                    "uri": "www.huffingtonpost.com"
                },
                "time": "15:40:00",
                "title": "Donald Trump Is Really Upset Mike Pence Got Booed At 'Hamilton'",
                "uri": "550309775",
                "url": "http://www.huffingtonpost.com/entry/donald-trump-hamilton_us_5830607fe4b099512f8315f7",
                "wgt": 1
            },
            {
                "body": "\"It could drag his country and the wider world into deeper economic distress.\"\n\nChinese state media warned U.S. President-elect Donald Trump on Saturday against flip-flopping on trade deals in Asia, as Asia-Pacific leaders gathered for a summit amid fears that growing protectionism will stunt global ...",
                "date": "2016-11-19",
                "id": "11695828",
                "isDuplicate": false,
                "lang": "eng",
                "sim": 0,
                "source": {
                    "id": "402",
                    "title": "The Huffington Post",
                    "uri": "www.huffingtonpost.com"
                },
                "time": "14:41:00",
                "title": "China State Media Warns Trump Against Renouncing Free Trade Deals",
                "uri": "550292481",
                "url": "http://www.huffingtonpost.com/entry/china-state-media-warn-trump_us_583062d1e4b030997bbfaf19",
                "wgt": 1
            },
            {
                "body": "A Maryland grandmother managed to make a 911 call as a 200-pound black bear mauled her.\n\nKaren Osborne quietly pleaded with a Frederick County 911 operator to \"please help me\" as she played dead outside her daughter's rural home in the Catoctin Mountains near Frederick just after 9 p.m. ...",
                "date": "2016-11-19",
                "id": "11690270",
                "isDuplicate": false,
                "lang": "eng",
                "sim": 0.5333333611488342,
                "source": {
                    "id": "402",
                    "title": "The Huffington Post",
                    "uri": "www.huffingtonpost.com"
                },
                "time": "14:27:00",
                "title": "Grandmother Makes Harrowing 911 Call During Bear Attack",
                "uri": "550283601",
                "url": "http://www.huffingtonpost.com/entry/911-call-bear-attack_us_5830357ce4b099512f83121a",
                "wgt": 1
            },
            {
                "body": "WASHINGTON -- In a 2006 speech on the floor of the U.S. Senate, Sen. Jeff Sessions (R-Ala.), President-elect Donald Trump's nominee to be the next attorney general, castigated a subset of Latino immigrants as useless to American society.\n\nThe speech Sessions gave, which came during the debate over ...",
                "date": "2016-11-19",
                "id": "11682683",
                "isDuplicate": false,
                "lang": "eng",
                "sim": 0.6196078658103943,
                "source": {
                    "id": "402",
                    "title": "The Huffington Post",
                    "uri": "www.huffingtonpost.com"
                },
                "time": "13:27:00",
                "title": "Donald Trump's Attorney General Nominee Wrote Off Nearly All Immigrants From An Entire Country",
                "uri": "550263636",
                "url": "http://www.huffingtonpost.com/entry/jeff-sessions-dominican-immigrants_us_582f9d14e4b030997bbf8ded",
                "wgt": 1
            },
            {
                "body": "WASHINGTON -- President-elect Donald Trump could blow a giant hole in Obamacare on his first day in office without even waiting for the Republican-led Congress to repeal the Affordable Care Act. The question is: Does he want to?\n\nAs president, Trump will have the authority to immediately cut off a ...",
                "date": "2016-11-19",
                "id": "11682681",
                "isDuplicate": false,
                "lang": "eng",
                "sim": 0.5607843399047852,
                "source": {
                    "id": "402",
                    "title": "The Huffington Post",
                    "uri": "www.huffingtonpost.com"
                },
                "time": "13:27:00",
                "title": "How Trump Could Devastate Obamacare By Barely Lifting A Finger",
                "uri": "550263638",
                "url": "http://www.huffingtonpost.com/entry/donald-trump-obamacare-subsidies_us_582f72b1e4b030997bbf6a92",
                "wgt": 1
            },
            {
                "body": "WASHINGTON - After responsible stewardship of the nuclear arsenal, perhaps the most import role an American president sets is setting a tone that guides how millions of people will act.\n\nIn the aftermath of the election of Donald Trump, acts of violence and intimidation against the groups that he ...",
                "date": "2016-11-19",
                "id": "11682661",
                "isDuplicate": false,
                "lang": "eng",
                "sim": 0,
                "source": {
                    "id": "402",
                    "title": "The Huffington Post",
                    "uri": "www.huffingtonpost.com"
                },
                "time": "13:27:00",
                "title": "Teachers Join With Southern Poverty Law Center To Tell Trump: Help Stop The Hate",
                "uri": "550263634",
                "url": "http://www.huffingtonpost.com/entry/teachers-join-with-southern-poverty-law-center-to-tell-trump-help-stop-the-hate_us_58304abbe4b099512f831273",
                "wgt": 1
            },
            {
                "body": "WASHINGTON -- The biggest potential conflict of interest for President-elect Donald Trump sits about half a mile away from the White House: The Trump International Hotel.\n\nThe Pennsylvania Avenue property occupies a federal building that the Trump Organization leases from the General Services ...",
                "date": "2016-11-19",
                "id": "11681934",
                "isDuplicate": false,
                "lang": "eng",
                "sim": 0,
                "source": {
                    "id": "402",
                    "title": "The Huffington Post",
                    "uri": "www.huffingtonpost.com"
                },
                "time": "13:10:00",
                "title": "Trump's Biggest Conflict Of Interest Is A Half Mile From The White House",
                "uri": "550261666",
                "url": "http://www.huffingtonpost.com/entry/donald-trump-conflict-of-interest_us_582f578be4b058ce7aaaf3c0",
                "wgt": 1
            },
            {
                "body": "With her two brothers, Don Jr. and Eric, Ivanka has taken the reins of her father's vast global business empire through a so-called blind trust. (It is not a blind trust.) At the same time, the three adult children are on Trump's transition team, giving him advice and, apparently, meeting with ...",
                "date": "2016-11-19",
                "id": "11674449",
                "isDuplicate": false,
                "lang": "eng",
                "sim": 0.5529412031173706,
                "source": {
                    "id": "402",
                    "title": "The Huffington Post",
                    "uri": "www.huffingtonpost.com"
                },
                "time": "12:15:00",
                "title": "Donald Trump's Potential Conflicts of Interest Continue To Mount",
                "uri": "550241295",
                "url": "http://www.huffingtonpost.com/entry/donald-trump-conflict-of-interest_us_582f8e62e4b030997bbf83a2",
                "wgt": 1
            },
            {
                "body": "After auctioning off a portrait of himself for $26,000, Colbert went on his show and announced that Jimmy Fallon had agreed to match those funds. Only problem was, he never told Jimmy he was going to do that. As Fallon explained in an interview with our own Arianna, \"Literally he did not call me or ...",
                "date": "2016-11-19",
                "id": "11663761",
                "isDuplicate": false,
                "lang": "eng",
                "sim": 0,
                "source": {
                    "id": "402",
                    "title": "The Huffington Post",
                    "uri": "www.huffingtonpost.com"
                },
                "time": "10:42:00",
                "title": "William H. Macy And Stephen Colbert Call A Family Meeting For America",
                "uri": "550210206",
                "url": "http://www.huffingtonpost.com/entry/william-h-macy-stephen-colbert-dad-talk_us_58301ec0e4b030997bbfa61c",
                "wgt": 1
            },
            {
                "body": "Donald Trump's Environment Guy Doesn't Believe In Climate Change \"There has been a little bit of warming ... but it's been very modest and well within the range for natural variability, and whether it's caused by human beings or not, it's nothing to worry about,\" Ebell told Vanity Fair in ...",
                "date": "2016-11-19",
                "id": "11660014",
                "isDuplicate": true,
                "lang": "eng",
                "sim": 0,
                "source": {
                    "id": "402",
                    "title": "The Huffington Post",
                    "uri": "www.huffingtonpost.com"
                },
                "time": "10:11:00",
                "title": "Stephen Colbert Begs People To Stop Mocking World Leaders",
                "uri": "550201438",
                "url": "http://www.huffingtonpost.com/entry/stephen-colbert-diplomatic-shaming_us_583007a3e4b058ce7aab5387",
                "wgt": 1
            },
            {
                "body": "Donald Trump's Environment Guy Doesn't Believe In Climate Change \"There has been a little bit of warming ... but it's been very modest and well within the range for natural variability, and whether it's caused by human beings or not, it's nothing to worry about,\" Ebell told Vanity Fair in ...",
                "date": "2016-11-19",
                "id": "11658684",
                "isDuplicate": false,
                "lang": "eng",
                "sim": 0,
                "source": {
                    "id": "402",
                    "title": "The Huffington Post",
                    "uri": "www.huffingtonpost.com"
                },
                "time": "09:58:00",
                "title": "Stephen Colbert Begs People To Stop Mocking World Leaders",
                "uri": "550195685",
                "url": "http://www.huffingtonpost.com/entry/stephen-colbert-diplomatic-shaming_us_583007a3e4b058ce7aab5387",
                "wgt": 1
            },
            {
                "body": "Twitter users are imagining what could be Vice President-elect Mike Pence's favorite musicals, following his eventful evening watching \"Hamilton.\"\n\nThe Indiana governor was widely booed on entering the Richard Rogers Theater in New York City on Friday night, and the Broadway show's cast addressed ...",
                "date": "2016-11-19",
                "id": "11649749",
                "isDuplicate": false,
                "lang": "eng",
                "sim": 0,
                "source": {
                    "id": "402",
                    "title": "The Huffington Post",
                    "uri": "www.huffingtonpost.com"
                },
                "time": "08:39:00",
                "title": "'Hamilton' Boos Prompts Twitter Users To #NameAPenceMusical",
                "uri": "550169000",
                "url": "http://www.huffingtonpost.com/entry/mike-pence-musical-twitter_us_582ff7f0e4b030997bbfa134",
                "wgt": 1
            },
            {
                "body": "\"We are the diverse America, who are alarmed and anxious that your new administration will not protect us.\"\n\nThe cast of \"Hamilton\" didn't throw away their shot to speak directly to a very important member of their audience Friday night: Vice President-elect Mike Pence.\n\nAs Pence, who was booed ...",
                "date": "2016-11-19",
                "id": "11641256",
                "isDuplicate": false,
                "lang": "eng",
                "sim": 0.658823549747467,
                "source": {
                    "id": "402",
                    "title": "The Huffington Post",
                    "uri": "www.huffingtonpost.com"
                },
                "time": "07:18:00",
                "title": "Watch The 'Hamilton' Cast Deliver A Powerful Message To Mike Pence",
                "uri": "550138852",
                "url": "http://www.huffingtonpost.com/entry/hamilton-cast-speech-mike-pence_us_582fccd7e4b058ce7aab4c6f",
                "wgt": 1
            },
            {
                "body": "Fortune cookie fortunes can range from ominous to uplifting to downright hilarious. And now, you can be the voice of wisdom inside those sugary folded treats.\n\nPeople from all around the world are submitting their own tidbits of advice to the Museum of Food and Drink in New York City, where they ...",
                "date": "2016-11-19",
                "id": "11627072",
                "isDuplicate": false,
                "lang": "eng",
                "sim": 0,
                "source": {
                    "id": "402",
                    "title": "The Huffington Post",
                    "uri": "www.huffingtonpost.com"
                },
                "time": "04:43:00",
                "title": "You Can Write A Fortune Cookie For A Stranger Right Here, Right Now",
                "uri": "550092224",
                "url": "http://www.huffingtonpost.com/entry/fortune-cookie-museum-of-food-and-drink_us_582fa5a0e4b030997bbf8f25",
                "wgt": 1
            },
            {
                "body": "We are deeply saddened to announce Sharon Jones passed away today. More details at https://t.co/MAag8tYrE3 -- Sharon Jones (@sharonjones)\n\nJones \"was surrounded by her loved ones, including the Dap-Kings. Thank you for your prayers and thoughts during this difficult time,\" a statement posted to the ...",
                "date": "2016-11-19",
                "id": "11622208",
                "isDuplicate": false,
                "lang": "eng",
                "sim": 0,
                "source": {
                    "id": "402",
                    "title": "The Huffington Post",
                    "uri": "www.huffingtonpost.com"
                },
                "time": "03:58:00",
                "title": "Titan Of Soul Sharon Jones Dies At 60 From Cancer",
                "uri": "550084689",
                "url": "http://www.huffingtonpost.com/entry/sharon-jones-dead_us_582fb10be4b030997bbf9081",
                "wgt": 1
            },
            {
                "body": "Adam Yauch stood for tolerance. Call 911 if you see vandalism, harassment or hateful acts. #NotInOurCity https://t.co/scpiFTkNix -- NYC Mayor's Office (@NYCMayorsOffice)\n\nThe defacing of Yauch's memorial park follows a number of anti-Semitic, racist and hateful acts that have been reported in the ...",
                "date": "2016-11-19",
                "id": "11619337",
                "isDuplicate": false,
                "lang": "eng",
                "sim": 0,
                "source": {
                    "id": "402",
                    "title": "The Huffington Post",
                    "uri": "www.huffingtonpost.com"
                },
                "time": "03:23:00",
                "title": "'Go Trump,' Swastikas Spray-Painted At Beastie Boy's Memorial Park",
                "uri": "550076593",
                "url": "http://www.huffingtonpost.com/entry/adam-yauch-park-trump-graffiti_us_582fa51ce4b058ce7aab3da2",
                "wgt": 1
            },
            {
                "body": "A week ahead of the deadline, the Consumer Financial Protection Bureau on Friday appealed a court ruling that could leave the independent watchdog vulnerable to the whims of President-elect Donald Trump.\n\nThe financial agency had until next Friday to contest an October decision that essentially left ...",
                "date": "2016-11-19",
                "id": "11615337",
                "isDuplicate": false,
                "lang": "eng",
                "sim": 0.6078431606292725,
                "source": {
                    "id": "402",
                    "title": "The Huffington Post",
                    "uri": "www.huffingtonpost.com"
                },
                "time": "02:30:00",
                "title": "Consumer Watchdog Runs Against The Clock To Save Itself From Donald Trump",
                "uri": "550064499",
                "url": "http://www.huffingtonpost.com/entry/cfpb-appeal_us_582f7a42e4b058ce7aab2340",
                "wgt": 1
            },
            {
                "body": "The suspect was rushed to an area hospital where he was pronounced deceased. Chief Belmar will address the media shortly with more details. -- St. Louis County PD (@stlcountypd)\n\n\"It was almost as if a full investigation had been wrapped up and a conclusion was reached in less than an hour,\" Marlene ...",
                "date": "2016-11-19",
                "id": "11613571",
                "isDuplicate": false,
                "lang": "eng",
                "sim": 0,
                "source": {
                    "id": "402",
                    "title": "The Huffington Post",
                    "uri": "www.huffingtonpost.com"
                },
                "time": "02:07:00",
                "title": "Family Of Man Killed By Off-Duty Cop In July Presses For Answers",
                "uri": "550058313",
                "url": "http://www.huffingtonpost.com/entry/tyler-gebhard-family_us_582f4b90e4b058ce7aaade48",
                "wgt": 1
            },
            {
                "body": "Trying to have any meaningful discussion about the climate change crisis with someone who rejects mainstream science is a recipe for frustration.\n\nAnd with a president-elect who has said climate change is \"bullshit\" and a \"hoax,\" it's likely many family holiday celebrations this year will include ...",
                "date": "2016-11-19",
                "id": "11611061",
                "isDuplicate": false,
                "lang": "eng",
                "sim": 0,
                "source": {
                    "id": "402",
                    "title": "The Huffington Post",
                    "uri": "www.huffingtonpost.com"
                },
                "time": "01:39:00",
                "title": "6 Graphics To Show To Your Climate-Denying Uncle This Thanksgiving",
                "uri": "550051808",
                "url": "http://www.huffingtonpost.com/entry/visuals-for-climate-change-deniers_us_582e4797e4b099512f820c39",
                "wgt": 1
            },
            {
                "body": "The divorce rate -- represented as the number of divorces per 1,000 married women aged 15 and older -- was 16.9 divorces per 1,000 married women in 2015, a slight dip from the divorce rate of 17.6 in 2014. The rate is down 25 percent from 1980, according to the report, which was released by Bowling ...",
                "date": "2016-11-19",
                "id": "11610677",
                "isDuplicate": false,
                "lang": "eng",
                "sim": 0,
                "source": {
                    "id": "402",
                    "title": "The Huffington Post",
                    "uri": "www.huffingtonpost.com"
                },
                "time": "01:35:00",
                "title": "Here's Some Surprisingly Positive News About Marriage In The U.S.",
                "uri": "550049756",
                "url": "http://www.huffingtonpost.com/entry/divorce-rate-2015_us_582f70dee4b058ce7aab180f",
                "wgt": 1
            },
            {
                "body": "\"We awoke on November 9th to a chilling wakeup call,\" the school's Muslim Students Association page wrote on Facebook. \"And as we open our eyes and start to move and organize in the face of these new realities, we ask for your support.\"\n\nThe school was hit again roughly a week later. On Thursday, ...",
                "date": "2016-11-19",
                "id": "11606510",
                "isDuplicate": false,
                "lang": "eng",
                "sim": 0,
                "source": {
                    "id": "402",
                    "title": "The Huffington Post",
                    "uri": "www.huffingtonpost.com"
                },
                "time": "00:53:00",
                "title": "America's Schools Have Been Hit With Bigotry And Anti-Semitism Since Election Day",
                "uri": "550039321",
                "url": "http://www.huffingtonpost.com/entry/americas-schools-have-been-hit-with-bigotry-and-anti-semitism-since-election-day_us_582f5c86e4b099512f82b5e4",
                "wgt": 1
            },
            {
                "body": "The EKD's \"Judenmission,\" or Mission to the Jews, was largely abandoned in the years following the Holocaust. But as Lutherans around the world prepare for the 500th anniversary of the Protestant Reformation on October 31, 2017, the EKD is renewing its attempts to officially renounce the ...",
                "date": "2016-11-19",
                "id": "11606459",
                "isDuplicate": false,
                "lang": "eng",
                "sim": 0,
                "source": {
                    "id": "402",
                    "title": "The Huffington Post",
                    "uri": "www.huffingtonpost.com"
                },
                "time": "00:53:00",
                "title": "German Evangelical Church Renounces Anti-Semitic Mission To Convert Jews",
                "uri": "550033157",
                "url": "http://www.huffingtonpost.com/entry/germany-lutheran-anti-semitism_us_582f5a01e4b099512f82b091",
                "wgt": 1
            },
            {
                "body": "Extremism is not a word I like to associate myself with. I view extremism from any side and every side as the antithesis of intellectualism and enlightenment.\n\nI challenge myself on a regular basis to see every angle of an argument, especially when it's easy to pick a side.\n\nTrump's election was ...",
                "date": "2016-11-19",
                "id": "11604068",
                "isDuplicate": false,
                "lang": "eng",
                "sim": 0,
                "source": {
                    "id": "402",
                    "title": "The Huffington Post",
                    "uri": "www.huffingtonpost.com"
                },
                "time": "00:34:00",
                "title": "Trump's Win Has Turned Me Into An Extremist",
                "uri": "550033288",
                "url": "http://www.huffingtonpost.com/mona-shadia/trumps-win-has-turned-me-_b_13064300.html",
                "wgt": 1
            },
            {
                "body": "BRUSSELS --- Do the news media enjoy the confidence of anyone these days? In the United States mistrust was on the rise even before the recent presidential campaign. Elsewhere, news organizations are often seen as tools of political and financial elites, with little allegiance to the broader public. ...",
                "date": "2016-11-19",
                "id": "11603433",
                "isDuplicate": false,
                "lang": "eng",
                "sim": 0,
                "source": {
                    "id": "402",
                    "title": "The Huffington Post",
                    "uri": "www.huffingtonpost.com"
                },
                "time": "00:30:00",
                "title": "News Media's Role In Conflict",
                "uri": "550031680",
                "url": "http://www.huffingtonpost.com/philip-seib/news-medias-role-in-confl_b_13077970.html",
                "wgt": 1
            },
            {
                "body": "On November 10, 2016, the court rejected the government and fossil fuel industry's arguments to throw the case out. Now, the youth co-plaintiffs and the non-profit Earth Guardians are headed to a trial that may be a turning point in United States history.\n\nThe future of the climate is in dire ...",
                "date": "2016-11-19",
                "id": "11602589",
                "isDuplicate": false,
                "lang": "eng",
                "sim": 0,
                "source": {
                    "id": "402",
                    "title": "The Huffington Post",
                    "uri": "www.huffingtonpost.com"
                },
                "time": "00:23:00",
                "title": "Teens Suing Obama For Causing Climate Change",
                "uri": "550029383",
                "url": "http://www.huffingtonpost.com/zac-thompson/teens-suing-obama-for-cau_b_13081092.html",
                "wgt": 1
            },
            {
                "body": "One of the hallmarks of American democracy is the peaceful transition of power from one Administration to the next. With that transition comes a transfer of knowledge and resources to ensure continuity in essential government programs. Among these are global health initiatives that have garnered ...",
                "date": "2016-11-19",
                "id": "11602336",
                "isDuplicate": false,
                "lang": "eng",
                "sim": 0.4509803950786591,
                "source": {
                    "id": "402",
                    "title": "The Huffington Post",
                    "uri": "www.huffingtonpost.com"
                },
                "time": "00:21:00",
                "title": "5 Ways The Trump Administration Can Maintain U.S. Leadership In Global Health",
                "uri": "550028775",
                "url": "http://www.huffingtonpost.com/jeffrey-l-sturchio/5-ways-the-trump-administration-can-maintain_b_12993680.html",
                "wgt": 1
            },
            {
                "body": "Despite an abundance of sun and wind, Caribbean islands have implemented relatively low amounts of renewables to date, as a result of several barriers, such as long-term fossil fuel contracts and issues with local permitting. As a consequence, Caribbean countries spend a large portion of their GDP ...",
                "date": "2016-11-19",
                "id": "11602164",
                "isDuplicate": false,
                "lang": "eng",
                "sim": 0,
                "source": {
                    "id": "402",
                    "title": "The Huffington Post",
                    "uri": "www.huffingtonpost.com"
                },
                "time": "00:20:00",
                "title": "The Enormous Opportunity Of Renewable Energy",
                "uri": "550028429",
                "url": "http://www.huffingtonpost.com/richard-branson/the-enormous-opportunity-_b_13078760.html",
                "wgt": 1
            },
            {
                "body": "The irony of U.S. President-elect Donald Trump's \"America First\" policy is that it could end the budding new Cold War that has been developing between the West and Russia and China. His non-ideological, deal-making approach, which doesn't challenge how the Russians and Chinese govern themselves, ...",
                "date": "2016-11-19",
                "id": "11601797",
                "isDuplicate": false,
                "lang": "eng",
                "sim": 0,
                "source": {
                    "id": "402",
                    "title": "The Huffington Post",
                    "uri": "www.huffingtonpost.com"
                },
                "time": "00:16:00",
                "title": "Weekend Roundup: Will Donald Trump End the New Cold War?",
                "uri": "550025209",
                "url": "http://www.huffingtonpost.com/entry/weekend-roundup-144_us_582e51f9e4b099512f82147e",
                "wgt": 1
            },
            {
                "body": "A Utah couple spent more than eight weeks in jail after authorities in Arkansas mistakenly identified bags of baking soda as cocaine and arrested them for allegedly transporting $300,000 worth of drugs, Salt Lake City's KUTV News reports.\n\nGale Griffin and her husband, Wendell Harvey, haul cargo for ...",
                "date": "2016-11-19",
                "id": "11601652",
                "isDuplicate": false,
                "lang": "eng",
                "sim": 0.6705882549285889,
                "source": {
                    "id": "402",
                    "title": "The Huffington Post",
                    "uri": "www.huffingtonpost.com"
                },
                "time": "00:15:00",
                "title": "Couple Spends 2 Months In Jail After Cops Mistake Baking Soda For Cocaine",
                "uri": "550025718",
                "url": "http://www.huffingtonpost.com/entry/police-mistake-baking-soda-cocaine-jail_us_582f6d43e4b030997bbf6508",
                "wgt": 1
            },
            {
                "body": "A street in Santa Clara, California, looked like a set for the remake of \"The Blob\" on Friday.\n\nA strange bubbling foam spilled out of an airport hangar around 11:30 a.m. and flowed into nearby streets. The fluffy mass ended up engulfing an entire parking lot, according to KTVU-TV.\n\nThe frothy sea ...",
                "date": "2016-11-19",
                "id": "11601060",
                "isDuplicate": false,
                "lang": "eng",
                "sim": 0.6078431606292725,
                "source": {
                    "id": "402",
                    "title": "The Huffington Post",
                    "uri": "www.huffingtonpost.com"
                },
                "time": "00:12:00",
                "title": "Mysterious Foam Spills Onto Street (And This Guy Can't Resist Riding His Bike)",
                "uri": "550025716",
                "url": "http://www.huffingtonpost.com/entry/foam-santa-clara_us_582f845ae4b058ce7aab2dad",
                "wgt": 1
            },
            {
                "body": "Drug reform advocates have a few concerns about President-elect Donald Trump's attorney general nomination.\n\nPresident-elect Donald Trump has nominated hardline drug policy reform opponent Sen. Jeff Sessions (R-Ala.) to be attorney general of the United States, a move that sent shockwaves through ...",
                "date": "2016-11-19",
                "id": "11601109",
                "isDuplicate": false,
                "lang": "eng",
                "sim": 0.7137255072593689,
                "source": {
                    "id": "402",
                    "title": "The Huffington Post",
                    "uri": "www.huffingtonpost.com"
                },
                "time": "00:12:00",
                "title": "Jeff Sessions Could Reverse Years Of Progress On Marijuana Policy",
                "uri": "550025719",
                "url": "http://www.huffingtonpost.com/entry/jeff-sessions-marijuana_us_582f58d5e4b030997bbf479c",
                "wgt": 1
            },
            {
                "body": "Carl Higbie, a prominent Trump supporter, defended the proposal this week, saying the imprisonment of Japanese-Americans during World War II had set a \"precedent.\"\n\nTrump has not defended these U.S. prison camps, but he invoked them while discussing his proposed Muslim ban on the campaign trail, and ...",
                "date": "2016-11-19",
                "id": "11601093",
                "isDuplicate": false,
                "lang": "eng",
                "sim": 0.501960813999176,
                "source": {
                    "id": "402",
                    "title": "The Huffington Post",
                    "uri": "www.huffingtonpost.com"
                },
                "time": "00:12:00",
                "title": "This Is What It Means To Imprison A Whole Category Of People",
                "uri": "550025717",
                "url": "http://www.huffingtonpost.com/entry/japanese-american-incarceration-muslims_us_582f7cebe4b099512f82deb6",
                "wgt": 1
            }
        ],
        "totalResults": 77
    }
}