{
    "articles": {
        "count": 81,
        "page": 1,
        "pages": 1,
        "results": [
            {
                "body": "As the AI era continues to unfold, the idea of a future driven by artificial intelligence can evoke mixed emotions. Microsoft (NASDAQ: MSFT) co-founder and Chairman Bill Gates referred to AI as the \"holy grail\" in computer science. On the other hand, and taking a far more apocalyptic perspective, ...",
                "date": "2016-12-10",
                "id": "3489611",
                "isDuplicate": false,
                "lang": "eng",
                "sim": 0.9450980424880981,
                "source": {
                    "id": "436",
                    "title": "The Daily Caller",
                    "uri": "dailycaller.com"
                },
                "time": "22:49:00",
                "title": "9 Artificial Intelligence Stats That Will Blow You Away",
                "uri": "563410568",
                "url": "http://dailycaller.com/2016/12/10/9-artificial-intelligence-stats-that-will-blow-you-away/",
                "wgt": 1
            },
            {
                "body": "Equipping Americans to defend what makes the U.S. great, Prager University is a highly successful online think tank that has a knack for creating short, sharp, animated videos that distill complex ideas to their essence.\n\nConservative radio show host Dennis Prager believes these videos can \"change ...",
                "date": "2016-12-10",
                "id": "3489535",
                "isDuplicate": false,
                "lang": "eng",
                "sim": 0,
                "source": {
                    "id": "436",
                    "title": "The Daily Caller",
                    "uri": "dailycaller.com"
                },
                "time": "22:47:00",
                "title": "Sharp YouTube Videos Demolish Progressive Ideology, And The Left Isn't Happy [VIDEO]",
                "uri": "563410321",
                "url": "http://dailycaller.com/2016/12/10/sharp-youtube-videos-demolish-progressive-ideology-and-the-left-isnt-happy-video/",
                "wgt": 1
            },
            {
                "body": "Democratic Congresswoman Says U.S. Is Funding And Arming ISIS\n\nDemocratic Rep. Tulsi Gabbard said on Twitter Saturday that the United States is funding and arming Al-Qaeda and the Islamic State.\n\n\"If you or I gave money, weapons or support to al-Qaeda or ISIS, we would be thrown in jail. Why does ...",
                "date": "2016-12-10",
                "id": "3486579",
                "isDuplicate": false,
                "lang": "eng",
                "sim": 0.7333333492279053,
                "source": {
                    "id": "436",
                    "title": "The Daily Caller",
                    "uri": "dailycaller.com"
                },
                "time": "22:16:00",
                "title": "Democratic Congresswoman Says U.S. Is Funding And Arming ISIS",
                "uri": "563402267",
                "url": "http://dailycaller.com/2016/12/10/democratic-congresswoman-says-u-s-is-funding-and-arming-isis/",
                "wgt": 1
            },
            {
                "body": "Tucker Carlson wasn't allowing Washington Post columnist Jennifer Rubin to make blanket assumptions about Trump voters Friday night.\n\nThe host of \"Tucker Carlson Tonight\" challenged the self-styled \"on the right\" opinion writer to back up her suggestions that \"angry white males\" with racist opinions ...",
                "date": "2016-12-10",
                "id": "3483767",
                "isDuplicate": false,
                "lang": "eng",
                "sim": 0.5843137502670288,
                "source": {
                    "id": "436",
                    "title": "The Daily Caller",
                    "uri": "dailycaller.com"
                },
                "time": "21:46:00",
                "title": "Tucker Carlson Calls Out WaPo Columnist On Trump's 'Angry White Males' [VIDEO]",
                "uri": "563394247",
                "url": "http://dailycaller.com/2016/12/10/tucker-carlson-calls-out-wapo-columnist-on-trumps-angry-white-males-video/",
                "wgt": 1
            },
            {
                "body": "HuffPo Wildly Asserts Federal Courts Could 'Install' Clinton As President Because Russia\n\nThe courts could legally \"install\" Hillary Clinton as president instead of Donald Trump, because of Russia's alleged interference in the election, The Huffington Post asserted in a story Friday.\n\nSeizing on a ...",
                "date": "2016-12-10",
                "id": "3483765",
                "isDuplicate": false,
                "lang": "eng",
                "sim": 0,
                "source": {
                    "id": "436",
                    "title": "The Daily Caller",
                    "uri": "dailycaller.com"
                },
                "time": "21:46:00",
                "title": "HuffPo Wildly Asserts Federal Courts Could 'Install' Clinton As President Because Russia",
                "uri": "563394246",
                "url": "http://dailycaller.com/2016/12/10/peak-huffpo-courts-could-legally-install-clinton-as-president-because-of-russian-interference/",
                "wgt": 1
            },
            {
                "body": "California Prof Calls Trump's Election An 'Act of Terrorism,' Student Who Took Video Gets Legal Threat\n\nA professor at Orange Coast College in California went on an anti-Donald Trump rant in one of her classes and called his election as president \"an act of terrorism.\" Now the student who took the ...",
                "date": "2016-12-10",
                "id": "3481773",
                "isDuplicate": false,
                "lang": "eng",
                "sim": 0.7098039388656616,
                "source": {
                    "id": "436",
                    "title": "The Daily Caller",
                    "uri": "dailycaller.com"
                },
                "time": "21:24:00",
                "title": "California Prof Calls Trump's Election An 'Act of Terrorism,' Student Who Took Video Gets Legal Threat",
                "uri": "563388719",
                "url": "http://dailycaller.com/2016/12/10/california-prof-calls-trumps-election-an-act-of-terrorism-student-who-took-video-gets-legal-threat/",
                "wgt": 1
            },
            {
                "body": "The Supreme Court of Arkansas ruled late this week that LGBT persons who are married to a child's birth parent but not biologically related to the child do not have a constitutional right to be listed on the child's birth certificate.\n\nThe plaintiffs were three married lesbian couples. All had ...",
                "date": "2016-12-10",
                "id": "3476590",
                "isDuplicate": false,
                "lang": "eng",
                "sim": 0.6745098233222961,
                "source": {
                    "id": "436",
                    "title": "The Daily Caller",
                    "uri": "dailycaller.com"
                },
                "time": "20:31:00",
                "title": "Arkansas Court OKs Leaving Lesbian Spouse Off Birth Certificate",
                "uri": "563373722",
                "url": "http://dailycaller.com/2016/12/10/arkansas-court-oks-leaving-lesbian-spouse-off-birth-certificate/",
                "wgt": 1
            },
            {
                "body": "Although Donald Trump's immigration policies could one day force him and his family out of the United States, Mexican citizen David Perez supports the president-elect's plan to crack down on enforcement and build a wall.\n\n\"What appeals to me about Trump is the same message that appeals to all ...",
                "date": "2016-12-10",
                "id": "3474174",
                "isDuplicate": false,
                "lang": "eng",
                "sim": 0,
                "source": {
                    "id": "436",
                    "title": "The Daily Caller",
                    "uri": "dailycaller.com"
                },
                "time": "20:08:00",
                "title": "A First-Gen Mexican Immigrant Explains Why He Wants Trump To Build A Wall",
                "uri": "563366868",
                "url": "http://dailycaller.com/2016/12/10/a-first-gen-mexican-immigrant-explains-why-he-wants-trump-to-build-a-wall/",
                "wgt": 1
            },
            {
                "body": "Consumers are fed up with their high cable bills. As the average cable bill rises, most pay-TV operators have seen their total subscribers decline. Some 486,000 subscribers cut the cord last quarter, according to MoffettNathanson.\n\nThose high cable bills are the result of tensions between pay-TV ...",
                "date": "2016-12-10",
                "id": "3470987",
                "isDuplicate": false,
                "lang": "eng",
                "sim": 0,
                "source": {
                    "id": "436",
                    "title": "The Daily Caller",
                    "uri": "dailycaller.com"
                },
                "time": "19:38:00",
                "title": "Streaming TV Will Put Pressure on Content Providers",
                "uri": "563356719",
                "url": "http://dailycaller.com/2016/12/10/streaming-tv-will-put-pressure-on-content-providers/",
                "wgt": 1
            },
            {
                "body": "Hopefully, you've been checking the Daily Dealer all Christmas season. (If you haven't, it's not too late to start!) Then surely you know that a product called Hillary's Hammer, this year's #1 stocking stuffer, is currently running a 12 Days of Hillary's Hammers promotion. If this is news to you, ...",
                "date": "2016-12-10",
                "id": "3470970",
                "isDuplicate": false,
                "lang": "eng",
                "sim": 0,
                "source": {
                    "id": "436",
                    "title": "The Daily Caller",
                    "uri": "dailycaller.com"
                },
                "time": "19:38:00",
                "title": "EXCLUSIVE: Day 3 Of Hillary's Hammers, Best Deal Yet",
                "uri": "563356718",
                "url": "http://dailycaller.com/2016/12/10/hillarys-hammers-day3/",
                "wgt": 1
            },
            {
                "body": "I recently highlighted some key facts, top stocks, and market trends in the retail sector. However, I also noted that the sector can be a minefield for investors, due to fickle consumer tastes, tough competition, and e-commerce challenges. Today, I'll discuss two potential landmines investors should ...",
                "date": "2016-12-10",
                "id": "3470969",
                "isDuplicate": false,
                "lang": "eng",
                "sim": 0.9254902005195618,
                "source": {
                    "id": "436",
                    "title": "The Daily Caller",
                    "uri": "dailycaller.com"
                },
                "time": "19:38:00",
                "title": "2 Retail Stocks I'd Avoid at All Costs",
                "uri": "563356720",
                "url": "http://dailycaller.com/2016/12/10/2-retail-stocks-id-avoid-at-all-costs/",
                "wgt": 1
            },
            {
                "body": "The State Bar of Nevada, a public authority that regulates attorneys, temporarily suspended a lawyer's license to practice after accusing him of stealing millions of dollars from several clients.\n\nRob Graham of Lawyers West, Ltd., was ordered Nov. 17 to transfer more than $1 million he was managing ...",
                "date": "2016-12-10",
                "id": "3468503",
                "isDuplicate": false,
                "lang": "eng",
                "sim": 0,
                "source": {
                    "id": "436",
                    "title": "The Daily Caller",
                    "uri": "dailycaller.com"
                },
                "time": "19:15:00",
                "title": "Nevada State Bar Accuses Attorney Of Trying To Swindle Clients Out Of Millions",
                "uri": "563349971",
                "url": "http://dailycaller.com/2016/12/10/nevada-state-bar-accuses-attorney-of-trying-to-swindle-clients-out-of-millions/",
                "wgt": 1
            },
            {
                "body": "Former Vice President Al Gore will debut a sequel to his global warming film at the upcoming Sundance Film Festival about 10 years after \"An Inconvenient Truth\" hit theaters.\n\n\"Now more than ever we must rededicate ourselves to solving the climate crisis,\" Gore said in a statement to The Hollywood ...",
                "date": "2016-12-10",
                "id": "3457673",
                "isDuplicate": false,
                "lang": "eng",
                "sim": 0,
                "source": {
                    "id": "436",
                    "title": "The Daily Caller",
                    "uri": "dailycaller.com"
                },
                "time": "17:38:00",
                "title": "Al Gore's Film Sequel Needs To Address Several Inconvenient Facts",
                "uri": "563320258",
                "url": "http://dailycaller.com/2016/12/10/al-gores-film-sequel-needs-to-address-several-inconvenient-facts/",
                "wgt": 1
            },
            {
                "body": "EXCLUSIVE: EPA Won't Come Close To Meeting Federal Ethanol Law\n\nThe Environmental Protection Agency's (EPA) biofuels program will fall far short of its legally mandated targets by about 5 million gallons this year, according to new research by the right-leaning American Action Forum (AAF)\n\nAAF's ...",
                "date": "2016-12-10",
                "id": "3457665",
                "isDuplicate": false,
                "lang": "eng",
                "sim": 0,
                "source": {
                    "id": "436",
                    "title": "The Daily Caller",
                    "uri": "dailycaller.com"
                },
                "time": "17:38:00",
                "title": "EXCLUSIVE: EPA Won't Come Close To Meeting Federal Ethanol Law",
                "uri": "563320257",
                "url": "http://dailycaller.com/2016/12/10/exclusive-epa-wont-come-close-to-meeting-federal-ethanol-law/",
                "wgt": 1
            },
            {
                "body": "Rural America helped deliver the White House to President-elect Donald Trump in a big way, adding to the importance to name the right person to lead the Department of Agriculture (USDA).\n\nIf there's one thing we've learned about Trump, it's that his decisions defy expectations. Amid the speculation ...",
                "date": "2016-12-10",
                "id": "3455577",
                "isDuplicate": false,
                "lang": "eng",
                "sim": 0,
                "source": {
                    "id": "436",
                    "title": "The Daily Caller",
                    "uri": "dailycaller.com"
                },
                "time": "17:22:00",
                "title": "A Cowboy, A CEO, And A Senator Who Prays For Rain Top List For Trump's Agriculture Secretary",
                "uri": "563314677",
                "url": "http://dailycaller.com/2016/12/10/a-cowboy-a-ceo-and-a-senator-who-prays-for-rain-top-list-for-trumps-agriculture-secretary/",
                "wgt": 1
            },
            {
                "body": "The McLobster experiment. Image source: McDonald's.\n\nIn its 50-year history, McDonald's (NYSE: MCD) has grown to a massive scale, with recognition worldwide and nearly $25 billion in sales expected for 2016. While the company has cooked up a lot of customer-pleasing products to get to that point, ...",
                "date": "2016-12-10",
                "id": "3448985",
                "isDuplicate": false,
                "lang": "eng",
                "sim": 0.529411792755127,
                "source": {
                    "id": "436",
                    "title": "The Daily Caller",
                    "uri": "dailycaller.com"
                },
                "time": "16:31:00",
                "title": "The Biggest Flops in McDonald's History",
                "uri": "563297925",
                "url": "http://dailycaller.com/2016/12/10/the-biggest-flops-in-mcdonalds-history/",
                "wgt": 1
            },
            {
                "body": "RNC Spokesman Slams WaPo, NYT Reports -- The Russians Never Hacked Us [VIDEO]\n\nSean Spicer told CNN's Michael Smerconish Saturday morning that the reports claiming the Russian government hacked the Republican National Committee during the 2016 election are false.\n\nOn Friday, the Washington Post and ...",
                "date": "2016-12-10",
                "id": "3448967",
                "isDuplicate": false,
                "lang": "eng",
                "sim": 0.658823549747467,
                "source": {
                    "id": "436",
                    "title": "The Daily Caller",
                    "uri": "dailycaller.com"
                },
                "time": "16:31:00",
                "title": "RNC Spokesman Slams WaPo, NYT Reports  --  The Russians Never Hacked Us [VIDEO]",
                "uri": "563297924",
                "url": "http://dailycaller.com/2016/12/10/rnc-spokesman-slams-wp-nyt-report-the-russians-never-hacked-us-video/",
                "wgt": 1
            },
            {
                "body": "Jimmy Fallon wasn't very nice to Hillary Clinton during Monday night's edition of NBC's \"The Tonight Show.\"\n\nAfter invoking Chelsea Clinton's pregnancy announcement, Fallon mocked her mother, the former secretary of state and potential 2016 presidential contender, for dressing like a man.\n\n\"I want ...",
                "date": "2016-12-10",
                "id": "3445168",
                "isDuplicate": false,
                "lang": "eng",
                "sim": 0,
                "source": {
                    "id": "436",
                    "title": "The Daily Caller",
                    "uri": "dailycaller.com"
                },
                "time": "16:03:00",
                "title": "Jimmy Fallon mocks Hillary Clinton for dressing like a man",
                "uri": "562995745",
                "url": "http://dailycaller.com/2014/04/22/jimmy-fallon-mocks-hillary-clinton-for-dressing-like-a-man/",
                "wgt": 1
            },
            {
                "body": "Democrats and the White House are now saying Vladimir Putin's Russia \"interfered\" with the 2016 election to help President-elect Donald Trump, insisting Russia represents a major threat to the United States. But in 2012, this year's losing political party mocked then GOP nominee Mitt Romney for ...",
                "date": "2016-12-10",
                "id": "3443088",
                "isDuplicate": false,
                "lang": "eng",
                "sim": 0.6117647290229797,
                "source": {
                    "id": "436",
                    "title": "The Daily Caller",
                    "uri": "dailycaller.com"
                },
                "time": "15:45:00",
                "title": "FLASHBACK: Democrats Relentlessly Mock Romney For Calling Russia A Threat [VIDEO]",
                "uri": "563282320",
                "url": "http://dailycaller.com/2016/12/10/flashback-democrats-mocked-romney-for-calling-russia-a-threat-video/",
                "wgt": 1
            },
            {
                "body": "Japan is still \"hopeful\" that the all-but-buried Trans-Pacific Partnership (TPP) will survive the Trump administration, an adviser revealed. Japan is one of America's strongest allies in the Asia-Pacific, but there is one critical issue still casting uncertainty over the relationship.\n\n\"The TPP ...",
                "date": "2016-12-10",
                "id": "3443095",
                "isDuplicate": false,
                "lang": "eng",
                "sim": 0.6470588445663452,
                "source": {
                    "id": "436",
                    "title": "The Daily Caller",
                    "uri": "dailycaller.com"
                },
                "time": "15:45:00",
                "title": "Japanese Adviser To Tokyo: Trump's Views On TPP 'Misinformed'",
                "uri": "563282324",
                "url": "http://dailycaller.com/2016/12/10/japanese-adviser-to-tokyo-trumps-views-on-tpp-misinformed/",
                "wgt": 1
            },
            {
                "body": "A law passed by the Senate Thursday authorizes the Department of State to spend up to $20 million on media outlets to \"refute foreign disinformation.\"\n\nRepublican Ohio Sen. Rob Portman and Democratic Connecticut Sen. Chris Murphy introduced the Countering Disinformation and Propaganda Act in March ...",
                "date": "2016-12-10",
                "id": "3443084",
                "isDuplicate": false,
                "lang": "eng",
                "sim": 0,
                "source": {
                    "id": "436",
                    "title": "The Daily Caller",
                    "uri": "dailycaller.com"
                },
                "time": "15:45:00",
                "title": "Senate Passes Law Authorizing Feds To Spend Up To $20 Million Supporting 'Independent' Journalists",
                "uri": "563282321",
                "url": "http://dailycaller.com/2016/12/10/senate-passes-law-authorizing-feds-to-spend-up-to-20-million-supporting-independent-journalists/",
                "wgt": 1
            },
            {
                "body": "President-elect Donald Trump's pick for secretary of education vowed to end Common Core during a Trump \"thank you\" rally in Michigan.\n\nWhen Trump's transition announced billionaire GOP donor Betsy DeVos to lead the Education Department, it provoked some skepticism among anti-Common Core activists in ...",
                "date": "2016-12-10",
                "id": "3443094",
                "isDuplicate": false,
                "lang": "eng",
                "sim": 0.8823529481887817,
                "source": {
                    "id": "436",
                    "title": "The Daily Caller",
                    "uri": "dailycaller.com"
                },
                "time": "15:45:00",
                "title": "Trump Ed Sec Pick Promises To Stop Common Core At 'Thank You' Rally",
                "uri": "563282325",
                "url": "http://dailycaller.com/2016/12/10/trump-ed-sec-pick-promises-to-stop-common-core-at-thank-you-rally/",
                "wgt": 1
            },
            {
                "body": "The surgeon general slammed electronic cigarettes as a public health risk and advised a regulatory crackdown Thursday, despite helping longtime smokers quit.\n\nDr. Vivek Murthy said use of e- cigarettes is rising at an alarming rate and warns of negative health consequences from the inhalation of ...",
                "date": "2016-12-10",
                "id": "3439711",
                "isDuplicate": false,
                "lang": "eng",
                "sim": 0.8078431487083435,
                "source": {
                    "id": "436",
                    "title": "The Daily Caller",
                    "uri": "dailycaller.com"
                },
                "time": "15:14:00",
                "title": "Feds Ignore National Plunge In Smoking Rate, Sound Alarm On Vaping",
                "uri": "563272182",
                "url": "http://dailycaller.com/2016/12/10/feds-ignore-national-plunge-in-smoking-rate-sound-alarm-on-vaping/",
                "wgt": 1
            },
            {
                "body": "NYT Claims Collegiate Trump Backers Want 'Safe Spaces,' Offers No Examples\n\nThe New York Times claims that supporters of president-elect Donald Trump are seeking their own \"safe spaces\" on American campuses, despite an apparent lack of evidence.\n\n\"On Campus, Trump Fans Say They Need 'Safe Spaces'\" ...",
                "date": "2016-12-10",
                "id": "3439313",
                "isDuplicate": false,
                "lang": "eng",
                "sim": 0,
                "source": {
                    "id": "436",
                    "title": "The Daily Caller",
                    "uri": "dailycaller.com"
                },
                "time": "15:14:00",
                "title": "NYT Claims Collegiate Trump Backers Want 'Safe Spaces,' Offers No Examples",
                "uri": "563272181",
                "url": "http://dailycaller.com/2016/12/10/nyt-claims-collegiate-trump-backers-want-safe-spaces-offers-no-examples/",
                "wgt": 1
            },
            {
                "body": "A new study on Pennsylvania's nuclear industry paints a worrisome picture of what could be lost if reactors continues to be shut down.\n\nThe new research found that Pennsylvania's five nuclear plants account for 15,900 in-state, high paying, full-time jobs and generate $69 million in net state tax ...",
                "date": "2016-12-10",
                "id": "3437204",
                "isDuplicate": false,
                "lang": "eng",
                "sim": 0.6941176652908325,
                "source": {
                    "id": "436",
                    "title": "The Daily Caller",
                    "uri": "dailycaller.com"
                },
                "time": "14:58:00",
                "title": "New Report Makes The Case For Why We Shouldn't Let Nuclear Plants Shut Down",
                "uri": "563266669",
                "url": "http://dailycaller.com/2016/12/10/new-report-makes-the-case-for-why-we-shouldnt-let-nuclear-plants-shut-down/",
                "wgt": 1
            },
            {
                "body": "LAS VEGAS (AP) -- Lebanese immigrant Rima Fakih says it was a certain look from Donald Trump that tipped her off that she had won the 2010 Miss USA title.\n\nThe 24-year-old Miss Michigan beat out 50 other women to take the title Sunday night, despite nearly stumbling in her evening gown.\n\nShe told ...",
                "date": "2016-12-10",
                "id": "3398030",
                "isDuplicate": true,
                "lang": "eng",
                "sim": 0,
                "source": {
                    "id": "436",
                    "title": "The Daily Caller",
                    "uri": "dailycaller.com"
                },
                "time": "09:42:00",
                "title": "Arab-American from Michigan crowned 2010 Miss USA",
                "uri": "563161635",
                "url": "http://dailycaller.com/2010/05/16/miss-usa-hopefuls-take-stage-in-pageant-from-vegas/",
                "wgt": 1
            },
            {
                "body": "Kid Rock has joined the ranks with Dean Cain and other celebrities who called out Michael Moore and Seth Rogen after the two actors made comments criticizing Chris Kyle and the Clint Eastwood-directed film \"American Sniper.\"\n\nMoore criticized the film Sunday and said that he was raised to think ...",
                "date": "2016-12-10",
                "id": "3397683",
                "isDuplicate": true,
                "lang": "eng",
                "sim": 0,
                "source": {
                    "id": "436",
                    "title": "The Daily Caller",
                    "uri": "dailycaller.com"
                },
                "time": "09:38:00",
                "title": "Kid Rock On 'American Sniper' Criticism: 'F*** You Michael Moore'",
                "uri": "563160455",
                "url": "http://dailycaller.com/2015/01/22/kid-rock-on-american-sniper-criticism-f-you-michael-moore/",
                "wgt": 1
            },
            {
                "body": "Instagram Playboy Dan Bilzerian Keeps Loaded Guns In Every Room Of His House\n\nDan Bilzerian is a bearded trust-fund baby who has made his mark on Instagram -- garnering over 6 million followers and growing every day -- by regularly uploading photos of him surrounded by bare-breasted women and fast ...",
                "date": "2016-12-10",
                "id": "3397616",
                "isDuplicate": false,
                "lang": "eng",
                "sim": 0,
                "source": {
                    "id": "436",
                    "title": "The Daily Caller",
                    "uri": "dailycaller.com"
                },
                "time": "09:38:00",
                "title": "Instagram Playboy Dan Bilzerian Keeps Loaded Guns In Every Room Of His House",
                "uri": "562878475",
                "url": "http://dailycaller.com/2015/01/27/instagram-playboy-dan-bilzerian-keeps-loaded-guns-in-every-room-of-his-house/",
                "wgt": 1
            },
            {
                "body": "New York Gun Store To Close, Owner Blames Restrictive Gun Laws\n\nA New York gun dealer says he will shut down two stores he operates near Rochester and move to North Carolina because of onerous regulations on the sale of firearms and ammunition.\n\n\"The SAFE Act killed us in terms of business,\" Kordell ...",
                "date": "2016-12-10",
                "id": "3397609",
                "isDuplicate": true,
                "lang": "eng",
                "sim": 0,
                "source": {
                    "id": "436",
                    "title": "The Daily Caller",
                    "uri": "dailycaller.com"
                },
                "time": "09:38:00",
                "title": "New York Gun Store To Close, Owner Blames Restrictive Gun Laws",
                "uri": "563160456",
                "url": "http://dailycaller.com/2015/01/23/new-york-gun-store-to-close-owner-blames-restrictive-gun-laws/",
                "wgt": 1
            },
            {
                "body": "LAS VEGAS -- Josh Karrasch, a small business owner in Falls Church, Va., discovered quickly that making an honest living within the firearms industry does not prevent his bank account from being closed or from being kicked out of commercial real estate space.\n\nDespite favorable legal decisions, the ...",
                "date": "2016-12-10",
                "id": "3397607",
                "isDuplicate": false,
                "lang": "eng",
                "sim": 0,
                "source": {
                    "id": "436",
                    "title": "The Daily Caller",
                    "uri": "dailycaller.com"
                },
                "time": "09:38:00",
                "title": "Gun Businesses Seek Ways To Survive While Denied Basic Business Services",
                "uri": "563160457",
                "url": "http://dailycaller.com/2015/01/23/gun-businesses-seek-ways-to-survive-while-denied-basic-business-services/",
                "wgt": 1
            },
            {
                "body": "Rep. Steve King, Iowa Republican, handicapped the Republican 2012 field, calling the media attack against Herman Cain \"very disturbing\" and saying that the door is still open for another \"not-Romney\" candidate to emerge.\n\n\"In a few months it will take shape, and whether or not there is a ...",
                "date": "2016-12-10",
                "id": "3397588",
                "isDuplicate": true,
                "lang": "eng",
                "sim": 0,
                "source": {
                    "id": "436",
                    "title": "The Daily Caller",
                    "uri": "dailycaller.com"
                },
                "time": "09:38:00",
                "title": "Rep. Steve King handicaps the 2012 field",
                "uri": "563160454",
                "url": "http://dailycaller.com/2011/11/05/rep-steve-king-handicaps-the-2012-field/",
                "wgt": 1
            },
            {
                "body": "President Obama had it all wrong in his commencement address at the United States Coast Guard Academy in New London, Connecticut. He warned that climate change \"deniers\" endanger our national security - denying \"undermines the readiness of our forces.\"\n\nIn fact, climate change believers are the ...",
                "date": "2016-12-10",
                "id": "3395610",
                "isDuplicate": false,
                "lang": "eng",
                "sim": 0,
                "source": {
                    "id": "436",
                    "title": "The Daily Caller",
                    "uri": "dailycaller.com"
                },
                "time": "09:18:00",
                "title": "National Security, The Seattle Oil Rig, And Greenpeace's Dirty Money",
                "uri": "563130534",
                "url": "http://dailycaller.com/2015/05/25/national-security-the-seattle-oil-rig-and-greenpeaces-dirty-money/",
                "wgt": 1
            },
            {
                "body": "Oh what a wonderful opportunity this is, the jihadist attack upon Charlie Hebdo, for it brings together two hot-button issues for which Americans have been made to feel guilty for the past few years; bullying and torture.\n\nThe first, that our precious children are being bullied on the playground -- ...",
                "date": "2016-12-10",
                "id": "3395596",
                "isDuplicate": false,
                "lang": "eng",
                "sim": 0,
                "source": {
                    "id": "436",
                    "title": "The Daily Caller",
                    "uri": "dailycaller.com"
                },
                "time": "09:18:00",
                "title": "Crying Uncle To Jihadist Bullies",
                "uri": "563058382",
                "url": "http://dailycaller.com/2015/01/08/crying-uncle-to-jihadist-bullies/",
                "wgt": 1
            },
            {
                "body": "Soap opera actor and Iraq War veteran J.R. Martinez took home the trophy for the 13th season of \"Dancing with the Stars\" on Tuesday night.\n\nMartinez, 28, was severely wounded in combat when the Army Humvee he was driving hit a landmine when he was just 19 years old. He suffered burns on 40 percent ...",
                "date": "2016-12-10",
                "id": "3395584",
                "isDuplicate": false,
                "lang": "eng",
                "sim": 0,
                "source": {
                    "id": "436",
                    "title": "The Daily Caller",
                    "uri": "dailycaller.com"
                },
                "time": "09:18:00",
                "title": "Wounded Iraq War veteran wins 'Dancing with the Stars' [VIDEO]",
                "uri": "563058371",
                "url": "http://dailycaller.com/2011/11/23/wounded-iraq-war-veteran-wins-dancing-with-the-stars-video/",
                "wgt": 1
            },
            {
                "body": "Greetings all! Thanksgiving is past, so cue the Christmas music.\n\nIn between hunting for Black Friday deals, check out this list of Thanksgiving leftovers you might have missed while prepping your turkeys.\n\n1) Despite running as a fierce critic of the imperial executive, Obama has officially become ...",
                "date": "2016-12-10",
                "id": "3395572",
                "isDuplicate": false,
                "lang": "eng",
                "sim": 0,
                "source": {
                    "id": "436",
                    "title": "The Daily Caller",
                    "uri": "dailycaller.com"
                },
                "time": "09:18:00",
                "title": "Lagniappe: Black Friday Edition",
                "uri": "563154350",
                "url": "http://dailycaller.com/2014/11/28/lagniappe-black-friday-edition/",
                "wgt": 1
            },
            {
                "body": "Before Arnold Schwarzenegger was the Govenator, he starred in a movie \"Junior,\" where he was the subject of a fertility research program. What can he use as an excuse now? We now know he fathered a child with a member of his household staff ten years ago. This news prompted the separation from his ...",
                "date": "2016-12-10",
                "id": "3395570",
                "isDuplicate": false,
                "lang": "eng",
                "sim": 0,
                "source": {
                    "id": "436",
                    "title": "The Daily Caller",
                    "uri": "dailycaller.com"
                },
                "time": "09:18:00",
                "title": "Politicos turned baby daddies [SLIDESHOW]",
                "uri": "563058376",
                "url": "http://dailycaller.com/2011/05/17/politicos-turned-baby-daddies-slideshow/",
                "wgt": 1
            },
            {
                "body": "In my commentaries, I've not always been a fan of the Transportation Security Administration (TSA), especially when it comes to its privacy-invasive techniques and technologies. In fairness to the agency, however, the new, still-being-implemented Trusted Traveler program is focused, reasonable and ...",
                "date": "2016-12-10",
                "id": "3395522",
                "isDuplicate": false,
                "lang": "eng",
                "sim": 0,
                "source": {
                    "id": "436",
                    "title": "The Daily Caller",
                    "uri": "dailycaller.com"
                },
                "time": "09:18:00",
                "title": "TSA's Trusted Traveler program deserves encouragement",
                "uri": "562980505",
                "url": "http://dailycaller.com/2011/11/21/tsas-trusted-traveler-program-deserves-encouragement/",
                "wgt": 1
            },
            {
                "body": "LONDON (AP) -- Would a red-soled stiletto by any other name than Christian Louboutin look as sweet?\n\nCertainly not for the luxury French shoe designer, who passionately defended his court battle to protect his famous glossy red-soled shoes Monday.\n\nLouboutin was in London to open a museum exhibition ...",
                "date": "2016-12-10",
                "id": "3395536",
                "isDuplicate": false,
                "lang": "eng",
                "sim": 0,
                "source": {
                    "id": "436",
                    "title": "The Daily Caller",
                    "uri": "dailycaller.com"
                },
                "time": "09:18:00",
                "title": "Designer Louboutin hits back in red sole lawsuit",
                "uri": "563058383",
                "url": "http://dailycaller.com/2012/04/30/designer-louboutin-hits-back-in-red-sole-lawsuit/",
                "wgt": 1
            },
            {
                "body": "New York Gun Store To Close, Owner Blames Restrictive Gun Laws\n\nA New York gun dealer says he will shut down two stores he operates near Rochester and move to North Carolina because of onerous regulations on the sale of firearms and ammunition.\n\n\"The SAFE Act killed us in terms of business,\" Kordell ...",
                "date": "2016-12-10",
                "id": "3391674",
                "isDuplicate": false,
                "lang": "eng",
                "sim": 0,
                "source": {
                    "id": "436",
                    "title": "The Daily Caller",
                    "uri": "dailycaller.com"
                },
                "time": "08:44:00",
                "title": "New York Gun Store To Close, Owner Blames Restrictive Gun Laws",
                "uri": "563058378",
                "url": "http://dailycaller.com/2015/01/23/new-york-gun-store-to-close-owner-blames-restrictive-gun-laws/",
                "wgt": 1
            },
            {
                "body": "Congress has been in a constitutionally feisty mood lately. Shortly before taking off for its traditional Christmas recess, for example, it passed the annual defense authorization bill, which included a troubling provision that apparently permits the U.S. military to indefinitely detain anyone -- ...",
                "date": "2016-12-10",
                "id": "3391667",
                "isDuplicate": false,
                "lang": "eng",
                "sim": 0,
                "source": {
                    "id": "436",
                    "title": "The Daily Caller",
                    "uri": "dailycaller.com"
                },
                "time": "08:44:00",
                "title": "Stop Washington from censoring the Internet",
                "uri": "563058369",
                "url": "http://dailycaller.com/2011/12/30/stop-washington-from-censoring-the-internet/",
                "wgt": 1
            },
            {
                "body": "With Newsweek apparently unable, for some reason, to convince Rick Perry to sit for a photo shoot, Politico came up with an idea to knock him off stride. Specifically, this headline: \"Rick Perry backed an already-climate-crusading Al Gore in '88.\" You see, like Tim Pawlenty -- whose campaign was ...",
                "date": "2016-12-10",
                "id": "3389716",
                "isDuplicate": false,
                "lang": "eng",
                "sim": 0,
                "source": {
                    "id": "436",
                    "title": "The Daily Caller",
                    "uri": "dailycaller.com"
                },
                "time": "08:25:00",
                "title": "Politico's disingenuous attack on Rick Perry",
                "uri": "563071313",
                "url": "http://dailycaller.com/2011/08/16/politicos-disingenuous-attack-on-rick-perry/",
                "wgt": 1
            },
            {
                "body": "Republican senator and presidential candidate Marco Rubio is backing a bill that would triple the number of guest workers businesses could hire every year, after hundreds of workers in his state were fired and literally replaced by foreign guest workers.\n\nDisney, Southern California Edison and most ...",
                "date": "2016-12-10",
                "id": "3389691",
                "isDuplicate": false,
                "lang": "eng",
                "sim": 0,
                "source": {
                    "id": "436",
                    "title": "The Daily Caller",
                    "uri": "dailycaller.com"
                },
                "time": "08:24:00",
                "title": "As Floridians Are Displaced, Rubio Demands More Foreign Workers",
                "uri": "562960500",
                "url": "http://dailycaller.com/2015/05/19/as-floridians-are-displaced-rubio-demands-more-foreign-workers/",
                "wgt": 1
            },
            {
                "body": "LAS VEGAS (AP) -- Lebanese immigrant Rima Fakih says it was a certain look from Donald Trump that tipped her off that she had won the 2010 Miss USA title.\n\nThe 24-year-old Miss Michigan beat out 50 other women to take the title Sunday night, despite nearly stumbling in her evening gown.\n\nShe told ...",
                "date": "2016-12-10",
                "id": "3389718",
                "isDuplicate": false,
                "lang": "eng",
                "sim": 0,
                "source": {
                    "id": "436",
                    "title": "The Daily Caller",
                    "uri": "dailycaller.com"
                },
                "time": "08:24:00",
                "title": "Arab-American from Michigan crowned 2010 Miss USA",
                "uri": "562936506",
                "url": "http://dailycaller.com/2010/05/16/miss-usa-hopefuls-take-stage-in-pageant-from-vegas/",
                "wgt": 1
            },
            {
                "body": "When a member of the baby boomer generation like myself sees someone describe environmentalist author Ross Gelbspan as the \"Columbo of climate change,\" it's a bit sad that the description is basically lost on the younger generations who probably have no idea who Lieutenant Columbo was. I loved that ...",
                "date": "2016-12-10",
                "id": "3389696",
                "isDuplicate": false,
                "lang": "eng",
                "sim": 0,
                "source": {
                    "id": "436",
                    "title": "The Daily Caller",
                    "uri": "dailycaller.com"
                },
                "time": "08:24:00",
                "title": "Is the 'Columbo of climate change' someone who would rather avoid Columbo-like questions?",
                "uri": "563059330",
                "url": "http://dailycaller.com/2010/12/11/is-the-columbo-of-climate-change-someone-who-would-rather-avoid-columbo-like-questions/",
                "wgt": 1
            },
            {
                "body": "A new study out of the United Kingdom predicts the Earth is about to go through a major climatic shift that could mean decades of cooler temperatures and fewer hurricanes hitting the United States.\n\nScientists at the University of Southampton predict that a cooling of the Atlantic Ocean could cool ...",
                "date": "2016-12-10",
                "id": "3386714",
                "isDuplicate": true,
                "lang": "eng",
                "sim": 0,
                "source": {
                    "id": "436",
                    "title": "The Daily Caller",
                    "uri": "dailycaller.com"
                },
                "time": "08:02:00",
                "title": "Study Predicts Decades Of Global Cooling Ahead",
                "uri": "563130530",
                "url": "http://dailycaller.com/2015/05/28/study-predicts-decades-of-global-cooling-ahead/",
                "wgt": 1
            },
            {
                "body": "Pat O'Brien, the disgraced ex-anchor of \"The Insider,\" is returning from his fall from grace. The former CBS sportscaster and \"Access Hollywood\" co-host will combine the lessons learned from his years in TV and his struggle with alcoholism in an upcoming tell-all with biographer Andrew ...",
                "date": "2016-12-10",
                "id": "3386720",
                "isDuplicate": false,
                "lang": "eng",
                "sim": 0,
                "source": {
                    "id": "436",
                    "title": "The Daily Caller",
                    "uri": "dailycaller.com"
                },
                "time": "08:02:00",
                "title": "Pat O'Brien talks alcoholism, fake news in new book",
                "uri": "563093878",
                "url": "http://dailycaller.com/2010/07/05/pat-obrien-talks-alcoholism-fake-news-in-new-book/",
                "wgt": 1
            },
            {
                "body": "With the headlines dominated by the oil spill in the Gulf of Mexico, a controversial recess appointment, and Cold-war-era spy swaps, it is easy to lose sight of some important national security issues. How the government spends money is often the real policy more than press secretary statements. ...",
                "date": "2016-12-10",
                "id": "3374258",
                "isDuplicate": false,
                "lang": "eng",
                "sim": 0,
                "source": {
                    "id": "436",
                    "title": "The Daily Caller",
                    "uri": "dailycaller.com"
                },
                "time": "05:52:00",
                "title": "Obama's budget cuts hit key military programs",
                "uri": "562953817",
                "url": "http://dailycaller.com/2010/07/23/obamas-budget-cuts-hit-key-military-programs/",
                "wgt": 1
            },
            {
                "body": "The great thing about America is that a guy like me can follow his dreams and do what he loves to do and still support his family.\n\nI play poker for a living. Poker is not for everybody. Some people have the skill and the mathematical ability to be great at poker, and some people do not.\n\nI got my ...",
                "date": "2016-12-10",
                "id": "3374241",
                "isDuplicate": false,
                "lang": "eng",
                "sim": 0,
                "source": {
                    "id": "436",
                    "title": "The Daily Caller",
                    "uri": "dailycaller.com"
                },
                "time": "05:52:00",
                "title": "Freedom to play the game",
                "uri": "562687516",
                "url": "http://dailycaller.com/2010/02/15/freedom-to-play-the-game/",
                "wgt": 1
            },
            {
                "body": "On Nov. 29, 2009, Parade Magazine ran a piece on outdoor smoking bans. It posed an opinion poll to their readership on whether outdoor bans should be enacted. In its traditionally biased fashion, Parade notes the growth in such bans, pending legislation on outdoor smoking, and the proverbial ...",
                "date": "2016-12-10",
                "id": "3374219",
                "isDuplicate": false,
                "lang": "eng",
                "sim": 0,
                "source": {
                    "id": "436",
                    "title": "The Daily Caller",
                    "uri": "dailycaller.com"
                },
                "time": "05:52:00",
                "title": "Outdoor smoking bans next target for nannies",
                "uri": "562966186",
                "url": "http://dailycaller.com/2010/03/25/outdoor-smoking-bans-next-target-for-nannies/",
                "wgt": 1
            },
            {
                "body": "As the House Agriculture Committee prepares to vote Wednesday on a bill that would lift the travel ban on Cuba bolster the Castro regime with American tourism dollars, I remember the words of Alexander Solzhenitsyn, who wrote about the horrors of living in a Soviet gulag. Solzhenitsyn noted, \"We are ...",
                "date": "2016-12-10",
                "id": "3374199",
                "isDuplicate": true,
                "lang": "eng",
                "sim": 0,
                "source": {
                    "id": "436",
                    "title": "The Daily Caller",
                    "uri": "dailycaller.com"
                },
                "time": "05:52:00",
                "title": "Opening Cuba to travel a bailout for Castro",
                "uri": "563093882",
                "url": "http://dailycaller.com/2010/06/29/opening-cuba-to-travel-a-bailout-for-castro/",
                "wgt": 1
            },
            {
                "body": "Global temperature change observed over the last hundred years or so is well within the natural variability of the last 8,000 years, according to a new paper by a former Intergovernmental Panel On Climate Change (IPCC) lead author.\n\nDr. Philip Lloyd, a South Africa-based physicist and climate ...",
                "date": "2016-12-10",
                "id": "3374189",
                "isDuplicate": false,
                "lang": "eng",
                "sim": 0,
                "source": {
                    "id": "436",
                    "title": "The Daily Caller",
                    "uri": "dailycaller.com"
                },
                "time": "05:52:00",
                "title": "Former UN Lead Author: Global Warming Caused By 'Natural Variations' In Climate",
                "uri": "562908174",
                "url": "http://dailycaller.com/2015/05/22/former-un-lead-author-global-warming-caused-by-natural-variations-in-climate/",
                "wgt": 1
            },
            {
                "body": "By looking at my picture you would not think anything out of the ordinary, but under those nice clothes was a secret I kept for nearly three decades. At the time those pictures were taken almost ninety percent of my body was covered with eczema.\n\nTo the millions who suffer from this disease, I can ...",
                "date": "2016-12-10",
                "id": "3374180",
                "isDuplicate": false,
                "lang": "eng",
                "sim": 0,
                "source": {
                    "id": "436",
                    "title": "The Daily Caller",
                    "uri": "dailycaller.com"
                },
                "time": "05:52:00",
                "title": "Taming a disease with no mercy",
                "uri": "563076713",
                "url": "http://dailycaller.com/2010/05/03/taming-a-disease-with-no-mercy/",
                "wgt": 1
            },
            {
                "body": "According to a former aide, GOP presidential candidate Newt Gingrich pays for his impressive gaggle of Twitter followers -- a claim the campaign denies.\n\nAn anonymous former staffer spilled the beans to Gawker, saying the Gingrich campaign pays outside companies to generate Twitter followers. ...",
                "date": "2016-12-10",
                "id": "3374163",
                "isDuplicate": false,
                "lang": "eng",
                "sim": 0,
                "source": {
                    "id": "436",
                    "title": "The Daily Caller",
                    "uri": "dailycaller.com"
                },
                "time": "05:52:00",
                "title": "Former staffer says Gingrich pays for fake Twitter followers; campaign says 'untrue'",
                "uri": "563093876",
                "url": "http://dailycaller.com/2011/08/02/former-staffer-says-gingrich-pays-for-fake-twitter-followers-campaign-says-untrue/",
                "wgt": 1
            },
            {
                "body": "The Jordanian military published a video online Thursday of its F-16 fleet flying sorties and bombing ISIS in retaliation for the death of Jordanian pilot Moaz al-Kasasbe, who was burned to death in a video released by the militant group earlier this week.\n\nDozens of fighters bombed ISIS training ...",
                "date": "2016-12-10",
                "id": "3374160",
                "isDuplicate": false,
                "lang": "eng",
                "sim": 0,
                "source": {
                    "id": "436",
                    "title": "The Daily Caller",
                    "uri": "dailycaller.com"
                },
                "time": "05:52:00",
                "title": "AIR JORDAN: Country Releases Video Of Its F-16s Bombing ISIS [VIDEO]",
                "uri": "563075853",
                "url": "http://dailycaller.com/2015/02/05/air-jordan-country-releases-video-of-its-f-16s-bombing-isis-video/",
                "wgt": 1
            },
            {
                "body": "Longtime Hillary Clinton aide and former communications director for the Clinton campaign Jennifer Palmieri hinted at possible electoral college mischief in a tweet on Friday after a statement from President-elect Donald Trump seemed to rub her the wrong way.\n\n\"Wonder if [Trump] knows that electoral ...",
                "date": "2016-12-10",
                "id": "3373120",
                "isDuplicate": false,
                "lang": "eng",
                "sim": 0,
                "source": {
                    "id": "436",
                    "title": "The Daily Caller",
                    "uri": "dailycaller.com"
                },
                "time": "05:39:00",
                "title": "Clinton Aide Hints At Electoral College Mischief",
                "uri": "563087078",
                "url": "http://dailycaller.com/2016/12/10/clinton-aide-hints-at-electoral-college-mischief/",
                "wgt": 1
            },
            {
                "body": "'Glad That He Is White,' Kentucky Sheriff Says Of Suspect Shot By Deputies [VIDEO]\n\nA Kentucky sheriff said that if one of his deputies had to shoot somebody -- as happened Sunday morning -- he's glad that that somebody was white.\n\nNelson County Sheriff Ed Mattingly made the surprising admission ...",
                "date": "2016-12-10",
                "id": "3368007",
                "isDuplicate": false,
                "lang": "eng",
                "sim": 0,
                "source": {
                    "id": "436",
                    "title": "The Daily Caller",
                    "uri": "dailycaller.com"
                },
                "time": "04:47:00",
                "title": "'Glad That He Is White,' Kentucky Sheriff Says Of Suspect Shot By Deputies [VIDEO]",
                "uri": "562980506",
                "url": "http://dailycaller.com/2015/05/13/glad-that-he-is-white-kentucky-sheriff-says-of-suspect-shot-by-deputies-video/",
                "wgt": 1
            },
            {
                "body": "With Newsweek apparently unable, for some reason, to convince Rick Perry to sit for a photo shoot, Politico came up with an idea to knock him off stride. Specifically, this headline: \"Rick Perry backed an already-climate-crusading Al Gore in '88.\" You see, like Tim Pawlenty -- whose campaign was ...",
                "date": "2016-12-10",
                "id": "3366127",
                "isDuplicate": false,
                "lang": "eng",
                "sim": 0,
                "source": {
                    "id": "436",
                    "title": "The Daily Caller",
                    "uri": "dailycaller.com"
                },
                "time": "04:26:00",
                "title": "Politico's disingenuous attack on Rick Perry",
                "uri": "562973323",
                "url": "http://dailycaller.com/2011/08/16/politicos-disingenuous-attack-on-rick-perry/",
                "wgt": 1
            },
            {
                "body": "Bruce Jenner was driving his black Cadillac Escalade through Malibu around noon Saturday when he was involved in a four-car crash that left one person dead and several others injured.\n\nJenner was headed home on the Pacific Coast Highway when he rear-ended a woman driving a Lexus sedan, who had just ...",
                "date": "2016-12-10",
                "id": "3366095",
                "isDuplicate": false,
                "lang": "eng",
                "sim": 0,
                "source": {
                    "id": "436",
                    "title": "The Daily Caller",
                    "uri": "dailycaller.com"
                },
                "time": "04:26:00",
                "title": "Bruce Jenner Involved In Deadly Car Crash",
                "uri": "563058377",
                "url": "http://dailycaller.com/2015/02/08/bruce-jenner-involved-in-deadly-car-crash/",
                "wgt": 1
            },
            {
                "body": "Pat O'Brien, the disgraced ex-anchor of \"The Insider,\" is returning from his fall from grace. The former CBS sportscaster and \"Access Hollywood\" co-host will combine the lessons learned from his years in TV and his struggle with alcoholism in an upcoming tell-all with biographer Andrew ...",
                "date": "2016-12-10",
                "id": "3363181",
                "isDuplicate": false,
                "lang": "eng",
                "sim": 0,
                "source": {
                    "id": "436",
                    "title": "The Daily Caller",
                    "uri": "dailycaller.com"
                },
                "time": "04:03:00",
                "title": "Pat O'Brien talks alcoholism, fake news in new book",
                "uri": "562973324",
                "url": "http://dailycaller.com/2010/07/05/pat-obrien-talks-alcoholism-fake-news-in-new-book/",
                "wgt": 1
            },
            {
                "body": "Conservative European Parliament member Daniel Hannan recently sat down with TheDC's Ginni Thomas to explore the lessons the U.S. can learn from the tragic missteps of the European welfare state.\n\n\"By expanding welfare in the way that we have,\" Hannan said, \"we haven't just made ourselves poorer and ...",
                "date": "2016-12-10",
                "id": "3363187",
                "isDuplicate": false,
                "lang": "eng",
                "sim": 0,
                "source": {
                    "id": "436",
                    "title": "The Daily Caller",
                    "uri": "dailycaller.com"
                },
                "time": "04:03:00",
                "title": "Leaders with Ginni Thomas: Daniel Hannan on lessons from European welfare states",
                "uri": "562578446",
                "url": "http://dailycaller.com/2011/07/03/leaders-with-ginni-thomas-daniel-hannan-on-lessons-from-european-welfare-state/",
                "wgt": 1
            },
            {
                "body": "The 26-year-old announced she is expecting her third child with husband Dakota Meyer during an episode of \"Entertainment Tonight\" Friday.\n\n\"We are so excited to announce that our family is expanding!\" Palin said. \"God has blessed us so much; we are thankful for His grace and new beginnings. A ...",
                "date": "2016-12-10",
                "id": "3362865",
                "isDuplicate": false,
                "lang": "eng",
                "sim": 0.7843137383460999,
                "source": {
                    "id": "436",
                    "title": "The Daily Caller",
                    "uri": "dailycaller.com"
                },
                "time": "03:59:00",
                "title": "Bristol Palin Just Announced Some Huge News",
                "uri": "563058428",
                "url": "http://dailycaller.com/2016/12/09/bristol-palin-is-pregnant-with-her-third-child/",
                "wgt": 1
            },
            {
                "body": "President Obama had it all wrong in his commencement address at the United States Coast Guard Academy in New London, Connecticut. He warned that climate change \"deniers\" endanger our national security - denying \"undermines the readiness of our forces.\"\n\nIn fact, climate change believers are the ...",
                "date": "2016-12-10",
                "id": "3362863",
                "isDuplicate": false,
                "lang": "eng",
                "sim": 0,
                "source": {
                    "id": "436",
                    "title": "The Daily Caller",
                    "uri": "dailycaller.com"
                },
                "time": "03:59:00",
                "title": "National Security, The Seattle Oil Rig, And Greenpeace's Dirty Money",
                "uri": "562960489",
                "url": "http://dailycaller.com/2015/05/25/national-security-the-seattle-oil-rig-and-greenpeaces-dirty-money/",
                "wgt": 1
            },
            {
                "body": "What This Texas Trooper Did With Snoop Dogg Got Him In Trouble\n\nA trooper with the Texas Department of Public Safety (DPS) was reprimanded and ordered to undergo counseling for posing for a picture with rapper Snoop Dogg last month.\n\nBilly Spears was working security detail when Snoop Dogg (real ...",
                "date": "2016-12-10",
                "id": "3362855",
                "isDuplicate": false,
                "lang": "eng",
                "sim": 0,
                "source": {
                    "id": "436",
                    "title": "The Daily Caller",
                    "uri": "dailycaller.com"
                },
                "time": "03:59:00",
                "title": "What This Texas Trooper Did With Snoop Dogg Got Him In Trouble",
                "uri": "563050375",
                "url": "http://dailycaller.com/2015/04/02/what-this-texas-trooper-did-with-snoop-dogg-got-him-in-trouble/",
                "wgt": 1
            },
            {
                "body": "Greetings all! Thanksgiving is past, so cue the Christmas music.\n\nIn between hunting for Black Friday deals, check out this list of Thanksgiving leftovers you might have missed while prepping your turkeys.\n\n1) Despite running as a fierce critic of the imperial executive, Obama has officially become ...",
                "date": "2016-12-10",
                "id": "3362850",
                "isDuplicate": false,
                "lang": "eng",
                "sim": 0,
                "source": {
                    "id": "436",
                    "title": "The Daily Caller",
                    "uri": "dailycaller.com"
                },
                "time": "03:59:00",
                "title": "Lagniappe: Black Friday Edition",
                "uri": "562898181",
                "url": "http://dailycaller.com/2014/11/28/lagniappe-black-friday-edition/",
                "wgt": 1
            },
            {
                "body": "On Friday, we found out that House and Senate conferees closed a marathon session with an early-morning announcement that a deal had been reached on the Dodd-Frank Financial Overhaul bill. The mainstream media, of course, breathlessly applauded Congress for making this deal and \"fixing\" our ...",
                "date": "2016-12-10",
                "id": "3362824",
                "isDuplicate": false,
                "lang": "eng",
                "sim": 0,
                "source": {
                    "id": "436",
                    "title": "The Daily Caller",
                    "uri": "dailycaller.com"
                },
                "time": "03:58:00",
                "title": "Where's the sunlight in Dodd-Frank bill?",
                "uri": "562800471",
                "url": "http://dailycaller.com/2010/06/29/wheres-the-sunlight-in-dodd-frank-bill/",
                "wgt": 1
            },
            {
                "body": "Just when I thought the state of America's public health regarding smoking could not get any worse, the California Department of Public Health (CDPH) showed me how wrong I was. Their new leaflet: Protect Your Family From E-Cigarettes, would be laughable if it weren't so lethally serious.\n\nPerhaps my ...",
                "date": "2016-12-10",
                "id": "3362838",
                "isDuplicate": false,
                "lang": "eng",
                "sim": 0,
                "source": {
                    "id": "436",
                    "title": "The Daily Caller",
                    "uri": "dailycaller.com"
                },
                "time": "03:58:00",
                "title": "California's Public Health Lies About E-Cigarettes Will Kill Smokers",
                "uri": "563000866",
                "url": "http://dailycaller.com/2015/01/19/californias-public-health-lies-will-kill-smokers/",
                "wgt": 1
            },
            {
                "body": "With the New Year upon us, pundits are handing out their \"best and worst\" awards and gossip magazines their \"top whatever\" lists. Well, on my list, you won't find Occupy Wall Street or No Child Left Behind drama, but something much more significant to taxpayers, parents, and citizens: the top five ...",
                "date": "2016-12-10",
                "id": "3362841",
                "isDuplicate": true,
                "lang": "eng",
                "sim": 0,
                "source": {
                    "id": "436",
                    "title": "The Daily Caller",
                    "uri": "dailycaller.com"
                },
                "time": "03:58:00",
                "title": "The top 5 underreported education stories of 2011",
                "uri": "563058375",
                "url": "http://dailycaller.com/2011/12/28/the-top-5-underreported-education-stories-of-2011/",
                "wgt": 1
            },
            {
                "body": "LAS VEGAS -- Josh Karrasch, a small business owner in Falls Church, Va., discovered quickly that making an honest living within the firearms industry does not prevent his bank account from being closed or from being kicked out of commercial real estate space.\n\nDespite favorable legal decisions, the ...",
                "date": "2016-12-10",
                "id": "3362840",
                "isDuplicate": false,
                "lang": "eng",
                "sim": 0,
                "source": {
                    "id": "436",
                    "title": "The Daily Caller",
                    "uri": "dailycaller.com"
                },
                "time": "03:58:00",
                "title": "Gun Businesses Seek Ways To Survive While Denied Basic Business Services",
                "uri": "563048946",
                "url": "http://dailycaller.com/2015/01/23/gun-businesses-seek-ways-to-survive-while-denied-basic-business-services/",
                "wgt": 1
            },
            {
                "body": "A new social media campaign is trying to get Donald Trump supporters to #DumpStarWars.\n\nThe beloved sci-fi franchise is set to release its latest entry in the series next week, \"Rogue One\" -- but some of the film's writers have already managed to alienate some prominent Trump fans on ...",
                "date": "2016-12-10",
                "id": "3362328",
                "isDuplicate": false,
                "lang": "eng",
                "sim": 0.6039215922355652,
                "source": {
                    "id": "436",
                    "title": "The Daily Caller",
                    "uri": "dailycaller.com"
                },
                "time": "03:51:00",
                "title": "Why You Should #DumpStarWars",
                "uri": "563056888",
                "url": "http://dailycaller.com/2016/12/09/why-you-should-dumpstarwars/",
                "wgt": 1
            },
            {
                "body": "Many hunters put away their gear after spring gobbler season, believing that all hunting opportunities are over until fall. But that's not the case in states that hold a spring squirrel season.\n\nSpring squirrel hunting extends the hunting season right into the summer, and with fewer hunters in the ...",
                "date": "2016-12-10",
                "id": "3361280",
                "isDuplicate": false,
                "lang": "eng",
                "sim": 0,
                "source": {
                    "id": "436",
                    "title": "The Daily Caller",
                    "uri": "dailycaller.com"
                },
                "time": "03:35:00",
                "title": "Hunting spring squirrels",
                "uri": "563034909",
                "url": "http://dailycaller.com/2013/05/08/hunting-spring-squirrels/",
                "wgt": 1
            },
            {
                "body": "Google is removing autocomplete recommendations because some may deem them \"offensive.\"\n\nThat includes an autocomplete recommendation related to \"black crime.\" The Guardian reported that for some who began typing \"do blacks\" into Google's search bar, the service would provide a recommendation \"Do ...",
                "date": "2016-12-10",
                "id": "3361048",
                "isDuplicate": false,
                "lang": "eng",
                "sim": 0,
                "source": {
                    "id": "436",
                    "title": "The Daily Caller",
                    "uri": "dailycaller.com"
                },
                "time": "03:32:00",
                "title": "Google Is Censoring Autocomplete Results About Black Crime",
                "uri": "563053144",
                "url": "http://dailycaller.com/2016/12/09/google-is-censoring-autocomplete-results-about-black-crime/",
                "wgt": 1
            },
            {
                "body": "An aggressive push in the liberal media to push a narrative of widespread \"fake news\" may have backfired as members of the liberal media now face that same \"fake news\" label being applied to their own reporting.\n\nSome liberal journalists have tried to smear conservative media organizations like ...",
                "date": "2016-12-10",
                "id": "3360147",
                "isDuplicate": false,
                "lang": "eng",
                "sim": 0.7568627595901489,
                "source": {
                    "id": "436",
                    "title": "The Daily Caller",
                    "uri": "dailycaller.com"
                },
                "time": "03:20:00",
                "title": "Liberal Media See 'Fake News' Label Thrown Back In Their Faces",
                "uri": "563050708",
                "url": "http://dailycaller.com/2016/12/09/liberal-media-see-fake-news-label-thrown-back-in-their-faces/",
                "wgt": 1
            },
            {
                "body": "President-elect Donald Trump's transition team said in a statement Friday afternoon that the same people who claim Russia interfered in the presidential election had previously claimed Iraq had weapons of mass destruction.\n\n\"These are the same people that said Saddam Hussein had weapons of mass ...",
                "date": "2016-12-10",
                "id": "3360097",
                "isDuplicate": false,
                "lang": "eng",
                "sim": 0.4039215743541718,
                "source": {
                    "id": "436",
                    "title": "The Daily Caller",
                    "uri": "dailycaller.com"
                },
                "time": "03:19:00",
                "title": "Trump Team: Same People Who Say Russia Meddled In Election Said Iraq Had WMDs",
                "uri": "563050540",
                "url": "http://dailycaller.com/2016/12/09/trump-team-same-people-who-say-russia-meddled-in-election-said-iraq-had-wmds/",
                "wgt": 1
            },
            {
                "body": "Those following celebrity chef, Geoff Tracy on Twitter may have noticed an intriguing tweet last night:\n\n\"Don't drink alcohol in excess while taking cialis,\" he tweeted from his @chefgeoff account.\n\nWas the father of three and husband of MSNBC chief White House correspondent, Norah O'Donnell, ...",
                "date": "2016-12-10",
                "id": "3360539",
                "isDuplicate": false,
                "lang": "eng",
                "sim": 0,
                "source": {
                    "id": "436",
                    "title": "The Daily Caller",
                    "uri": "dailycaller.com"
                },
                "time": "03:18:00",
                "title": "Chef Geoff tweets in frustration",
                "uri": "562609615",
                "url": "http://dailycaller.com/2011/04/22/chef-geoff-tweets-in-frustration/",
                "wgt": 1
            },
            {
                "body": "Mercede Johnston, the sister of Levi Johnston, says that Bristol Palin's pregnancy was no accident -- that she intended to become a pregnant with Levi's child.\n\n\"Levi never liked [Bristol] to drink since it just made her more promiscuous,\" Mercede said in an interview with Playboy, according to the ...",
                "date": "2016-12-10",
                "id": "3353145",
                "isDuplicate": false,
                "lang": "eng",
                "sim": 0,
                "source": {
                    "id": "436",
                    "title": "The Daily Caller",
                    "uri": "dailycaller.com"
                },
                "time": "01:49:00",
                "title": "Mercede Johnston: 'Promiscuous' Bristol Palin and Levi 'planned' pregnancy",
                "uri": "562873723",
                "url": "http://dailycaller.com/2011/08/07/mercede-johnston-promiscuous-bristol-palin-and-levi-planned-pregnancy/",
                "wgt": 1
            },
            {
                "body": "Kathleen Parker, the co-host of Parker Spitzer with former New York gov. Eliot Spitzer, will be getting canned from the show, according to a New York Post report.\n\n\"There is no doubt in the world they are going to replace her,\" an insider told The Post. \"It's beyond whispers -- it's a hot and heavy ...",
                "date": "2016-12-10",
                "id": "3350803",
                "isDuplicate": false,
                "lang": "eng",
                "sim": 0,
                "source": {
                    "id": "436",
                    "title": "The Daily Caller",
                    "uri": "dailycaller.com"
                },
                "time": "01:23:00",
                "title": "CNN looking to boot Kathleen Parker from 'Parker Spitzer'?",
                "uri": "562712684",
                "url": "http://dailycaller.com/2011/01/10/cnn-looking-to-boot-kathleen-parker-from-parker-spitzer/",
                "wgt": 1
            },
            {
                "body": "Ryan Seacrest broke up with his model girlfriend Shayna Taylor in December.\n\nOnly days later, at his 40th birthday party in Napa, he met another blonde model -- one who he is now reportedly dating.\n\nSeacrest and his new model friend were spotted leaving the Gagosian Gallery on Madison Avenue in New ...",
                "date": "2016-12-10",
                "id": "3350797",
                "isDuplicate": false,
                "lang": "eng",
                "sim": 0,
                "source": {
                    "id": "436",
                    "title": "The Daily Caller",
                    "uri": "dailycaller.com"
                },
                "time": "01:23:00",
                "title": "Is Ryan Seacrest Dating This Blonde Model Now? [PHOTOS]",
                "uri": "562973312",
                "url": "http://dailycaller.com/2015/03/11/is-ryan-seacrest-dating-this-blonde-model-now-photos/",
                "wgt": 1
            },
            {
                "body": "A transgender police officer in Washington, D.C., who has repeatedly been praised as a community role model has also quietly been reprimanded for improper sexually-tinged antics with underage police interns.\n\nIn a story published Thursday night, NBC4 News profiled Jessica Hawkins as a police officer ...",
                "date": "2016-12-10",
                "id": "3349500",
                "isDuplicate": false,
                "lang": "eng",
                "sim": 0.8980392217636108,
                "source": {
                    "id": "436",
                    "title": "The Daily Caller",
                    "uri": "dailycaller.com"
                },
                "time": "01:09:00",
                "title": "DC's Transgender Cop Poster Child Turns Out To Be A Pervert",
                "uri": "563018531",
                "url": "http://dailycaller.com/2016/12/09/dcs-transgender-cop-poster-child-turns-out-to-be-a-pervert/",
                "wgt": 1
            },
            {
                "body": "In the high-stakes poker game of Washington DC power-politics, Democrats are holding a pair of deuces, but telling Republicans they've got a Royal Flush. Poker is all about bluff, and bluster, and unfounded confidence. And the rules governing politics aren't much different. So, good for the ...",
                "date": "2016-12-10",
                "id": "3346320",
                "isDuplicate": false,
                "lang": "eng",
                "sim": 0,
                "source": {
                    "id": "436",
                    "title": "The Daily Caller",
                    "uri": "dailycaller.com"
                },
                "time": "00:38:00",
                "title": "The Corrupt Party and the Stupid Party",
                "uri": "561723896",
                "url": "http://dailycaller.com/2010/04/29/the-corrupt-party-and-the-stupid-party/",
                "wgt": 1
            },
            {
                "body": "A recent Pew Research study released this week found that Washington D.C., among others, took in no more than 10 refugees for fiscal year 2016.\n\nThe information from Pew became available as President Barack Obama increased the maximum number of refugees allowed into the U.S. to 85,000, \"which was ...",
                "date": "2016-12-10",
                "id": "3344565",
                "isDuplicate": false,
                "lang": "eng",
                "sim": 0.5529412031173706,
                "source": {
                    "id": "436",
                    "title": "The Daily Caller",
                    "uri": "dailycaller.com"
                },
                "time": "00:24:00",
                "title": "Pew: D.C. Accepted Fewer Than 10 Refugees In 2016",
                "uri": "563005850",
                "url": "http://dailycaller.com/2016/12/09/pew-d-c-accepted-fewer-than-10-refugees-in-2016/",
                "wgt": 1
            },
            {
                "body": "CAUGHT: Snopes Deliberately Omits Key Details To Protect Kerry's State Dept.\n\nA Snopes.com article attempting to discredit a Daily Caller News Foundation Investigative Group news story revealing that millions of Department of State tax dollars were sent to a charity created by Secretary of State ...",
                "date": "2016-12-10",
                "id": "3343720",
                "isDuplicate": false,
                "lang": "eng",
                "sim": 0,
                "source": {
                    "id": "436",
                    "title": "The Daily Caller",
                    "uri": "dailycaller.com"
                },
                "time": "00:17:00",
                "title": "CAUGHT: Snopes Deliberately Omits Key Details To Protect Kerry's State Dept.",
                "uri": "563003715",
                "url": "http://dailycaller.com/2016/12/09/caught-snopes-deliberately-omits-key-details-to-protect-kerrys-state-dept/",
                "wgt": 1
            }
        ],
        "totalResults": 81
    }
}