{
    "articles": {
        "count": 80,
        "page": 1,
        "pages": 1,
        "results": [
            {
                "body": "Once the survivors and bodies have been pulled from the wreckage of the latest airstrike on Aleppo, people descend upon the rubble, sifting through the detritus of their neighbor's ruined homes, searching for things to burn.\n\nAs the weather gets colder in the beleaguered Syrian city, residents said ...",
                "date": "2016-11-24",
                "id": "12882646",
                "isDuplicate": false,
                "lang": "eng",
                "sim": 0,
                "source": {
                    "id": "229",
                    "title": "The Wall Street Journal",
                    "uri": "www.wsj.com"
                },
                "time": "23:18:00",
                "title": "Cold Weather Adds to Aleppo's Misery ",
                "uri": "553345540",
                "url": "http://www.wsj.com/articles/cold-weather-adds-to-aleppos-misery-1480010150",
                "wgt": 1
            },
            {
                "body": "FRANKFURT -- The European Central Bank issued a fresh warning on Thursday about potential economic fallout from the U.S. presidential election, cautioning that Donald Trump's policies could trigger instability and even a trade war.\n\nThe blunt warning came as central bankers and finance officials ...",
                "date": "2016-11-24",
                "id": "12882656",
                "isDuplicate": false,
                "lang": "eng",
                "sim": 0,
                "source": {
                    "id": "229",
                    "title": "The Wall Street Journal",
                    "uri": "www.wsj.com"
                },
                "time": "23:18:00",
                "title": "ECB Warns on Potential Fallout from Trump Election ",
                "uri": "553465947",
                "url": "http://www.wsj.com/articles/ecb-says-eurozone-faces-uncertain-impact-from-u-s-economic-policy-1479978002",
                "wgt": 1
            },
            {
                "body": "An experimental Eli Lilly & Co. drug failed to significantly help Alzheimer's disease patients in a closely watched clinical trial, dealing another blow to the pharmaceutical industry's long quest to find a better treatment for the brain-damaging condition.\n\nThe disappointing outcome revives doubts ...",
                "date": "2016-11-24",
                "id": "12879473",
                "isDuplicate": true,
                "lang": "eng",
                "sim": 0,
                "source": {
                    "id": "229",
                    "title": "The Wall Street Journal",
                    "uri": "www.wsj.com"
                },
                "time": "22:54:00",
                "title": "Eli Lilly Alzheimer's Drug Fails Trial",
                "uri": "553457270",
                "url": "http://www.wsj.com/articles/eli-lillys-alzheimers-drug-trial-fails-to-achieve-goals-1479902563",
                "wgt": 1
            },
            {
                "body": "An experimental Eli Lilly & Co. drug failed to significantly help Alzheimer's disease patients in a closely watched clinical trial, dealing another blow to the pharmaceutical industry's long quest to find a better treatment for the brain-damaging condition.\n\nThe disappointing outcome revives doubts ...",
                "date": "2016-11-24",
                "id": "12876865",
                "isDuplicate": false,
                "lang": "eng",
                "sim": 0,
                "source": {
                    "id": "229",
                    "title": "The Wall Street Journal",
                    "uri": "www.wsj.com"
                },
                "time": "22:32:00",
                "title": "Eli Lilly Alzheimer's Drug Fails Trial",
                "uri": "552651659",
                "url": "http://www.wsj.com/articles/eli-lillys-alzheimers-drug-trial-fails-to-achieve-goals-1479902563",
                "wgt": 1
            },
            {
                "body": "ENLARGE Members of the U.S. 173rd Airborne Brigade attack a trench position during a multinational military exercises near Pabrade, Lithuania, on Thursday. Photo: Sean Gallup/Getty Images By Stephen Fidler Stephen Fidler The Wall Street Journal CANCEL BiographyStephen Fidler @StephenFidler1 Google+ ...",
                "date": "2016-11-24",
                "id": "12965928",
                "isDuplicate": false,
                "lang": "eng",
                "sim": 0,
                "source": {
                    "id": "229",
                    "title": "The Wall Street Journal",
                    "uri": "www.wsj.com"
                },
                "time": "22:25:00",
                "title": "Europeans Confront a New, Zero-Sum World",
                "uri": "553692133",
                "url": "http://www.wsj.com/articles/europeans-confront-a-new-zero-sum-world-1480026308",
                "wgt": 1
            },
            {
                "body": "Alphabet Inc.'s Google division last week hired the director of Stanford University's artificial intelligence lab to lead a new AI unit, the latest in a long line of academic stars in artificial intelligence lured away by tech giants.\n\nFei-Fei Li, a respected computer scientist, wrote in a Facebook ...",
                "date": "2016-11-24",
                "id": "12874954",
                "isDuplicate": false,
                "lang": "eng",
                "sim": 0,
                "source": {
                    "id": "229",
                    "title": "The Wall Street Journal",
                    "uri": "www.wsj.com"
                },
                "time": "22:18:00",
                "title": "Universities' AI Talent Poached by Tech Giants ",
                "uri": "553267612",
                "url": "http://www.wsj.com/articles/universities-ai-talent-poached-by-tech-giants-1479999601",
                "wgt": 1
            },
            {
                "body": "He has to abandon his company in order to deal on the country's behalf. ENLARGE The president-elect in the lobby of the New York Times, Nov. 22. Photo: Getty Images By Peggy Noonan Peggy Noonan The Wall Street Journal CANCEL BiographyPeggy Noonan @Peggynoonannyc peggynoonanny/ Peggy.Noonan@wsj.com ...",
                "date": "2016-11-24",
                "id": "13105765",
                "isDuplicate": false,
                "lang": "eng",
                "sim": 0,
                "source": {
                    "id": "229",
                    "title": "The Wall Street Journal",
                    "uri": "www.wsj.com"
                },
                "time": "22:17:00",
                "title": "No More Business as Usual, Mr. Trump",
                "uri": "553579621",
                "url": "http://www.wsj.com/articles/no-more-business-as-usual-mr-trump-1480025826",
                "wgt": 1
            },
            {
                "body": "To start, we should back a constitutional convention to pass term limits and a balanced budget clause. By Jeb Bush Jeb Bush The Wall Street Journal CANCEL BiographyJeb Bush Nov. 24, 2016 4:39 p.m. ET\n\nDonald Trump's successful primary campaign was predicated on the idea that the GOP needs a new ...",
                "date": "2016-11-24",
                "id": "12927423",
                "isDuplicate": false,
                "lang": "eng",
                "sim": 0,
                "source": {
                    "id": "229",
                    "title": "The Wall Street Journal",
                    "uri": "www.wsj.com"
                },
                "time": "21:39:00",
                "title": "Where Republicans Go From Here",
                "uri": "553579622",
                "url": "http://www.wsj.com/articles/where-republicans-go-from-here-1480023537",
                "wgt": 1
            },
            {
                "body": "11/24/2016 2:32PM\n\nDry, windy weather has helped a wildfire spread across northern Israel, hitting its third-largest city, Haifa. Authorities speculated the blaze may have been set by politically-motivated arsonists. Photo: Jack Guez/AFP/Getty Images\n\n11/22/2016 11:38AM 11/23/2016 11:36AM 11/23/2016 ...",
                "date": "2016-11-24",
                "id": "12868900",
                "isDuplicate": false,
                "lang": "eng",
                "sim": 0,
                "source": {
                    "id": "229",
                    "title": "The Wall Street Journal",
                    "uri": "www.wsj.com"
                },
                "time": "21:29:00",
                "title": "Tens of Thousands Evacuate as Fires Ravage Northern Israel",
                "uri": "553385495",
                "url": "http://www.wsj.com/video/tens-of-thousands-evacuate-as-fires-ravage-northern-israel/6F8BD7D8-6532-4C22-89B1-5453C804F065.html",
                "wgt": 1
            },
            {
                "body": "11/24/2016 2:32PM\n\nDry, windy weather has helped a wildfire spread across northern Israel, hitting its third-largest city, Haifa. Authorities speculated the blaze may have been set by politically-motivated arsonists. Photo: Jack Guez/AFP/Getty Images\n\n11/22/2016 11:38AM 11/23/2016 11:36AM 11/23/2016 ...",
                "date": "2016-11-24",
                "id": "12868913",
                "isDuplicate": false,
                "lang": "eng",
                "sim": 0,
                "source": {
                    "id": "229",
                    "title": "The Wall Street Journal",
                    "uri": "www.wsj.com"
                },
                "time": "21:29:00",
                "title": "European Parliament Votes To Freeze Turkey Accession Talks",
                "uri": "553369693",
                "url": "http://www.wsj.com/video/european-parliament-votes-to-freeze-turkey-accession-talks/84CDFAB4-5E8B-47E2-9F27-86D9C369C80C.html",
                "wgt": 1
            },
            {
                "body": "11/24/2016 2:32PM\n\nDry, windy weather has helped a wildfire spread across northern Israel, hitting its third-largest city, Haifa. Authorities speculated the blaze may have been set by politically-motivated arsonists. Photo: Jack Guez/AFP/Getty Images\n\n11/22/2016 11:38AM 11/23/2016 11:36AM 11/23/2016 ...",
                "date": "2016-11-24",
                "id": "12868925",
                "isDuplicate": false,
                "lang": "eng",
                "sim": 0,
                "source": {
                    "id": "229",
                    "title": "The Wall Street Journal",
                    "uri": "www.wsj.com"
                },
                "time": "21:29:00",
                "title": "Tokyo Sees First November Snow in Over 50 Years",
                "uri": "553426127",
                "url": "http://www.wsj.com/video/tokyo-sees-first-november-snow-in-over-50-years/0D1044FA-6F32-4801-880D-B62498866CDD.html",
                "wgt": 1
            },
            {
                "body": "LONDON -- Europeans don't celebrate the uniquely American Thanksgiving holiday, but the so-called Black Friday sales that follow Turkey Day have become part of the fabric of year-end holiday shopping across much of the Continent.\n\nIn Britain, an early beachhead for such U.S.-style shopping ...",
                "date": "2016-11-24",
                "id": "12868336",
                "isDuplicate": false,
                "lang": "eng",
                "sim": 0,
                "source": {
                    "id": "229",
                    "title": "The Wall Street Journal",
                    "uri": "www.wsj.com"
                },
                "time": "21:25:00",
                "title": "Black Friday Sales -- Europe Style",
                "uri": "553418286",
                "url": "http://www.wsj.com/articles/black-friday-saleseurope-style-1480020182",
                "wgt": 1
            },
            {
                "body": "The fight over the Trump administration's secretary of state appointment has spilled into the open, with some prominent Republicans close to President-elect Donald Trump arguing for a loyal supporter to fill the post rather than longtime critic Mitt Romney, currently a front-runner for the ...",
                "date": "2016-11-24",
                "id": "12867169",
                "isDuplicate": false,
                "lang": "eng",
                "sim": 0,
                "source": {
                    "id": "229",
                    "title": "The Wall Street Journal",
                    "uri": "www.wsj.com"
                },
                "time": "21:16:00",
                "title": "Trump Allies Raise Doubts About Mitt Romney Leading State Department",
                "uri": "553359157",
                "url": "http://www.wsj.com/articles/trump-allies-raise-doubts-about-mitt-romney-leading-state-department-1480011962",
                "wgt": 1
            },
            {
                "body": "ENLARGE The deal will let Ctrip.com benefit as more Chinese travel abroad. Here. Chinese tourists in London. Photo: kevin coombs/Reuters Jacky Wong Nov. 24, 2016 4:16 p.m. ET\n\nChina's largest travel portal is splashing on an expensive trip to Europe.\n\nCtrip.com International said Wednesday it will ...",
                "date": "2016-11-24",
                "id": "12869966",
                "isDuplicate": false,
                "lang": "eng",
                "sim": 0.6549019813537598,
                "source": {
                    "id": "229",
                    "title": "The Wall Street Journal",
                    "uri": "www.wsj.com"
                },
                "time": "21:16:00",
                "title": "China's Travel Giant Takes Expensive European Adventure",
                "uri": "553430757",
                "url": "http://www.wsj.com/articles/chinas-travel-giant-takes-expensive-european-adventure-1480022189",
                "wgt": 1
            },
            {
                "body": "Bill Clinton and President Obama are responsible for Hillary Clinton's loss. Nov. 24, 2016 3:55 p.m. ET\n\nArthur Brooks's perceptive op-ed \"How Trump Filled the Dignity Deficit\" (Nov. 10) begins by saying the pollsters and pundits got the election wrong. Actually Bill Clinton and President Obama are ...",
                "date": "2016-11-24",
                "id": "13284753",
                "isDuplicate": false,
                "lang": "eng",
                "sim": 0,
                "source": {
                    "id": "229",
                    "title": "The Wall Street Journal",
                    "uri": "www.wsj.com"
                },
                "time": "20:55:00",
                "title": "Trump's Win Was Own-Goal for Democrats",
                "uri": "554528624",
                "url": "http://www.wsj.com/articles/trumps-win-was-own-goal-for-democrats-1480020936",
                "wgt": 1
            },
            {
                "body": "United Technologies unit confirmed it had discussions with the incoming administration ENLARGE President-elect Donald Trump said Thursday he was 'making progress' in convincing Carrier Corp. to keep an Indiana plant open instead of moving production to Mexico. Photo: Associated Press By Ted Mann Ted ...",
                "date": "2016-11-24",
                "id": "12890058",
                "isDuplicate": false,
                "lang": "eng",
                "sim": 0.7568627595901489,
                "source": {
                    "id": "229",
                    "title": "The Wall Street Journal",
                    "uri": "www.wsj.com"
                },
                "time": "20:55:00",
                "title": "Trump Says He Is 'Making Progress' to Convince Carrier to Keep U.S. Plant Open",
                "uri": "553485336",
                "url": "http://www.wsj.com/articles/trump-says-he-is-making-progress-to-convince-carrier-to-keep-u-s-plant-open-1480020896",
                "wgt": 1
            },
            {
                "body": "France's mainstream tries to capitalize on the new ability of mature democracies to surprise themselves. ENLARGE The two finalists in France's conservative presidential primary, Fran\u00e7ois Fillon and Alain Jupp\u00e9, in Paris on Nov. 24 ahead of the 2017 presidential election. Photo: Agence ...",
                "date": "2016-11-24",
                "id": "13001741",
                "isDuplicate": false,
                "lang": "eng",
                "sim": 0.5137255191802979,
                "source": {
                    "id": "229",
                    "title": "The Wall Street Journal",
                    "uri": "www.wsj.com"
                },
                "time": "20:40:00",
                "title": "Trump Teaches Europe a Lesson in the Possible",
                "uri": "553781673",
                "url": "http://www.wsj.com/articles/trump-teaches-europe-a-lesson-in-the-possible-1480020014",
                "wgt": 1
            },
            {
                "body": "As she vies for re-election next year, Germany's Chancellor confronts her toughest challenges. ENLARGE German Chancellor Angela Merkel in the German Bundestag, Nov. 21. Photo: European Pressphoto Agency By Josef Joffe Nov. 24, 2016 3:26 p.m. ET\n\nIt's four more years for Angela Merkel, who declared ...",
                "date": "2016-11-24",
                "id": "12869666",
                "isDuplicate": false,
                "lang": "eng",
                "sim": 0,
                "source": {
                    "id": "229",
                    "title": "The Wall Street Journal",
                    "uri": "www.wsj.com"
                },
                "time": "20:26:00",
                "title": "Angela Merkel's Four Storms for a Fourth Term",
                "uri": "553429682",
                "url": "http://www.wsj.com/articles/angela-merkels-four-storms-for-a-fourth-term-1480019172",
                "wgt": 1
            },
            {
                "body": "Workers at the former appliance division of General Electric Co. rejected a new contract this week, spurning an attempt by its new Chinese owners to cut costs at a massive factory complex in Louisville, Ky.\n\nMembers of the union representing GE Appliances factory workers in Louisville voted down the ...",
                "date": "2016-11-24",
                "id": "12838730",
                "isDuplicate": false,
                "lang": "eng",
                "sim": 0,
                "source": {
                    "id": "229",
                    "title": "The Wall Street Journal",
                    "uri": "www.wsj.com"
                },
                "time": "18:12:00",
                "title": "GE Appliance Workers Reject Contract Offer From Chinese Owner ",
                "uri": "552983521",
                "url": "http://www.wsj.com/articles/ge-appliances-workers-reject-contract-offer-from-chinese-owner-1479919858",
                "wgt": 1
            },
            {
                "body": "11/24/2016 10:35AM\n\nImmigration from Mexico was a hot-button issue on the presidential campaign trail. But some business owners, like Joe Hargrave, are struggling to hire enough staff because of a shortage of workers from Mexico. Video/Photo: Jake Nicol/The Wall Street Journal\n\n11/23/2016 6:05PM ...",
                "date": "2016-11-24",
                "id": "12828965",
                "isDuplicate": false,
                "lang": "eng",
                "sim": 0,
                "source": {
                    "id": "229",
                    "title": "The Wall Street Journal",
                    "uri": "www.wsj.com"
                },
                "time": "17:21:00",
                "title": "Banknote Ban Creates Trouble for Indians",
                "uri": "553314692",
                "url": "http://www.wsj.com/video/banknote-ban-creates-trouble-for-indians/0C421E43-E252-492E-BE68-5B7E88472CD8.html",
                "wgt": 1
            },
            {
                "body": "11/24/2016 10:35AM\n\nImmigration from Mexico was a hot-button issue on the presidential campaign trail. But some business owners, like Joe Hargrave, are struggling to hire enough staff because of a shortage of workers from Mexico. Video/Photo: Jake Nicol/The Wall Street Journal\n\n11/23/2016 6:05PM ...",
                "date": "2016-11-24",
                "id": "12828960",
                "isDuplicate": false,
                "lang": "eng",
                "sim": 0,
                "source": {
                    "id": "229",
                    "title": "The Wall Street Journal",
                    "uri": "www.wsj.com"
                },
                "time": "17:21:00",
                "title": "European Parliament Freezes Turkey Accession Talks",
                "uri": "553214522",
                "url": "http://www.wsj.com/video/european-parliament-freezes-turkey-accession-talks/84CDFAB4-5E8B-47E2-9F27-86D9C369C80C.html",
                "wgt": 1
            },
            {
                "body": "11/24/2016 10:35AM\n\nImmigration from Mexico was a hot-button issue on the presidential campaign trail. But some business owners, like Joe Hargrave, are struggling to hire enough staff because of a shortage of workers from Mexico. Video/Photo: Jake Nicol/The Wall Street Journal\n\n11/23/2016 6:05PM ...",
                "date": "2016-11-24",
                "id": "12828954",
                "isDuplicate": false,
                "lang": "eng",
                "sim": 0,
                "source": {
                    "id": "229",
                    "title": "The Wall Street Journal",
                    "uri": "www.wsj.com"
                },
                "time": "17:21:00",
                "title": "Many U.S. Businesses Struggle to Find Mexican Workers",
                "uri": "553280247",
                "url": "http://www.wsj.com/video/many-us-businesses-struggle-to-find-mexican-workers/CC0D9086-C840-49E3-AE64-110050F6AD1B.html",
                "wgt": 1
            },
            {
                "body": "SULEIMANI, Iraq -- The last time the speaker of the Kurdistan regional parliament in northern Iraq tried to go to work, more than a year ago, armed troops blocked the highway.\n\nThe legislature of the self-ruled Kurdish region hasn't gathered since then. The mandate of Kurdistan President Masoud ...",
                "date": "2016-11-24",
                "id": "12817673",
                "isDuplicate": false,
                "lang": "eng",
                "sim": 0,
                "source": {
                    "id": "229",
                    "title": "The Wall Street Journal",
                    "uri": "www.wsj.com"
                },
                "time": "16:27:00",
                "title": "After Mosul, Iraq's Kurds Face Internal Crisis ",
                "uri": "553126792",
                "url": "http://www.wsj.com/articles/after-mosul-iraqs-kurds-face-internal-crisis-1479983400",
                "wgt": 1
            },
            {
                "body": "ISTANBUL -- Turkey on Thursday said the Assad regime killed three of its soldiers in Syria, in what would be the first deadly airstrike on Turkish forces since the country launched an operation against Islamic State in August.\n\nThe attack also wounded 10 Turkish soldiers, the military general staff ...",
                "date": "2016-11-24",
                "id": "12805502",
                "isDuplicate": false,
                "lang": "eng",
                "sim": 0,
                "source": {
                    "id": "229",
                    "title": "The Wall Street Journal",
                    "uri": "www.wsj.com"
                },
                "time": "15:27:00",
                "title": "Turkey Says Three Soldiers Killed in Syria Airstrike",
                "uri": "553082956",
                "url": "http://www.wsj.com/articles/turkey-says-three-soldiers-killed-in-syria-by-airstrike-blamed-on-damascus-1479979189",
                "wgt": 1
            },
            {
                "body": "Residential energy costs surge as summertime subsidies end; weaker peso ENLARGE People shop at a Sam's store in Mexico City on Nov. 18, 2016. Mexican inflation rose more than forecast in the first half of the month. Photo: Agence France-Presse/Getty Images By Anthony Harrup Nov. 24, 2016 10:08 a.m. ...",
                "date": "2016-11-24",
                "id": "12882250",
                "isDuplicate": false,
                "lang": "eng",
                "sim": 0,
                "source": {
                    "id": "229",
                    "title": "The Wall Street Journal",
                    "uri": "www.wsj.com"
                },
                "time": "15:08:00",
                "title": "Mexican Inflation Gathers Speed in November ",
                "uri": "553464790",
                "url": "http://www.wsj.com/articles/mexican-inflation-gathers-speed-in-november-1480000122",
                "wgt": 1
            },
            {
                "body": "ENLARGE European Parliament President Martin Schulz speaking during a media conference at the European Parliament in Brussels in June. Photo: Olivier Matthys/Associated Press By Valentina Pop in Brussels and Valentina Pop The Wall Street Journal CANCEL BiographyValentina Pop @ValentinaPop ...",
                "date": "2016-11-24",
                "id": "12791852",
                "isDuplicate": false,
                "lang": "eng",
                "sim": 0.7058823704719543,
                "source": {
                    "id": "229",
                    "title": "The Wall Street Journal",
                    "uri": "www.wsj.com"
                },
                "time": "14:07:00",
                "title": "European Parliament President Martin Schulz to Step Down ",
                "uri": "553230117",
                "url": "http://www.wsj.com/articles/european-parliament-president-martin-schulz-to-step-down-1479990522",
                "wgt": 1
            },
            {
                "body": "Proposal designed to retain and attract companies is pitting importers against exporters ENLARGE A proposal backed by House Republicans would eliminate corporate taxation of exports and impose it on imports, in a shake-up of decades of U.S. policy. Photo: Bloomberg News By Richard Rubin Richard ...",
                "date": "2016-11-24",
                "id": "13054088",
                "isDuplicate": false,
                "lang": "eng",
                "sim": 0.7803921699523926,
                "source": {
                    "id": "229",
                    "title": "The Wall Street Journal",
                    "uri": "www.wsj.com"
                },
                "time": "14:00:00",
                "title": "House GOP Business-Tax Plan Upends U.S. Policy, Bares Corporate Fault Lines ",
                "uri": "553907265",
                "url": "http://www.wsj.com/articles/house-gop-business-tax-plan-upends-u-s-policy-bares-corporate-fault-lines-1479996012",
                "wgt": 1
            },
            {
                "body": "President-elect changes landscape on estate planning, charitable giving ENLARGE President-elect Donald Trump, shown in October, has made it clear he wants to cut taxes and eliminate estate taxes. Photo: Associated Press By Veronica Dagher Veronica Dagher The Wall Street Journal CANCEL ...",
                "date": "2016-11-24",
                "id": "12967410",
                "isDuplicate": false,
                "lang": "eng",
                "sim": 0,
                "source": {
                    "id": "229",
                    "title": "The Wall Street Journal",
                    "uri": "www.wsj.com"
                },
                "time": "13:30:00",
                "title": "How the Wealthy Should Plan for Taxes Under Trump",
                "uri": "553698082",
                "url": "http://www.wsj.com/articles/how-the-wealthy-should-plan-for-taxes-under-trump-1479994201",
                "wgt": 1
            },
            {
                "body": "11/23/2016 12:13PM\n\nA drug developed by Eli Lilly to treat patients with Alzheimer's disease symptoms failed a closely watched clinical trial. WSJ's Jeanne Whalen explains the impact of the failure on Eli Lilly stock and the rest of the pharmaceutical sector, which had rested its hopes on the ...",
                "date": "2016-11-24",
                "id": "12775931",
                "isDuplicate": false,
                "lang": "eng",
                "sim": 0,
                "source": {
                    "id": "229",
                    "title": "The Wall Street Journal",
                    "uri": "www.wsj.com"
                },
                "time": "13:11:00",
                "title": "Obama Pardons Thanksgiving Turkey",
                "uri": "553179273",
                "url": "http://www.wsj.com/video/obama-pardons-thanksgiving-turkey/9C395444-3A47-4325-8B85-23A03BCCA6C1.html",
                "wgt": 1
            },
            {
                "body": "Theresa May's acknowledgment this week that the U.K. may need a transitional deal so that businesses aren't faced with a cliff edge after Brexit was greeted with relief in British boardrooms.\n\nThis was an important moment. It has taken the prime minister five months to reach a conclusion that had ...",
                "date": "2016-11-24",
                "id": "12770522",
                "isDuplicate": false,
                "lang": "eng",
                "sim": 0.529411792755127,
                "source": {
                    "id": "229",
                    "title": "The Wall Street Journal",
                    "uri": "www.wsj.com"
                },
                "time": "12:45:00",
                "title": "How Brussels Thinks Brexit Should Work ",
                "uri": "553177917",
                "url": "http://www.wsj.com/articles/how-brussels-thinks-brexit-should-work-1479932530",
                "wgt": 1
            },
            {
                "body": "Mr. Schultz said he would run in next year's election in Germany ENLARGE European Parliament President Martin Schultz speaking during a media conference at the European Parliament in Brussels in June. Photo: Olivier Matthys/Associated Press By Valentina Pop in Brussels and Valentina Pop The Wall ...",
                "date": "2016-11-24",
                "id": "12770891",
                "isDuplicate": false,
                "lang": "eng",
                "sim": 0.6509804129600525,
                "source": {
                    "id": "229",
                    "title": "The Wall Street Journal",
                    "uri": "www.wsj.com"
                },
                "time": "12:29:00",
                "title": "European Parliament President Martin Schultz to Step Down ",
                "uri": "553178820",
                "url": "http://www.wsj.com/articles/european-parliament-president-martin-schultz-to-step-down-1479990522",
                "wgt": 1
            },
            {
                "body": "Turkish President Recep Tayyip Erdogan on Wednesday lashed out at what he called Europe's double standards and dismissed a coming vote in Brussels on whether the European Union should freeze talks on Turkish membership because of his crackdown on opponents.\n\nThe European Parliament on Thursday will ...",
                "date": "2016-11-24",
                "id": "12765118",
                "isDuplicate": false,
                "lang": "eng",
                "sim": 0,
                "source": {
                    "id": "229",
                    "title": "The Wall Street Journal",
                    "uri": "www.wsj.com"
                },
                "time": "12:20:00",
                "title": "Erdogan Dismisses Call to Freeze Talks on Turkey Joining EU",
                "uri": "553165101",
                "url": "http://www.wsj.com/articles/turkeys-president-dismisses-pending-vote-on-eu-membership-1479917794",
                "wgt": 1
            },
            {
                "body": "The body said deteriorating human rights and democratic standards under President Recep Tayyip Erdogan justified the move ENLARGE EU lawmakers voted overwhelmingly to suspend talks with Turkey in response to the \"disproportionate repressive measures\" that Turkish authorities have taken since July's ...",
                "date": "2016-11-24",
                "id": "12770878",
                "isDuplicate": false,
                "lang": "eng",
                "sim": 0,
                "source": {
                    "id": "229",
                    "title": "The Wall Street Journal",
                    "uri": "www.wsj.com"
                },
                "time": "12:14:00",
                "title": "European Parliament Votes to Suspend Talks on Turkey Joining the EU ",
                "uri": "553177915",
                "url": "http://www.wsj.com/articles/european-parliament-votes-to-suspend-talks-on-turkey-joining-the-eu-1479989641",
                "wgt": 1
            },
            {
                "body": "Half-percentage-point rise was bigger than economists had forecast ENLARGE Turkish lira bank notes sit on the counter of a currency exchange bureau in Istanbul. Photo: Bloomberg News By Yeliz Candemir Yeliz Candemir The Wall Street Journal CANCEL BiographyYeliz Candemir @dowjones_yeliz ...",
                "date": "2016-11-24",
                "id": "12763762",
                "isDuplicate": false,
                "lang": "eng",
                "sim": 0.6392157077789307,
                "source": {
                    "id": "229",
                    "title": "The Wall Street Journal",
                    "uri": "www.wsj.com"
                },
                "time": "12:13:00",
                "title": "Turkey Raises Rates for First Time in Almost Three Years",
                "uri": "553161762",
                "url": "http://www.wsj.com/articles/turkey-raises-rates-for-first-time-in-almost-three-years-1479987555",
                "wgt": 1
            },
            {
                "body": "Pullout from emerging markets has been exacerbated in India ENLARGE A man held aloft 2,000-rupees notes as he left a bank in Mumbai, India, Nov. 24, 2016. The rupee headed toward an all-time low against the dollar Thursday. Photo: Danish Siddiqui/Reuters By Shefali Anand Shefali Anand The Wall ...",
                "date": "2016-11-24",
                "id": "12765412",
                "isDuplicate": false,
                "lang": "eng",
                "sim": 0.4627451002597809,
                "source": {
                    "id": "229",
                    "title": "The Wall Street Journal",
                    "uri": "www.wsj.com"
                },
                "time": "12:12:00",
                "title": "Indian Rupee Heads Toward New Low",
                "uri": "553165830",
                "url": "http://www.wsj.com/articles/indian-rupee-heads-toward-new-low-1479989514",
                "wgt": 1
            },
            {
                "body": "ENLARGE Chinese 100 yuan notes in Beijing in September. The central bank wants to let some of the air out of the yuan, but the currency risks falling faster than it would like. Photo: Agence France-Presse/Getty Images By Lingling Wei in Beijing and Lingling Wei The Wall Street Journal CANCEL ...",
                "date": "2016-11-24",
                "id": "12905112",
                "isDuplicate": false,
                "lang": "eng",
                "sim": 0.7058823704719543,
                "source": {
                    "id": "229",
                    "title": "The Wall Street Journal",
                    "uri": "www.wsj.com"
                },
                "time": "12:05:00",
                "title": "China Struggles to Steady Yuan's Decline ",
                "uri": "553528641",
                "url": "http://www.wsj.com/articles/china-struggles-to-steady-yuans-decline-1479989103",
                "wgt": 1
            },
            {
                "body": "Planned acquisition of British travel-search company Skyscanner will grow Ctrip's footprint overseas Ctrip is buying Skyscanner for $1.74 billion and hopes the deal can help expand China's largest travel site globally. Photo: Getty Images By Wayne Ma in Beijing Wayne Ma The Wall Street Journal ...",
                "date": "2016-11-24",
                "id": "12765408",
                "isDuplicate": false,
                "lang": "eng",
                "sim": 0.7843137383460999,
                "source": {
                    "id": "229",
                    "title": "The Wall Street Journal",
                    "uri": "www.wsj.com"
                },
                "time": "11:59:00",
                "title": "Ctrip, China's Biggest Travel Site, Goes Abroad for Its Latest Expansion",
                "uri": "553165801",
                "url": "http://www.wsj.com/articles/ctrip-chinas-biggest-travel-site-goes-abroad-for-its-latest-expansion-1479988770",
                "wgt": 1
            },
            {
                "body": "Banks have rallied since the election, in part because investors think they might benefit from a lighter regulatory touch. A look at two of the people who could shape that policy shows that investors might be a bit too optimistic.\n\nGiven President-elect Donald Trump's lack of experience and ...",
                "date": "2016-11-24",
                "id": "12746109",
                "isDuplicate": false,
                "lang": "eng",
                "sim": 0,
                "source": {
                    "id": "229",
                    "title": "The Wall Street Journal",
                    "uri": "www.wsj.com"
                },
                "time": "10:46:00",
                "title": "Don't Bank on Relief for These Lenders ",
                "uri": "552989775",
                "url": "http://www.wsj.com/articles/dont-bank-on-relief-for-these-lenders-1479919330",
                "wgt": 1
            },
            {
                "body": "\"Just keep 'em the same\" sounds like wishful thinking on prices from a business savoring fat profits.\n\nInstead, it is what some chicken processors allegedly told an employee of the Georgia Department of Agriculture who used their weekly responses to price billions of dollars a year in supermarket ...",
                "date": "2016-11-24",
                "id": "12746123",
                "isDuplicate": false,
                "lang": "eng",
                "sim": 0,
                "source": {
                    "id": "229",
                    "title": "The Wall Street Journal",
                    "uri": "www.wsj.com"
                },
                "time": "10:46:00",
                "title": "Flawed Chicken Index Could Mean Dark Times for White Meat ",
                "uri": "552989774",
                "url": "http://www.wsj.com/articles/flawed-chicken-index-could-mean-dark-times-for-white-meat-1479940796",
                "wgt": 1
            },
            {
                "body": "Rio Tinto PLC, facing an uncertain market outlook, said it would spend even less than anticipated on projects this year and step up a productivity offensive.\n\nChief Executive Jean-S\u00e9bastien Jacques said Thursday that while he is cautiously optimistic on China -- the world's top buyer of commodities ...",
                "date": "2016-11-24",
                "id": "12739784",
                "isDuplicate": false,
                "lang": "eng",
                "sim": 0,
                "source": {
                    "id": "229",
                    "title": "The Wall Street Journal",
                    "uri": "www.wsj.com"
                },
                "time": "10:16:00",
                "title": "Rio Tinto Underspends Already-Low Forecast",
                "uri": "552975870",
                "url": "http://www.wsj.com/articles/rio-tinto-underspends-already-low-forecast-1479962567",
                "wgt": 1
            },
            {
                "body": "Federal Reserve meeting minutes show the central bank discussed alternatives to the interest-rate benchmark it has been using for decades just as it is widely expected to raise the rate next month.\n\nMinutes of the Nov. 1-2 interest-rate-setting Federal Open Market Committee meeting, released ...",
                "date": "2016-11-24",
                "id": "12739794",
                "isDuplicate": false,
                "lang": "eng",
                "sim": 0,
                "source": {
                    "id": "229",
                    "title": "The Wall Street Journal",
                    "uri": "www.wsj.com"
                },
                "time": "10:16:00",
                "title": "Is It Time to Ditch the Fed-Funds Rate?",
                "uri": "552957625",
                "url": "http://www.wsj.com/articles/fed-officials-discussed-alternatives-to-benchmark-rate-minutes-show-1479938627",
                "wgt": 1
            },
            {
                "body": "11/23/2016 12:13PM\n\nA drug developed by Eli Lilly to treat patients with Alzheimer's disease symptoms failed a closely watched clinical trial. WSJ's Jeanne Whalen explains the impact of the failure on Eli Lilly stock and the rest of the pharmaceutical sector, which had rested its hopes on the ...",
                "date": "2016-11-24",
                "id": "12729241",
                "isDuplicate": false,
                "lang": "eng",
                "sim": 0,
                "source": {
                    "id": "229",
                    "title": "The Wall Street Journal",
                    "uri": "www.wsj.com"
                },
                "time": "09:19:00",
                "title": "Dozens Killed in Scaffolding Collapse in Eastern China",
                "uri": "553028585",
                "url": "http://www.wsj.com/video/dozens-killed-in-scaffolding-collapse-in-eastern-china/1BA49E5B-919C-47DC-998A-5C9411E2567E.html",
                "wgt": 1
            },
            {
                "body": "LONDON -- U.K. Treasury chief Philip Hammond signaled a new course after almost a decade of belt-tightening on Wednesday, saying he expects billions in extra borrowing over the next few years to support an economy predicted to slow as it exits the European Union.\n\nIn an annual fall statement to ...",
                "date": "2016-11-24",
                "id": "12728435",
                "isDuplicate": false,
                "lang": "eng",
                "sim": 0,
                "source": {
                    "id": "229",
                    "title": "The Wall Street Journal",
                    "uri": "www.wsj.com"
                },
                "time": "09:13:00",
                "title": "U.K. to Borrow More to Support Economy in Wake of Brexit",
                "uri": "553073204",
                "url": "http://www.wsj.com/articles/u-k-economy-to-grow-more-slowly-than-forecast-says-treasury-chief-1479907060",
                "wgt": 1
            },
            {
                "body": "BEIJING -- The collapse of construction scaffolding at a power plant under expansion in eastern China killed more than 40 people on Thursday, state media said, the latest deadly accident in a country grappling with poor industrial safety.\n\nRescue workers were searching for potential survivors ...",
                "date": "2016-11-24",
                "id": "12728443",
                "isDuplicate": true,
                "lang": "eng",
                "sim": 0,
                "source": {
                    "id": "229",
                    "title": "The Wall Street Journal",
                    "uri": "www.wsj.com"
                },
                "time": "09:13:00",
                "title": "Scaffolding Collapse at China Power Plant Kills More Than 40",
                "uri": "553073198",
                "url": "http://www.wsj.com/articles/scaffolding-collapse-at-china-power-plant-kills-more-than-40-1479972155",
                "wgt": 1
            },
            {
                "body": "Even if the story were idiotic and the dialogue unintelligible in \"Moana,\" you could sit in steady-state delight just watching the images on screen and listening to the music. In fact, the story is powerfully appealing and the interplay between the title character and her nemesis, a whimsical ...",
                "date": "2016-11-24",
                "id": "12718663",
                "isDuplicate": false,
                "lang": "eng",
                "sim": 0,
                "source": {
                    "id": "229",
                    "title": "The Wall Street Journal",
                    "uri": "www.wsj.com"
                },
                "time": "08:20:00",
                "title": "'Moana' Review: The Waves Part",
                "uri": "552984038",
                "url": "http://www.wsj.com/articles/moana-review-the-waves-part-1479935029",
                "wgt": 1
            },
            {
                "body": "Venezuela's opposition said Wednesday the government has abandoned Vatican-brokered talks, potentially ending a short-lived political truce in the deeply polarized nation.\n\nGovernment officials failed to attend a routine meeting Tuesday night. Opposition negotiators said the government was ...",
                "date": "2016-11-24",
                "id": "12717750",
                "isDuplicate": false,
                "lang": "eng",
                "sim": 0,
                "source": {
                    "id": "229",
                    "title": "The Wall Street Journal",
                    "uri": "www.wsj.com"
                },
                "time": "08:14:00",
                "title": "Venezuela Talks Break Down, Opposition Claims ",
                "uri": "553046751",
                "url": "http://www.wsj.com/articles/venezuela-talks-break-down-opposition-claims-1479934607",
                "wgt": 1
            },
            {
                "body": "\u82ac\u592a\u5c3c\uff0c\u4e00\u79cd\u4f5c\u7528\u5f3a\u5ea6\u76f8\u5f53\u4e8e\u6d77\u6d1b\u56e0\u768450\u500d\u7684\u4eba\u5de5\u5408\u6210\u6b62\u75db\u836f\uff0c\u6b63\u8ba9\u7f8e\u56fd\u7684\u963f\u7247\u7c7b\u836f\u7269\u6ee5\u7528\u5371\u673a\u8fc5\u901f\u5347\u7ea7\u3002\u73b0\u5e7425\u5c81\u7684\u7f8e\u56fd\u9752\u5e74Joseph ...",
                "date": "2016-11-24",
                "id": "12714471",
                "isDuplicate": true,
                "lang": "zho",
                "sim": 0,
                "source": {
                    "id": "229",
                    "title": "The Wall Street Journal",
                    "uri": "www.wsj.com"
                },
                "time": "07:54:00",
                "title": "\u671d\u9c9c\u95ee\u9898\u4e0a\uff0c\u7279\u6717\u666e\u5c06\u5982\u4f55\u5411\u4e2d\u56fd\u51fa\u724c\uff1f",
                "uri": "553038267",
                "url": "http://www.wsj.com/video/china/2075300F-C6A3-4DFB-BD32-5B240ABFD3EE.html",
                "wgt": 1
            },
            {
                "body": "Efforts under way to search for potential survivors trapped by debris, state media say At least 40 people were killed when a platform at a power plant under construction collapsed on Thursday in China's Jiangxi province, state media reported. Photo: Reuters By Chun Han Wong Chun Han Wong The Wall ...",
                "date": "2016-11-24",
                "id": "12728148",
                "isDuplicate": false,
                "lang": "eng",
                "sim": 0,
                "source": {
                    "id": "229",
                    "title": "The Wall Street Journal",
                    "uri": "www.wsj.com"
                },
                "time": "07:23:00",
                "title": "Scaffolding Collapse at China Power Plant Kills More Than 40",
                "uri": "553046750",
                "url": "http://www.wsj.com/articles/scaffolding-collapse-at-china-power-plant-kills-more-than-40-1479972155",
                "wgt": 1
            },
            {
                "body": "Prosecutors search the offices of Lotte and SK Group as part of an investigation into influence peddling ENLARGE Protestors attended a demonstration in Seoul this week demanding the resignation of South Korean President Park Geun-hye. Photo: Lee Jae-Won/AFLO via ZUMA Press By Eun-Young Jeong ...",
                "date": "2016-11-24",
                "id": "12798980",
                "isDuplicate": false,
                "lang": "eng",
                "sim": 0.6431372761726379,
                "source": {
                    "id": "229",
                    "title": "The Wall Street Journal",
                    "uri": "www.wsj.com"
                },
                "time": "06:30:00",
                "title": "South Korean Scandal Widens With New Raids, Impeachment Effort",
                "uri": "553247051",
                "url": "http://www.wsj.com/articles/south-korean-scandal-widens-with-new-probes-impeachment-effort-1479964349",
                "wgt": 1
            },
            {
                "body": "DOCTORS ARE thought to be highly rational women and men. Yet my friend Allen, a plastic surgeon, loves Napa Valley Cabernet with an ungovernable passion. No matter the occasion, the company or the context, Napa Cabernet is his drink of choice. I've tried to introduce Allen to other wines, and while ...",
                "date": "2016-11-24",
                "id": "12700372",
                "isDuplicate": false,
                "lang": "eng",
                "sim": 0,
                "source": {
                    "id": "229",
                    "title": "The Wall Street Journal",
                    "uri": "www.wsj.com"
                },
                "time": "06:21:00",
                "title": "Turning Narrow-Minded Wine Lovers On to Something New",
                "uri": "552799907",
                "url": "http://www.wsj.com/articles/turning-narrow-minded-wine-lovers-on-to-something-new-1479933707",
                "wgt": 1
            },
            {
                "body": "The fiscal revolution isn't starting in the U.K. After June's Brexit vote, expectations rose that the U.K. might loosen fiscal policy to boost the economy; Donald Trump's election has stoked global speculation about government spending. But Chancellor Philip Hammond's first Autumn statement ...",
                "date": "2016-11-24",
                "id": "12696636",
                "isDuplicate": false,
                "lang": "eng",
                "sim": 0,
                "source": {
                    "id": "229",
                    "title": "The Wall Street Journal",
                    "uri": "www.wsj.com"
                },
                "time": "05:54:00",
                "title": "U.K.: Not Leading the Fiscal Charge ",
                "uri": "552989778",
                "url": "http://www.wsj.com/articles/u-k-not-leading-the-fiscal-charge-1479920338",
                "wgt": 1
            },
            {
                "body": "WASHINGTON -- A group of top House Democrats are warning federal investigators that President-elect Donald Trump might give special favors to beleaguered Deutsche Bank AG, the only big Wall Street bank that lends to him.\n\nThe Democrats, led by Reps. Maxine Waters of California and Carolyn Maloney of ...",
                "date": "2016-11-24",
                "id": "12695837",
                "isDuplicate": false,
                "lang": "eng",
                "sim": 0,
                "source": {
                    "id": "229",
                    "title": "The Wall Street Journal",
                    "uri": "www.wsj.com"
                },
                "time": "05:47:00",
                "title": "House Democrats Warn of Trump's Potential Conflicts Over Deutsche Bank",
                "uri": "552983522",
                "url": "http://www.wsj.com/articles/house-democrats-warn-of-trumps-potential-conflicts-with-deutsche-bank-1479924365",
                "wgt": 1
            },
            {
                "body": "WASHINGTON -- Attorneys for the U.S. House of Representatives asked a federal court to delay a lawsuit over President Barack Obama's signature health-care law, citing negotiations with President-elect Donald Trump over the future of the Affordable Care Act.\n\nIf granted, the reprieve would put on ...",
                "date": "2016-11-24",
                "id": "12695859",
                "isDuplicate": false,
                "lang": "eng",
                "sim": 0,
                "source": {
                    "id": "229",
                    "title": "The Wall Street Journal",
                    "uri": "www.wsj.com"
                },
                "time": "05:47:00",
                "title": "House Republicans Ask to Put on Hold Case Against Obama's Health-Care Law ",
                "uri": "552196295",
                "url": "http://www.wsj.com/articles/house-republicans-ask-to-put-on-hold-case-against-obamas-health-care-law-1479842643",
                "wgt": 1
            },
            {
                "body": "President-elect Donald Trump has chosen the first women for posts in his administration, picking South Carolina Gov. Nikki Haley to serve as the U.S. ambassador to the United Nations and school-choice advocate Betsy DeVos as his secretary of education, his transition team said Wednesday.\n\nMs. Haley ...",
                "date": "2016-11-24",
                "id": "12695818",
                "isDuplicate": false,
                "lang": "eng",
                "sim": 0,
                "source": {
                    "id": "229",
                    "title": "The Wall Street Journal",
                    "uri": "www.wsj.com"
                },
                "time": "05:46:00",
                "title": "Donald Trump Picks First Women for Posts in Administration",
                "uri": "552984068",
                "url": "http://www.wsj.com/articles/donald-trump-picks-nikki-haley-as-ambassador-to-u-n-1479907831",
                "wgt": 1
            },
            {
                "body": "Chinese investment in American startups is booming, but some of these investors are finding it difficult to navigate the U.S. venture world.\n\nIvy Li used to help American companies tackle the Chinese market. She worked in Beijing as the managing director for the China office of venture firm Greylock ...",
                "date": "2016-11-24",
                "id": "12695517",
                "isDuplicate": false,
                "lang": "eng",
                "sim": 0,
                "source": {
                    "id": "229",
                    "title": "The Wall Street Journal",
                    "uri": "www.wsj.com"
                },
                "time": "05:43:00",
                "title": "China's Firms Strive to Gain a Foothold in U.S. Venture Capital",
                "uri": "552984067",
                "url": "http://www.wsj.com/articles/chinas-firms-strive-to-gain-a-foothold-in-u-s-venture-capital-1479924623",
                "wgt": 1
            },
            {
                "body": "NEW DELHI -- Unable to spend or deposit their sackfuls of large bank notes amid India's crackdown on hoarding cash, business owners across the country are paying employees months of salary in advance, ringing up bogus sales and even buying gold they can smuggle overseas to get rid of stashed money ...",
                "date": "2016-11-24",
                "id": "12694531",
                "isDuplicate": true,
                "lang": "eng",
                "sim": 0,
                "source": {
                    "id": "229",
                    "title": "The Wall Street Journal",
                    "uri": "www.wsj.com"
                },
                "time": "05:36:00",
                "title": "India's Money Launderers Soil Modi's 'Spring Cleaning' of Cash",
                "uri": "552984063",
                "url": "http://www.wsj.com/articles/business-owners-try-to-undercut-indias-move-against-black-money-1479910149",
                "wgt": 1
            },
            {
                "body": "BERLIN -- German Chancellor Angela Merkel on Wednesday expressed concern about the dim prospects for a sweeping trade pact between the U.S. and Asia, which President-elect Donald Trump opposes, and argued that Europe should keep pushing for trade liberalization.\n\nThe German leader said she was ...",
                "date": "2016-11-24",
                "id": "12694467",
                "isDuplicate": false,
                "lang": "eng",
                "sim": 0,
                "source": {
                    "id": "229",
                    "title": "The Wall Street Journal",
                    "uri": "www.wsj.com"
                },
                "time": "05:35:00",
                "title": "German Chancellor Angela Merkel Speaks Up for Trade Pact Opposed by Trump",
                "uri": "552984064",
                "url": "http://www.wsj.com/articles/german-chancellor-angela-merkel-speaks-up-for-trade-pact-opposed-by-trump-1479904540",
                "wgt": 1
            },
            {
                "body": "Warren Beatty, supersmart filmmaker and producer that he is, starts \"Rules Don't Apply,\" his first feature in 15 years, with a disarming title-card quote attributed to Howard Hughes: \"Never check an interesting fact.\"\n\nDefying instructions, I did check and discovered that Hughes, played by Mr. ...",
                "date": "2016-11-24",
                "id": "12694457",
                "isDuplicate": false,
                "lang": "eng",
                "sim": 0,
                "source": {
                    "id": "229",
                    "title": "The Wall Street Journal",
                    "uri": "www.wsj.com"
                },
                "time": "05:35:00",
                "title": "'Rules Don't Apply' Review: Fascinating Fictions ",
                "uri": "552895473",
                "url": "http://www.wsj.com/articles/rules-dont-apply-review-fascinating-fictions-1479934870",
                "wgt": 1
            },
            {
                "body": "After a year of drama for the health-care industry, ranging from the EpiPen pricing scandal to the collapse of Valeant Pharmaceuticals International and Theranos to the unknown future of Obamacare to a series of mergers, it is easy to forget that the business of drug companies is actually to ...",
                "date": "2016-11-24",
                "id": "12694344",
                "isDuplicate": true,
                "lang": "eng",
                "sim": 0,
                "source": {
                    "id": "229",
                    "title": "The Wall Street Journal",
                    "uri": "www.wsj.com"
                },
                "time": "05:34:00",
                "title": "Lilly Alzheimer's Drug Can Save Dismal Year for Pharma ",
                "uri": "552983536",
                "url": "http://www.wsj.com/articles/lilly-alzheimers-drug-can-save-dismal-year-for-pharma-1479834373",
                "wgt": 1
            },
            {
                "body": "America is not an ethno-state. That this needs restating is a sign of the times.\n\nHalf a century ago Congress enacted two transformative laws. The Voting Rights Act struck the political system like a lightning bolt. The other law, the Immigration and Nationality Act of 1965, has been like a ...",
                "date": "2016-11-24",
                "id": "12694334",
                "isDuplicate": false,
                "lang": "eng",
                "sim": 0,
                "source": {
                    "id": "229",
                    "title": "The Wall Street Journal",
                    "uri": "www.wsj.com"
                },
                "time": "05:34:00",
                "title": "Immigration Reaches Critical Mass",
                "uri": "552337449",
                "url": "http://www.wsj.com/articles/immigration-reaches-critical-mass-1479857623",
                "wgt": 1
            },
            {
                "body": "IN JUNE, DOYENNES of California cheesemaking Sue Conley and Peggy Smith announced they'd sold their business, Cowgirl Creamery -- 20 years old this coming February -- to Swiss dairy company Emmi. Devotees of their organic cheeses were relieved to learn that Ms. Conley and Ms. Smith will continue to ...",
                "date": "2016-11-24",
                "id": "12694332",
                "isDuplicate": false,
                "lang": "eng",
                "sim": 0,
                "source": {
                    "id": "229",
                    "title": "The Wall Street Journal",
                    "uri": "www.wsj.com"
                },
                "time": "05:34:00",
                "title": "How Two Doyennes of California Cuisine Cook at Home",
                "uri": "552179981",
                "url": "http://www.wsj.com/articles/how-two-doyennes-of-california-cuisine-cook-at-home-1479854645",
                "wgt": 1
            },
            {
                "body": "WASHINGTON -- Retired Marine Gen. James Mattis has emerged as President-elect Donald Trump's leading candidate to be defense secretary, people familiar with the transition said Tuesday, but the choice would require Congress to pass a special law clearing the way for a recently retired military ...",
                "date": "2016-11-24",
                "id": "12694309",
                "isDuplicate": false,
                "lang": "eng",
                "sim": 0.4588235318660736,
                "source": {
                    "id": "229",
                    "title": "The Wall Street Journal",
                    "uri": "www.wsj.com"
                },
                "time": "05:34:00",
                "title": "Retired General James Mattis Seen as Leading Candidate for Defense Secretary ",
                "uri": "552983530",
                "url": "http://www.wsj.com/articles/retired-general-james-mattis-seen-as-leading-candidate-for-defense-secretary-1479854149",
                "wgt": 1
            },
            {
                "body": "President-elect Donald Trump selected Betsy DeVos to be his secretary of education, putting a well-known Michigan philanthropist and school-choice advocate in charge of the agency tasked with promoting student achievement.\n\nMs. DeVos, 58 years old, a former Michigan Republican Party chairwoman, ...",
                "date": "2016-11-24",
                "id": "12694264",
                "isDuplicate": false,
                "lang": "eng",
                "sim": 0.6470588445663452,
                "source": {
                    "id": "229",
                    "title": "The Wall Street Journal",
                    "uri": "www.wsj.com"
                },
                "time": "05:33:00",
                "title": "Trump Picks School-Choice Advocate Betsy DeVos for Education Secretary",
                "uri": "552983525",
                "url": "http://www.wsj.com/articles/trump-picks-school-choice-advocate-betsy-devos-for-education-secretary-1479927146",
                "wgt": 1
            },
            {
                "body": "Charlie Courtenay's home has been besieged twice in its 600-year history, first by another branch of the family in the medieval era, then by Parliamentarians during the English Civil War. Today, the armies who storm Powderham Castle in southwest England may consist of tourists, but it still pays to ...",
                "date": "2016-11-24",
                "id": "12694256",
                "isDuplicate": false,
                "lang": "eng",
                "sim": 0,
                "source": {
                    "id": "229",
                    "title": "The Wall Street Journal",
                    "uri": "www.wsj.com"
                },
                "time": "05:33:00",
                "title": "When Your Home Is a Castle (and a Tourist Destination)",
                "uri": "552701272",
                "url": "http://www.wsj.com/articles/when-your-home-is-a-castle-and-a-tourist-destination-1479922056",
                "wgt": 1
            },
            {
                "body": "Chinese investment in American startups is booming, but some of these investors are finding it difficult to navigate the U.S. venture world.\n\nIvy Li used to help American companies tackle the Chinese market. She worked in Beijing as the managing director for the China office of venture firm Greylock ...",
                "date": "2016-11-24",
                "id": "12694216",
                "isDuplicate": false,
                "lang": "eng",
                "sim": 0,
                "source": {
                    "id": "229",
                    "title": "The Wall Street Journal",
                    "uri": "www.wsj.com"
                },
                "time": "05:33:00",
                "title": "China's Firms Strive to Gain a Foothold in U.S. Venture Capital",
                "uri": "552982679",
                "url": "http://www.wsj.com/articles/chinas-firms-strive-to-gain-a-foothold-in-u-s-venture-capital-1479924623",
                "wgt": 1
            },
            {
                "body": "Investors should watch miners' 2016 results carefully to see whether firms take the bait of higher prices and let capital expenditures drift up again\n\nMining executives are a sober lot these days. \"Capital discipline\" has replaced \"commodity supercycle\" as the industry catchphrase.\n\nThings are ...",
                "date": "2016-11-24",
                "id": "12693784",
                "isDuplicate": false,
                "lang": "eng",
                "sim": 0,
                "source": {
                    "id": "229",
                    "title": "The Wall Street Journal",
                    "uri": "www.wsj.com"
                },
                "time": "05:31:00",
                "title": "Commodities Still Face Iron Laws of Supply and Demand",
                "uri": "552858723",
                "url": "http://www.wsj.com/articles/commodities-still-face-iron-laws-of-supply-and-demand-1479890081",
                "wgt": 1
            },
            {
                "body": "Malaysia's efforts to clamp down on currency speculators in recent days are rattling investors and raising the specter of capital controls last seen during the Asian financial crisis nearly two decades ago.\n\nThe Malaysian ringgit sank and government bonds sold off after the country's central bank ...",
                "date": "2016-11-24",
                "id": "12693802",
                "isDuplicate": false,
                "lang": "eng",
                "sim": 0,
                "source": {
                    "id": "229",
                    "title": "The Wall Street Journal",
                    "uri": "www.wsj.com"
                },
                "time": "05:31:00",
                "title": "Malaysia Struggles to Curb Ringgit's Slide ",
                "uri": "551811514",
                "url": "http://www.wsj.com/articles/malaysia-struggles-to-curb-ringgits-slide-1479803968",
                "wgt": 1
            },
            {
                "body": "NEW DELHI -- Unable to spend or deposit their sackfuls of large bank notes amid India's crackdown on hoarding cash, business owners across the country are paying employees months of salary in advance, ringing up bogus sales and even buying gold they can smuggle overseas to get rid of stashed money ...",
                "date": "2016-11-24",
                "id": "12693811",
                "isDuplicate": false,
                "lang": "eng",
                "sim": 0,
                "source": {
                    "id": "229",
                    "title": "The Wall Street Journal",
                    "uri": "www.wsj.com"
                },
                "time": "05:31:00",
                "title": "India's Money Launderers Soil Modi's 'Spring Cleaning' of Cash",
                "uri": "552751076",
                "url": "http://www.wsj.com/articles/business-owners-try-to-undercut-indias-move-against-black-money-1479910149",
                "wgt": 1
            },
            {
                "body": "BERLIN -- German Chancellor Angela Merkel on Wednesday expressed concern about the dim prospects for a sweeping trade pact between the U.S. and Asia, which President-elect Donald Trump opposes, and argued that Europe should keep pushing for trade liberalization.\n\nThe German leader said she was ...",
                "date": "2016-11-24",
                "id": "12693820",
                "isDuplicate": false,
                "lang": "eng",
                "sim": 0,
                "source": {
                    "id": "229",
                    "title": "The Wall Street Journal",
                    "uri": "www.wsj.com"
                },
                "time": "05:31:00",
                "title": "German Chancellor Angela Merkel Speaks Up for Trade Pact Opposed by Trump",
                "uri": "552590900",
                "url": "http://www.wsj.com/articles/german-chancellor-angela-merkel-speaks-up-for-trade-pact-opposed-by-trump-1479904540",
                "wgt": 1
            },
            {
                "body": "President-elect Donald Trump has chosen the first women for posts in his administration, picking South Carolina Gov. Nikki Haley to serve as the U.S. ambassador to the United Nations and school-choice advocate Betsy DeVos as his secretary of education, his transition team said Wednesday.\n\nMs. Haley ...",
                "date": "2016-11-24",
                "id": "12693857",
                "isDuplicate": false,
                "lang": "eng",
                "sim": 0,
                "source": {
                    "id": "229",
                    "title": "The Wall Street Journal",
                    "uri": "www.wsj.com"
                },
                "time": "05:31:00",
                "title": "Donald Trump Picks First Women for Posts in Administration",
                "uri": "552762684",
                "url": "http://www.wsj.com/articles/donald-trump-picks-nikki-haley-as-ambassador-to-u-n-1479907831",
                "wgt": 1
            },
            {
                "body": "Workers at the former appliance division of General Electric Co. rejected a new contract this week, spurning an attempt by its new Chinese owners to cut costs at a massive factory complex in Louisville, Ky.\n\nMembers of the union representing GE Appliances factory workers in Louisville voted down the ...",
                "date": "2016-11-24",
                "id": "12693865",
                "isDuplicate": false,
                "lang": "eng",
                "sim": 0,
                "source": {
                    "id": "229",
                    "title": "The Wall Street Journal",
                    "uri": "www.wsj.com"
                },
                "time": "05:31:00",
                "title": "GE Appliance Workers Reject Contract Offer From Chinese Owner ",
                "uri": "552718519",
                "url": "http://www.wsj.com/articles/ge-appliances-workers-reject-contract-offer-from-chinese-owner-1479919858",
                "wgt": 1
            },
            {
                "body": "11/23/2016 11:36AM\n\nIran's Supreme Leader Ayatollah Ali Khamenei threatened a response on Wednesday if the U.S. renews sanctions on his country. He also signaled that Tehran is likely to continue to take a hard-line toward the U.S. after President-elect Donald Trump takes office. Photo: ...",
                "date": "2016-11-24",
                "id": "12685908",
                "isDuplicate": false,
                "lang": "eng",
                "sim": 0,
                "source": {
                    "id": "229",
                    "title": "The Wall Street Journal",
                    "uri": "www.wsj.com"
                },
                "time": "04:26:00",
                "title": "Trump Picks Gov. Nikki Haley for U.N. Ambassador",
                "uri": "552844793",
                "url": "http://www.wsj.com/video/trump-picks-gov-nikki-haley-for-un-ambassador/CB5C5A84-C0CD-4A2B-A8A1-7ACB71A72871.html",
                "wgt": 1
            },
            {
                "body": "11/23/2016 11:36AM\n\nIran's Supreme Leader Ayatollah Ali Khamenei threatened a response on Wednesday if the U.S. renews sanctions on his country. He also signaled that Tehran is likely to continue to take a hard-line toward the U.S. after President-elect Donald Trump takes office. Photo: ...",
                "date": "2016-11-24",
                "id": "12685892",
                "isDuplicate": true,
                "lang": "eng",
                "sim": 0,
                "source": {
                    "id": "229",
                    "title": "The Wall Street Journal",
                    "uri": "www.wsj.com"
                },
                "time": "04:26:00",
                "title": "Felix the Cat Balloon Returns to Macy's Thanksgiving Parade",
                "uri": "552955011",
                "url": "http://www.wsj.com/video/felix-the-cat-balloon-returns-to-macy-thanksgiving-parade/F0C7F774-A244-4A7F-A2CF-353E08601ABD.html",
                "wgt": 1
            },
            {
                "body": "11/23/2016 11:36AM\n\nIran's Supreme Leader Ayatollah Ali Khamenei threatened a response on Wednesday if the U.S. renews sanctions on his country. He also signaled that Tehran is likely to continue to take a hard-line toward the U.S. after President-elect Donald Trump takes office. Photo: ...",
                "date": "2016-11-24",
                "id": "12685886",
                "isDuplicate": false,
                "lang": "eng",
                "sim": 0,
                "source": {
                    "id": "229",
                    "title": "The Wall Street Journal",
                    "uri": "www.wsj.com"
                },
                "time": "04:26:00",
                "title": "Donald Trump Calls for Unity in Thanksgiving Video",
                "uri": "552860135",
                "url": "http://www.wsj.com/video/donald-trump-calls-for-unity-in-thanksgiving-video/8E95B612-6D9C-45BE-9EA9-71AC534BC719.html",
                "wgt": 1
            },
            {
                "body": "11/23/2016 11:36AM\n\nIran's Supreme Leader Ayatollah Ali Khamenei threatened a response on Wednesday if the U.S. renews sanctions on his country. He also signaled that Tehran is likely to continue to take a hard-line toward the U.S. after President-elect Donald Trump takes office. Photo: ...",
                "date": "2016-11-24",
                "id": "12685872",
                "isDuplicate": false,
                "lang": "eng",
                "sim": 0,
                "source": {
                    "id": "229",
                    "title": "The Wall Street Journal",
                    "uri": "www.wsj.com"
                },
                "time": "04:25:00",
                "title": "Dramatic Double Gustnadoes Spotted in Qatar",
                "uri": "552947098",
                "url": "http://www.wsj.com/video/dramatic-double-gustnadoes-spotted-in-qatar/BD8F05E6-F195-4C27-A32E-0FC5621CE724.html",
                "wgt": 1
            },
            {
                "body": "It won't be a cheerful Thanksgiving for pharmaceuticals shareholders.\n\nEli Lilly announced its closely watched late-stage trial for solanezumab, an experimental Alzheimer's disease treatment, failed Wednesday morning. Lilly said in a statement the company won't be pursuing regulatory approval for ...",
                "date": "2016-11-24",
                "id": "12681312",
                "isDuplicate": false,
                "lang": "eng",
                "sim": 0,
                "source": {
                    "id": "229",
                    "title": "The Wall Street Journal",
                    "uri": "www.wsj.com"
                },
                "time": "03:43:00",
                "title": "The Problem With Lilly is the Problem With Pharma",
                "uri": "552665055",
                "url": "http://www.wsj.com/articles/the-problem-with-lilly-is-the-problem-with-pharma-1479918700",
                "wgt": 1
            },
            {
                "body": "New York Mayor Bill de Blasio's administration released late Wednesday thousands of pages of emails between his office and Jonathan Rosen, a political consultant close to Mr. de Blasio, in an effort to fight a lawsuit seeking the release of even more emails.\n\nMr. de Blasio's administration has been ...",
                "date": "2016-11-24",
                "id": "12680299",
                "isDuplicate": false,
                "lang": "eng",
                "sim": 0.7372549176216125,
                "source": {
                    "id": "229",
                    "title": "The Wall Street Journal",
                    "uri": "www.wsj.com"
                },
                "time": "03:33:00",
                "title": "Mayor Bill de Blasio Releases Some Email Correspondence With Political Consultant ",
                "uri": "552940359",
                "url": "http://www.wsj.com/articles/mayor-bill-de-blasio-releases-some-email-correspondence-with-political-consultant-1479947908",
                "wgt": 1
            },
            {
                "body": "11/23/2016 10:00AM\n\nGerman Chancellor Angela Merkel defended the Trans-Pacific Partnership agreement which is opposed by U.S. President-elect Donald Trump. Mr. Trump has called the deal a \"potential disaster\" for the U.S. Photo: Foreign Photo Service/Zuma Press\n\n11/23/2016 6:00AM 11/23/2016 7:41AM ...",
                "date": "2016-11-24",
                "id": "12674561",
                "isDuplicate": false,
                "lang": "eng",
                "sim": 0,
                "source": {
                    "id": "229",
                    "title": "The Wall Street Journal",
                    "uri": "www.wsj.com"
                },
                "time": "02:31:00",
                "title": "Felix the Cat Balloon Returns to Macy's Thanksgiving Parade",
                "uri": "552891205",
                "url": "http://www.wsj.com/video/felix-the-cat-balloon-returns-to-macy-thanksgiving-parade/F0C7F774-A244-4A7F-A2CF-353E08601ABD.html",
                "wgt": 1
            },
            {
                "body": "ENLARGE Theresa May, U.K. prime minister, leaves 10 Downing Street to attend the weekly prime minister's question session in parliament in London, U.K., on Wednesday, Nov. 23, 2016. Photo: Bloomberg News Nov. 23, 2016 8:47 p.m. ET\n\nTheresa May's government delivered another budget statement ...",
                "date": "2016-11-24",
                "id": "12675402",
                "isDuplicate": false,
                "lang": "eng",
                "sim": 0.4509803950786591,
                "source": {
                    "id": "229",
                    "title": "The Wall Street Journal",
                    "uri": "www.wsj.com"
                },
                "time": "01:48:00",
                "title": "Weak Tea After Brexit",
                "uri": "552925979",
                "url": "http://www.wsj.com/articles/weak-tea-after-brexit-1479952053",
                "wgt": 1
            },
            {
                "body": "WASHINGTON -- The U.S. economy is showing strength in key sectors, offering the Federal Reserve the comfort it has sought to raise short-term interest rates in December.\n\nMinutes from the Fed's November meeting, released Wednesday following the usual three-week lag, indicated officials were looking ...",
                "date": "2016-11-24",
                "id": "12667843",
                "isDuplicate": false,
                "lang": "eng",
                "sim": 0,
                "source": {
                    "id": "229",
                    "title": "The Wall Street Journal",
                    "uri": "www.wsj.com"
                },
                "time": "01:24:00",
                "title": "Economic Resilience Bolsters Prospects for December Rate Rise ",
                "uri": "552747824",
                "url": "http://www.wsj.com/articles/split-fed-in-november-signaled-rate-increase-could-come-in-december-1479927708",
                "wgt": 1
            }
        ],
        "totalResults": 80
    }
}