{
    "articles": {
        "count": 45,
        "page": 1,
        "pages": 1,
        "results": [
            {
                "body": "The voluntary recall affects some hummus and spread products made before Nov. 8.\n\nSabra Dipping Company has issued a voluntary recall for some of its hummus products over potential listeria contamination, the manufacturer announced Saturday.\n\nThe decision comes after Sabra's manufacturing facility ...",
                "date": "2016-11-20",
                "id": "11896104",
                "isDuplicate": true,
                "lang": "eng",
                "sim": 0,
                "source": {
                    "id": "402",
                    "title": "The Huffington Post",
                    "uri": "www.huffingtonpost.com"
                },
                "time": "23:41:00",
                "title": "Sabra Recalls Hummus Products Over Listeria Concern, Again",
                "uri": "550875168",
                "url": "http://www.huffingtonpost.com/entry/sabra-recalls-hummus-listeria_us_58321473e4b030997bc00748",
                "wgt": 1
            },
            {
                "body": "The issue of whether Hillary Clinton mishandled classified information during her tenure as Secretary of State was a recurring theme in the 2016 U.S. Presidential election. Her defenders, including U.S. President Barack Obama, contended that no harm to the U.S. had resulted from her actions and that ...",
                "date": "2016-11-20",
                "id": "11893761",
                "isDuplicate": false,
                "lang": "eng",
                "sim": 0,
                "source": {
                    "id": "402",
                    "title": "The Huffington Post",
                    "uri": "www.huffingtonpost.com"
                },
                "time": "23:21:00",
                "title": "Pardon Me?",
                "uri": "550863298",
                "url": "http://www.huffingtonpost.com/joseph-v-micallef/pardon-me_2_b_13090308.html",
                "wgt": 1
            },
            {
                "body": "The voluntary recall affects some hummus and spread products made before Nov. 8.\n\nSabra Dipping Company has issued a voluntary recall for some of its hummus products over potential listeria contamination, the manufacturer announced Saturday.\n\nThe decision comes after Sabra's manufacturing facility ...",
                "date": "2016-11-20",
                "id": "11893753",
                "isDuplicate": false,
                "lang": "eng",
                "sim": 0.8196078538894653,
                "source": {
                    "id": "402",
                    "title": "The Huffington Post",
                    "uri": "www.huffingtonpost.com"
                },
                "time": "23:21:00",
                "title": "Sabra Recalls Hummus Products Over Listeria Concern, Again",
                "uri": "550869247",
                "url": "http://www.huffingtonpost.com/entry/sabra-recalls-hummus-listeria_us_58321473e4b030997bc00748",
                "wgt": 1
            },
            {
                "body": "The future first lady will remain in New York until her 10-year-old son finishes school.\n\nPresident-elect Donald Trump's wife, Melania, will remain in New York with their 10-year-old son after her husband takes office in January, Trump confirmed Sunday.\n\nThe future first lady plans on staying in New ...",
                "date": "2016-11-20",
                "id": "11885774",
                "isDuplicate": false,
                "lang": "eng",
                "sim": 0.7960784435272217,
                "source": {
                    "id": "402",
                    "title": "The Huffington Post",
                    "uri": "www.huffingtonpost.com"
                },
                "time": "22:07:00",
                "title": "Melania Trump Isn't Moving To The White House In January",
                "uri": "550847256",
                "url": "http://www.huffingtonpost.com/entry/melania-trump-to-stay-new-york_us_5831fbe0e4b058ce7aabacba",
                "wgt": 1
            },
            {
                "body": "WASHINGTON, Nov 20 (Reuters) - A magnitude 6.4 quake on Sunday hit western Argentina, northeast of Santiago, the capital of neighboring Chile, the U.S. Geological Survey said.\n\nThe quake's epicenter was 16 miles (25.75 km) southwest of the Argentine town of San Juan, and about 180 miles (290 km) ...",
                "date": "2016-11-20",
                "id": "11885401",
                "isDuplicate": false,
                "lang": "eng",
                "sim": 0.8745098114013672,
                "source": {
                    "id": "402",
                    "title": "The Huffington Post",
                    "uri": "www.huffingtonpost.com"
                },
                "time": "22:04:00",
                "title": "Strong Earthquake Hits Western Argentina",
                "uri": "550846197",
                "url": "http://www.huffingtonpost.com/entry/earthquake-argentina_us_58321017e4b058ce7aabb389",
                "wgt": 1
            },
            {
                "body": "Facebook is where 44% of Americans get their news. Facebook is Craigslist for ideas, and instead of selling used toasters they're selling conspiracy theories and cat videos. Its nothing more than a dusty digital collection of newspaper clippings and red connecting string on a hoarder's living room ...",
                "date": "2016-11-20",
                "id": "11885200",
                "isDuplicate": false,
                "lang": "eng",
                "sim": 0,
                "source": {
                    "id": "402",
                    "title": "The Huffington Post",
                    "uri": "www.huffingtonpost.com"
                },
                "time": "22:02:00",
                "title": "All The News That's Fit To Fake",
                "uri": "550845672",
                "url": "http://www.huffingtonpost.com/marty-rudoy/all-the-news-thats-fit-to_4_b_13092208.html",
                "wgt": 1
            },
            {
                "body": "Fortunately, there is an industry watchdog group to complain to. And while this group is perfectly fine with lying (indeed, it is one of their core competencies), the harming-employees thing was too much for them to stomach. Consequently, Wellsteps faced a strong rebuke from the authorities in the ...",
                "date": "2016-11-20",
                "id": "11884854",
                "isDuplicate": false,
                "lang": "eng",
                "sim": 0,
                "source": {
                    "id": "402",
                    "title": "The Huffington Post",
                    "uri": "www.huffingtonpost.com"
                },
                "time": "21:58:00",
                "title": "How Obamacare's 'Best' Wellness Program Made Employees Sicker",
                "uri": "550844465",
                "url": "http://www.huffingtonpost.com/al-lewis/how-americas-best-wellnes_b_12371670.html",
                "wgt": 1
            },
            {
                "body": "The U.K. citizens' surprising approval of the Brexit referendum last June and the even more surprising U.S. election of Donald Trump as president on November 8 shook the world. Americans chose to elect a billionaire businessman, an outsider with no government experience, over Hillary Clinton, the ...",
                "date": "2016-11-20",
                "id": "11884581",
                "isDuplicate": false,
                "lang": "eng",
                "sim": 0,
                "source": {
                    "id": "402",
                    "title": "The Huffington Post",
                    "uri": "www.huffingtonpost.com"
                },
                "time": "21:56:00",
                "title": "The Global Search For Education: The Millennial Bloggers - What Next After Brexit And The US Election?",
                "uri": "550843765",
                "url": "http://www.huffingtonpost.com/c-m-rubin/the-global-search-for-edu_76_b_13093546.html",
                "wgt": 1
            },
            {
                "body": "As a man of the theater I am not a big fan of anyone booing anyone - but I am a huge fan of the actor who courageously addressed the soon to be VP and asked him to represent everyone. Not a rude question to ask - not in a democracy. That he even had to ask it is a shame that belongs to Trump and Co. ...",
                "date": "2016-11-20",
                "id": "11884578",
                "isDuplicate": false,
                "lang": "eng",
                "sim": 0,
                "source": {
                    "id": "402",
                    "title": "The Huffington Post",
                    "uri": "www.huffingtonpost.com"
                },
                "time": "21:56:00",
                "title": "Hamilton Brouhaha",
                "uri": "550843768",
                "url": "http://www.huffingtonpost.com/sherman-yellen/hamilton-brouhaha_b_13106280.html",
                "wgt": 1
            },
            {
                "body": "We assisted in the overthrow of Ukrainian President Viktor Yanukovych, which precipitated Russia's annexation of Crimea and a de facto partitioned Ukraine.\n\nTo be sure, the United States supports stability when it advances our craving to control the world. Our foreign policy is replete with support ...",
                "date": "2016-11-20",
                "id": "11884365",
                "isDuplicate": false,
                "lang": "eng",
                "sim": 0,
                "source": {
                    "id": "402",
                    "title": "The Huffington Post",
                    "uri": "www.huffingtonpost.com"
                },
                "time": "21:53:00",
                "title": "Power Is The Ulterior Motive Of Our Foreign Policy",
                "uri": "550843249",
                "url": "http://www.huffingtonpost.com/bruce-fein/power-is-the-ulterior-mot_1_b_13091796.html",
                "wgt": 1
            },
            {
                "body": "On 11/9 the world woke up to a blue screen error, or better yet, a red screen error. The electoral maps showed that the Trumpian, tribal virus had been much more contagious than expected and that the neoliberal operating system had failed. This is not a transitional point for just the United States. ...",
                "date": "2016-11-20",
                "id": "11881993",
                "isDuplicate": false,
                "lang": "eng",
                "sim": 0,
                "source": {
                    "id": "402",
                    "title": "The Huffington Post",
                    "uri": "www.huffingtonpost.com"
                },
                "time": "21:31:00",
                "title": "Trump - A Neoliberal Operating System Failure",
                "uri": "550836391",
                "url": "http://www.huffingtonpost.com/michael-pirson/trump-a-neoliberal-operat_b_13110662.html",
                "wgt": 1
            },
            {
                "body": "There is a saying amongst the Lakota that when the Pilgrims first landed at Plymouth Rock they fell on their knees and prayed and then they fell on the Indians and preyed.\n\nSo much fabrication has been woven into the landing of the Pilgrims and their dealings with indigenous people they met that ...",
                "date": "2016-11-20",
                "id": "11881770",
                "isDuplicate": false,
                "lang": "eng",
                "sim": 0,
                "source": {
                    "id": "402",
                    "title": "The Huffington Post",
                    "uri": "www.huffingtonpost.com"
                },
                "time": "21:29:00",
                "title": "Thanksgiving: A Holiday of the Imagination",
                "uri": "550835661",
                "url": "http://www.huffingtonpost.com/tim-giago/thanksgiving-a-holiday-of_b_13110092.html",
                "wgt": 1
            },
            {
                "body": "Will Trump allow waterboarding? \"We're going to have a president who will never say what we'll never do,\" says Gov. Mike Pence. pic.twitter.com/GuFaQPXM8q -- Face The Nation (@FaceTheNation)\n\nPence was speaking in response to the clear anti-torture message Sen. John McCain (R-Ariz.) made to the ...",
                "date": "2016-11-20",
                "id": "11875523",
                "isDuplicate": false,
                "lang": "eng",
                "sim": 0.7176470756530762,
                "source": {
                    "id": "402",
                    "title": "The Huffington Post",
                    "uri": "www.huffingtonpost.com"
                },
                "time": "20:32:00",
                "title": "Mike Pence Refuses To Rule Out Torture In A Trump Administration",
                "uri": "550815822",
                "url": "http://www.huffingtonpost.com/entry/mike-pence-waterboarding_us_5831e4c4e4b030997bbffa1d",
                "wgt": 1
            },
            {
                "body": "We decided to investigate which option reigns supreme once and for all by consulting a few experts. Take a look at the evidence below:\n\nShowering might be better for your skin health, according to one dermatologist.\n\n\"While both are great for keeping clean, prolonged lounging in a bath can lead to ...",
                "date": "2016-11-20",
                "id": "11873992",
                "isDuplicate": false,
                "lang": "eng",
                "sim": 0,
                "source": {
                    "id": "402",
                    "title": "The Huffington Post",
                    "uri": "www.huffingtonpost.com"
                },
                "time": "20:17:00",
                "title": "Finally, Answers To The Shower Vs. Bath Debate",
                "uri": "550811283",
                "url": "http://www.huffingtonpost.com/entry/baths-versus-showers_us_57f81387e4b0e655eab4530d",
                "wgt": 1
            },
            {
                "body": "Three years ago, his hedge fund outperformed its rivals by leaps and bounds.\n\nAnd in December 2012, Mr. Ackman took a $1 billion public short in the stock of a nutrition company called Herbalife. Like the lead actor in a Cecil B. DeMille cinematic extravaganza, Mr. Ackman performed for three and ...",
                "date": "2016-11-20",
                "id": "11872084",
                "isDuplicate": false,
                "lang": "eng",
                "sim": 0,
                "source": {
                    "id": "402",
                    "title": "The Huffington Post",
                    "uri": "www.huffingtonpost.com"
                },
                "time": "19:59:00",
                "title": "Beginning Of The End For Swaggering Hedge Fund Billionaire?",
                "uri": "550805639",
                "url": "http://www.huffingtonpost.com/bruce-fein/beginning-of-the-end-for-_2_b_13093736.html",
                "wgt": 1
            },
            {
                "body": "Since the election earlier this month, the explanation for Donald Trump's surprising victory that appears to be getting the most traction is that it was due to the Democratic Party losing touch with white working class voters and not offering solutions to the problems they confront in a changing ...",
                "date": "2016-11-20",
                "id": "11872080",
                "isDuplicate": false,
                "lang": "eng",
                "sim": 0,
                "source": {
                    "id": "402",
                    "title": "The Huffington Post",
                    "uri": "www.huffingtonpost.com"
                },
                "time": "19:59:00",
                "title": "The Democratic Party, Working Class Whites And Republican Racism",
                "uri": "550805631",
                "url": "http://www.huffingtonpost.com/lincoln-mitchell/the-democratic-party-work_b_13109238.html",
                "wgt": 1
            },
            {
                "body": "The recent supermoon loomed on the horizon like a gigantic orange balloon, bigger than most of us had ever seen it before. The concurrent presidential election of the orange-hued Donald Trump, and that moon, bring to mind two psychological sci-fi movies that may help explain the fears and insomnia ...",
                "date": "2016-11-20",
                "id": "11872073",
                "isDuplicate": false,
                "lang": "eng",
                "sim": 0,
                "source": {
                    "id": "402",
                    "title": "The Huffington Post",
                    "uri": "www.huffingtonpost.com"
                },
                "time": "19:59:00",
                "title": "A Supermoon And Memories Of Two Doomsday Films In The Time Of Trump",
                "uri": "550805634",
                "url": "http://www.huffingtonpost.com/lea-lane/a-supermoon-and-memories-_b_13095238.html",
                "wgt": 1
            },
            {
                "body": "BERLIN, Nov 20 (Reuters) - Angela Merkel announced on Sunday she wants to run for a fourth term as German chancellor in next year's election, a sign of stability after Britain's vote to leave the European Union and the election of Donald Trump as the next U.S. president.\n\nDespite a voter backlash ...",
                "date": "2016-11-20",
                "id": "11871667",
                "isDuplicate": false,
                "lang": "eng",
                "sim": 0.7333333492279053,
                "source": {
                    "id": "402",
                    "title": "The Huffington Post",
                    "uri": "www.huffingtonpost.com"
                },
                "time": "19:55:00",
                "title": "Angela Merkel Will Seek Fourth Term As German Chancellor",
                "uri": "550795842",
                "url": "http://www.huffingtonpost.com/entry/germany-merkel-fourth-term_us_5831f48fe4b099512f8366f6",
                "wgt": 1
            },
            {
                "body": "Kanye West hit a low note with fans Saturday night after reportedly arriving late to a concert and then storming offstage after performing only two or three songs.\n\nVideo taken at his Saint Pablo Tour in Sacramento, California, shows the \"Famous\" rapper stopping his set at Golden 1 Center to spout ...",
                "date": "2016-11-20",
                "id": "11868509",
                "isDuplicate": false,
                "lang": "eng",
                "sim": 0.4313725531101227,
                "source": {
                    "id": "402",
                    "title": "The Huffington Post",
                    "uri": "www.huffingtonpost.com"
                },
                "time": "19:26:00",
                "title": "Kanye West Targets Beyonc\u00e9 In Bizarre Rant, Then Ditches Audience",
                "uri": "550795633",
                "url": "http://www.huffingtonpost.com/entry/kanye-west-beyonce-rants-storms-off-stage_us_5831d51ce4b099512f835f43",
                "wgt": 1
            },
            {
                "body": "According to the FCWA, the industrial food system in America is dominated by a handful of large corporations. A small number of companies exert enormous control over how food is produced, transported, and sold, putting downward pressure on wages and unionization. \"A striking example of this,\" says ...",
                "date": "2016-11-20",
                "id": "11864365",
                "isDuplicate": false,
                "lang": "eng",
                "sim": 0,
                "source": {
                    "id": "402",
                    "title": "The Huffington Post",
                    "uri": "www.huffingtonpost.com"
                },
                "time": "18:47:00",
                "title": "Rats In The Cellar: The American Food Industry's Substandard Labor Conditions",
                "uri": "550783798",
                "url": "http://www.huffingtonpost.com/al-norman/rats-in-the-cellar-the-am_b_13109510.html",
                "wgt": 1
            },
            {
                "body": "The recent presidential election revealed a deeply divided and disaffected America. While Donald Trump won the electoral vote and, therefore, the election, Hillary Clinton won the popular vote by well over 1 million votes. Since the election, we have seen incidents of bias and bullying that invoke ...",
                "date": "2016-11-20",
                "id": "11864297",
                "isDuplicate": false,
                "lang": "eng",
                "sim": 0,
                "source": {
                    "id": "402",
                    "title": "The Huffington Post",
                    "uri": "www.huffingtonpost.com"
                },
                "time": "18:46:00",
                "title": "Election Postscript: Rejecting Hate and Economic Inequity",
                "uri": "550783491",
                "url": "http://www.huffingtonpost.com/entry/election-postscript-rejecting-hate-and-economic-inequity_us_583128aae4b08c963e344080",
                "wgt": 1
            },
            {
                "body": "Flynn might be a little \"extended,\" said former NSA chief Michael Hayden.\n\nFormer National Security Agency director and CIA director Michael Hayden expressed concern about President-elect Donald Trump's pick for national security advisor, Michael Flynn, saying Flynn, the former director of the ...",
                "date": "2016-11-20",
                "id": "11860605",
                "isDuplicate": false,
                "lang": "eng",
                "sim": 0.658823549747467,
                "source": {
                    "id": "402",
                    "title": "The Huffington Post",
                    "uri": "www.huffingtonpost.com"
                },
                "time": "18:17:00",
                "title": "Former NSA Head Doesn't Think Michael Flynn Is Up To The Job",
                "uri": "550773439",
                "url": "http://www.huffingtonpost.com/entry/nsa-director-michael-hayden-flynn_us_5831d8b9e4b099512f835fc5",
                "wgt": 1
            },
            {
                "body": "If the words \"price transparency\" don't make your eyes glaze over, then you're probably one of the hundreds of thousands of travelers who feel ripped off by a low price.\n\nMaybe you're infuriated by promises of price transparency because, well, prices aren't that transparent, particularly when you're ...",
                "date": "2016-11-20",
                "id": "11860607",
                "isDuplicate": false,
                "lang": "eng",
                "sim": 0,
                "source": {
                    "id": "402",
                    "title": "The Huffington Post",
                    "uri": "www.huffingtonpost.com"
                },
                "time": "18:17:00",
                "title": "Airlines Offer \"Low\" Fares -- So Why Do You Still Feel Ripped Off?",
                "uri": "550773441",
                "url": "http://www.huffingtonpost.com/entry/airlines-offer-low-fares-so-why-do-you-still-feel_us_58319007e4b0d28e55215096",
                "wgt": 1
            },
            {
                "body": "The Sports Illustrated model made her Twitter account public on Saturday to post a series of strident tweets slamming the president-elect.\n\n\"Look who wants a fucking safe space now,\" she wrote. \"The very thing him and his supporters make fun of as liberal political correctness. God, what a ...",
                "date": "2016-11-20",
                "id": "11857509",
                "isDuplicate": false,
                "lang": "eng",
                "sim": 0.4705882370471954,
                "source": {
                    "id": "402",
                    "title": "The Huffington Post",
                    "uri": "www.huffingtonpost.com"
                },
                "time": "17:51:00",
                "title": "Chrissy Teigen Slams Trump For Demanding Apology From 'Hamilton' Cast",
                "uri": "550764700",
                "url": "http://www.huffingtonpost.com/entry/chrissy-teigen-trump-hamilton_us_5831c98de4b099512f835dd3",
                "wgt": 1
            },
            {
                "body": "We must not make the same mistake again. Having turned our lives, our safety, and our children's futures over to the whims of a thoughtless, reckless, ignorant, and immoral huckster, we must stand guard and fight back against peril.\n\nThese are, indeed, perilous times. We should not underestimate the ...",
                "date": "2016-11-20",
                "id": "11856781",
                "isDuplicate": false,
                "lang": "eng",
                "sim": 0,
                "source": {
                    "id": "402",
                    "title": "The Huffington Post",
                    "uri": "www.huffingtonpost.com"
                },
                "time": "17:44:00",
                "title": "The Struggle Ahead",
                "uri": "550762711",
                "url": "http://www.huffingtonpost.com/geoffrey-r-stone/donald-trump-and-the-stru_b_13101568.html",
                "wgt": 1
            },
            {
                "body": "This piece was first published in Jacobin under the headline 'Garbage In, Garbage Out.'\n\nIt is now becoming clear that Clinton's ground game -- the watchword for defenders of her alleged competence -- was actually under-resourced and poorly executed. Like so much else in this election, her field ...",
                "date": "2016-11-20",
                "id": "11851627",
                "isDuplicate": false,
                "lang": "eng",
                "sim": 0,
                "source": {
                    "id": "402",
                    "title": "The Huffington Post",
                    "uri": "www.huffingtonpost.com"
                },
                "time": "17:04:00",
                "title": "The Hubris Of The Clinton Ground Game",
                "uri": "550749462",
                "url": "http://www.huffingtonpost.com/entry/the-hubris-of-the-clinton-ground-game_us_5831cebce4b099512f835e78",
                "wgt": 1
            },
            {
                "body": "I have always had a good relationship with Chuck Schumer. He is far smarter than Harry R and has the ability to get things done. Good news! -- Donald J. Trump (@realDonaldTrump)\n\nTrump's tweet referred to retiring Minority Leader Harry Reid (D-Nev.), who has regularly blistered Trump from the Senate ...",
                "date": "2016-11-20",
                "id": "11851623",
                "isDuplicate": false,
                "lang": "eng",
                "sim": 0,
                "source": {
                    "id": "402",
                    "title": "The Huffington Post",
                    "uri": "www.huffingtonpost.com"
                },
                "time": "17:04:00",
                "title": "Trump Praises Chuck Schumer In Reposted Tweet That First Called Him 'Cunning'",
                "uri": "550746732",
                "url": "http://www.huffingtonpost.com/entry/trump-praise-chuck-schumer-tweet-cunning_us_5831bff7e4b030997bbff2a1",
                "wgt": 1
            },
            {
                "body": "Jessica Simpson's kids, son Ace and daughter Maxi Drew, are flat-out adorable.\n\nOver the weekend, the singer-turned-fashion mogul shared a behind-the-scenes photo from picture day on Instagram, in which her kiddos show off big smiles for the camera. They look utterly angelic.\n\n\"Behind the scenes of ...",
                "date": "2016-11-20",
                "id": "11851601",
                "isDuplicate": false,
                "lang": "eng",
                "sim": 0,
                "source": {
                    "id": "402",
                    "title": "The Huffington Post",
                    "uri": "www.huffingtonpost.com"
                },
                "time": "17:04:00",
                "title": "Jessica Simpson's Kids Look Like Little Angels In Adorable Instagram",
                "uri": "550749468",
                "url": "http://www.huffingtonpost.com/entry/jessica-simpson-adorable-kids_us_5831c187e4b099512f835a70",
                "wgt": 1
            },
            {
                "body": "GOP chairman and incoming White House chief of staff Reince Priebus said he was \"not going to rule out anything\" when it came to banning Muslim immigration, but seemed to suggest that such a ban would not explicitly prohibit Muslims outright.\n\n\"I'm not gonna rule out anything,\" Priebus said during ...",
                "date": "2016-11-20",
                "id": "11848882",
                "isDuplicate": false,
                "lang": "eng",
                "sim": 0.5529412031173706,
                "source": {
                    "id": "402",
                    "title": "The Huffington Post",
                    "uri": "www.huffingtonpost.com"
                },
                "time": "16:43:00",
                "title": "Reince Priebus Voices Support For Altered Muslim Ban",
                "uri": "550742398",
                "url": "http://www.huffingtonpost.com/entry/reince-priebus-muslim-ban_us_5831c773e4b058ce7aaba1f9",
                "wgt": 1
            },
            {
                "body": "The president-elect had some choice words for the \"highly overrated\" Broadway hit.\n\nVice President-elect Mike Pence says he was not offended by the statement directed at him from the cast of the Broadway hit \"Hamilton\" following the Friday night performance he attended.\n\n\"I really enjoyed watching ...",
                "date": "2016-11-20",
                "id": "11846783",
                "isDuplicate": false,
                "lang": "eng",
                "sim": 0.7098039388656616,
                "source": {
                    "id": "402",
                    "title": "The Huffington Post",
                    "uri": "www.huffingtonpost.com"
                },
                "time": "16:29:00",
                "title": "Mike Pence's 'Hamilton' Recollection Conflicts With Donald Trump's Take",
                "uri": "550737494",
                "url": "http://www.huffingtonpost.com/entry/mike-pence-donald-trump-hamilton_us_5831bbf8e4b058ce7aab9dd7",
                "wgt": 1
            },
            {
                "body": "It follows him calling last month for what he described as the \"boring and unfunny\" show to be retired, and saying that Hollywood star Alec Baldwin's portrayal of him \"stinks.\"\n\nWhile Trump did not directly refer to Baldwin's depiction of him in his latest outburst, the actor did reprise his role of ...",
                "date": "2016-11-20",
                "id": "11841659",
                "isDuplicate": false,
                "lang": "eng",
                "sim": 0,
                "source": {
                    "id": "402",
                    "title": "The Huffington Post",
                    "uri": "www.huffingtonpost.com"
                },
                "time": "15:49:00",
                "title": "Donald Trump Blasts 'Biased' Sketch Show 'SNL' On Twitter. Again.",
                "uri": "550723789",
                "url": "http://www.huffingtonpost.com/entry/donald-trump-snl-twitter_us_5831af00e4b099512f834db3",
                "wgt": 1
            },
            {
                "body": "WASHINGTON - The Ifill family's journey from Barbados to the pinnacle of American society was an arduous and inspirational one.\n\nIt was not the kind of story you heard from the campaign of Donald Trump, because it is one that undercuts and invalidates the worst aspects of the message of fear of ...",
                "date": "2016-11-20",
                "id": "11841653",
                "isDuplicate": false,
                "lang": "eng",
                "sim": 0,
                "source": {
                    "id": "402",
                    "title": "The Huffington Post",
                    "uri": "www.huffingtonpost.com"
                },
                "time": "15:48:00",
                "title": "Gwen Ifill's Funeral Was A Revival Meeting For America",
                "uri": "550723784",
                "url": "http://www.huffingtonpost.com/entry/gwen-ifill-funeral_us_5831b1fce4b030997bbfe6d2",
                "wgt": 1
            },
            {
                "body": "Hundreds of people have been killed since Tuesday in a government push to quash rebels in eastern Aleppo.\n\nA barrel bomb killed a family of six in rebel-held eastern Aleppo early on Sunday and rebel shelling killed eight children at a school in the government-held sector almost a week into one of ...",
                "date": "2016-11-20",
                "id": "11840594",
                "isDuplicate": false,
                "lang": "eng",
                "sim": 0.7450980544090271,
                "source": {
                    "id": "402",
                    "title": "The Huffington Post",
                    "uri": "www.huffingtonpost.com"
                },
                "time": "15:39:00",
                "title": "Dozens Killed In Aleppo Bombing, Including Family Of 6",
                "uri": "550693642",
                "url": "http://www.huffingtonpost.com/entry/dozens-killed-in-aleppo-bombing-including-family-of-6_us_5831a66ee4b058ce7aab9298",
                "wgt": 1
            },
            {
                "body": "RIO DE JANEIRO, Nov 19 (Reuters) - A police helicopter in Rio de Janeiro crashed Saturday evening, killing four officers after a day of intense firefights between law enforcement and suspected criminals in the slum known as City of God.\n\nIt was not clear whether the helicopter had been hit by ...",
                "date": "2016-11-20",
                "id": "11840589",
                "isDuplicate": false,
                "lang": "eng",
                "sim": 0,
                "source": {
                    "id": "402",
                    "title": "The Huffington Post",
                    "uri": "www.huffingtonpost.com"
                },
                "time": "15:39:00",
                "title": "Deadly Police Helicopter Crash In Rio After Day Of Intense Firefights",
                "uri": "550715656",
                "url": "http://www.huffingtonpost.com/entry/brazil-rio-police-helicopter_us_5831b905e4b030997bbfed0c",
                "wgt": 1
            },
            {
                "body": "PARIS, Nov 20 (Reuters) - French voters were choosing a conservative presidential candidate on Sunday in a primary contest whose winner is seen as likely to become head of state in next spring's election.\n\nWith the French left in disarray under the deeply unpopular President Francois Hollande, ...",
                "date": "2016-11-20",
                "id": "11838440",
                "isDuplicate": false,
                "lang": "eng",
                "sim": 0.7215686440467834,
                "source": {
                    "id": "402",
                    "title": "The Huffington Post",
                    "uri": "www.huffingtonpost.com"
                },
                "time": "15:20:00",
                "title": "French Conservatives Choose Their Candidate For Next Presidential Election",
                "uri": "550711633",
                "url": "http://www.huffingtonpost.com/entry/france-republican-nominee_us_5831b5d7e4b099512f8350f2",
                "wgt": 1
            },
            {
                "body": "The Huffington Post: For those unfamiliar with the work you've done in the Texas state legislature, tell us a bit about who you are.\n\nRep. Israel: Well, I've been living in Austin for over 30 years but I'm from El Paso, Texas. I call myself an Ann Richards Democrat in that I feel like I can keep my ...",
                "date": "2016-11-20",
                "id": "11837007",
                "isDuplicate": false,
                "lang": "eng",
                "sim": 0,
                "source": {
                    "id": "402",
                    "title": "The Huffington Post",
                    "uri": "www.huffingtonpost.com"
                },
                "time": "15:08:00",
                "title": "Meet The Texas Lawmaker Fighting For Queer Youth (And Everyone Else)",
                "uri": "550705601",
                "url": "http://www.huffingtonpost.com/entry/representative-israel-queer-south_us_5830d67ce4b030997bbfd961",
                "wgt": 1
            },
            {
                "body": "The packed train suddenly rolled of the tracks, causing a devastating crash.\n\nPUKHRAYAN, India/NEW DELHI, India Nov 20 (Reuters) - At least 119 people were killed and more than 150 injured when an Indian express train derailed in northern state of Uttar Pradesh on Sunday, with the toll set to rise ...",
                "date": "2016-11-20",
                "id": "11835303",
                "isDuplicate": false,
                "lang": "eng",
                "sim": 0.4823529422283173,
                "source": {
                    "id": "402",
                    "title": "The Huffington Post",
                    "uri": "www.huffingtonpost.com"
                },
                "time": "14:55:00",
                "title": "India Train Derailment Kills Over 100 People, Wounds At Least 150",
                "uri": "550703677",
                "url": "http://www.huffingtonpost.com/entry/india-train-derails_us_5831b117e4b099512f834e59",
                "wgt": 1
            },
            {
                "body": "Photographers Sunil Gupta and Charan Singh met at an HIV conference in Delhi in 2009. Both had been a part of India's queer scene for years. Gupta had been photographing LGBT Indians since the 1980s, and had recently moved back to Delhi from London. Singh had worked to build a network of public ...",
                "date": "2016-11-20",
                "id": "11834808",
                "isDuplicate": false,
                "lang": "eng",
                "sim": 0,
                "source": {
                    "id": "402",
                    "title": "The Huffington Post",
                    "uri": "www.huffingtonpost.com"
                },
                "time": "14:51:00",
                "title": "Documenting the Secret Lives Of India's LGBTQ Youth",
                "uri": "550705459",
                "url": "http://www.huffingtonpost.com/entry/documenting-secret-lives-lgbtq-youth_us_582a1f6fe4b02d21bbca1935",
                "wgt": 1
            },
            {
                "body": "Biden has been the right-hand man of President Barack Obama since he took office in 2009. Their close relationship was depicted in a series of (hilarious) memes that went viral this month, with internet users imagining the political heavyweights discussing President-elect Donald Trump\n\nThe vice ...",
                "date": "2016-11-20",
                "id": "11826388",
                "isDuplicate": false,
                "lang": "eng",
                "sim": 0.7843137383460999,
                "source": {
                    "id": "402",
                    "title": "The Huffington Post",
                    "uri": "www.huffingtonpost.com"
                },
                "time": "13:37:00",
                "title": "Raise Your (Ice Cream) Glasses To Birthday Boy Joe Biden",
                "uri": "550679806",
                "url": "http://www.huffingtonpost.com/entry/joe-biden-birthday-74_us_5830ba3fe4b030997bbfd48d",
                "wgt": 1
            },
            {
                "body": "OK, so maybe this food isn't what you were dreaming of indulging in on Turkey Day. But beets are high in fiber, so they might be a good food to start your meal with to help fill you up and keep you from making any unhealthy decisions. Along with vitamin C, this mild-flavored root is rich in ...",
                "date": "2016-11-20",
                "id": "11823360",
                "isDuplicate": false,
                "lang": "eng",
                "sim": 0,
                "source": {
                    "id": "402",
                    "title": "The Huffington Post",
                    "uri": "www.huffingtonpost.com"
                },
                "time": "13:15:00",
                "title": "5 Classic Holiday Foods With Anti-Aging Benefits",
                "uri": "550666745",
                "url": "http://www.huffingtonpost.com/entry/5-classic-holiday-foods-with-anti-aging-benefits_us_582a0fe5e4b02d21bbc9f270",
                "wgt": 1
            },
            {
                "body": "Lucas Holliday totally held his own when it came to singing with his musical hero.\n\nThe Dollar General store cashier who became an internet sensation last week after a customer filmed him singing Maxwell's \"Ascension\" joined the R&B star on stage for his show at The Palace of Auburn Hills in Detroit ...",
                "date": "2016-11-20",
                "id": "11822537",
                "isDuplicate": false,
                "lang": "eng",
                "sim": 0.7882353067398071,
                "source": {
                    "id": "402",
                    "title": "The Huffington Post",
                    "uri": "www.huffingtonpost.com"
                },
                "time": "13:07:00",
                "title": "Maxwell Brings Viral Cashier On Stage To Sing With Him, And He Nails It",
                "uri": "550670230",
                "url": "http://www.huffingtonpost.com/entry/maxwell-viral-cashier-stage-detroit_us_58318298e4b099512f834792",
                "wgt": 1
            },
            {
                "body": "Authorities believe he's targeted four Massachusetts banks since Oct. 31.\n\nThe FBI is seeking a bank robber it has dubbed the \"Spelling Bee Bandit,\" who leaves a distinct calling card during each heist.\n\nAuthorities in Massachusetts say each time the unidentified man robs a bank, he slides a ...",
                "date": "2016-11-20",
                "id": "11810532",
                "isDuplicate": false,
                "lang": "eng",
                "sim": 0.5921568870544434,
                "source": {
                    "id": "402",
                    "title": "The Huffington Post",
                    "uri": "www.huffingtonpost.com"
                },
                "time": "11:15:00",
                "title": "FBI Hunts 'Spelling Bee Bandit' Who Hands Over 'Robery' Notes",
                "uri": "550636243",
                "url": "http://www.huffingtonpost.com/entry/fbi-spelling-bee-bandit_us_58316fd4e4b058ce7aab8bd0",
                "wgt": 1
            },
            {
                "body": "There was a surprise appearance from former 'SNL' cast member Jason Sudeikis, who returned to the show to reprise his role as former Republican presidential candidate Mitt Romney.\n\nAnd when Beck Bennett as Vice President-elect Mike Pence dropped by, Baldwin as Trump commented on his eventful evening ...",
                "date": "2016-11-20",
                "id": "11789501",
                "isDuplicate": false,
                "lang": "eng",
                "sim": 0,
                "source": {
                    "id": "402",
                    "title": "The Huffington Post",
                    "uri": "www.huffingtonpost.com"
                },
                "time": "07:53:00",
                "title": "Alec Baldwin Returns To 'SNL' As Man Without A Plan Donald Trump",
                "uri": "550571733",
                "url": "http://www.huffingtonpost.com/entry/alec-baldwin-donald-trump-snl-mike-pence_us_58314853e4b030997bbfdc1b",
                "wgt": 1
            },
            {
                "body": "More than 30 people were killed after an Indian train derailed in northern Uttar Pradesh, the nation's biggest state, in the early hours of Sunday, local media reported.\n\nThe train was traveling between the northeastern city of Patna and the central city of Indore when the incident happened, ...",
                "date": "2016-11-20",
                "id": "11774551",
                "isDuplicate": false,
                "lang": "eng",
                "sim": 0,
                "source": {
                    "id": "402",
                    "title": "The Huffington Post",
                    "uri": "www.huffingtonpost.com"
                },
                "time": "04:52:00",
                "title": "Scores Killed In Indian Train Derailment",
                "uri": "550527093",
                "url": "http://www.huffingtonpost.com/entry/india-train-derailment_us_58311f08e4b030997bbfdbf8",
                "wgt": 1
            },
            {
                "body": "VATICAN CITY - Pope Francis on Saturday said an \"epidemic of animosity\" against people of other races or religions was hurting the weakest in society, striking a note of caution against the rise of populist nationalism.\n\nLittle more than a week after Donald Trump was elected the next U.S. president, ...",
                "date": "2016-11-20",
                "id": "11756380",
                "isDuplicate": true,
                "lang": "eng",
                "sim": 0,
                "source": {
                    "id": "402",
                    "title": "The Huffington Post",
                    "uri": "www.huffingtonpost.com"
                },
                "time": "00:32:00",
                "title": "Francis Denounces 'Epidemic Of Animosity' Toward Minorities",
                "uri": "550473719",
                "url": "http://www.huffingtonpost.com/entry/pope-francis-minorities_us_5830e4f5e4b099512f83421d",
                "wgt": 1
            }
        ],
        "totalResults": 45
    }
}