{
    "articles": {
        "count": 34,
        "page": 1,
        "pages": 1,
        "results": [
            {
                "body": "LONDON (Reuters) - Swimming, racquet sports and aerobics are associated with the best odds of staving off death, and in particular of reducing the risk of dying from heart disease or stroke, scientists said on Tuesday.\n\nIn a study of various types of exercise and their risk levels, the researchers ...",
                "date": "2016-11-29",
                "id": "14000637",
                "isDuplicate": true,
                "lang": "eng",
                "sim": 0,
                "source": {
                    "id": "10239",
                    "title": "Yahoo News",
                    "uri": "news.yahoo.com"
                },
                "time": "23:46:00",
                "title": "Want to delay death? Then swim, dance, or get on court, study shows",
                "uri": "556416682",
                "url": "http://news.yahoo.com/want-delay-death-then-swim-dance-court-study-233733324--ten.html",
                "wgt": 1
            },
            {
                "body": "Carrie Fisher is positive Harrison Ford is not pleased with portions of their private life she revealed in her new memoir, The Princess Diarist.\n\nFisher made headlines a few weeks ago when she admitted there was a section in her book that dealt with an affair she had with her married Star Wars ...",
                "date": "2016-11-29",
                "id": "13983360",
                "isDuplicate": false,
                "lang": "eng",
                "sim": 0.7372549176216125,
                "source": {
                    "id": "10239",
                    "title": "Yahoo News",
                    "uri": "news.yahoo.com"
                },
                "time": "22:13:00",
                "title": "Carrie Fisher Says She \"Ambushed\" Harrison Ford With Affair Admission in Book",
                "uri": "556370286",
                "url": "http://news.yahoo.com/carrie-fisher-says-she-ambushed-harrison-ford-affair-050040649.html",
                "wgt": 1
            },
            {
                "body": "Washington (AFP) - The United States will send two senior officials to Fidel Castro's memorial service Tuesday, but not as part of an official delegation -- a diplomatic fudge designed to avoid offending Havana.\n\nThe White House said it would not dispatch an official delegation -- which usually ...",
                "date": "2016-11-29",
                "id": "13961959",
                "isDuplicate": false,
                "lang": "eng",
                "sim": 0.6392157077789307,
                "source": {
                    "id": "10239",
                    "title": "Yahoo News",
                    "uri": "news.yahoo.com"
                },
                "time": "20:19:00",
                "title": "No 'official' US delegation for Castro funeral",
                "uri": "556313668",
                "url": "http://news.yahoo.com/no-official-us-delegation-castro-funeral-201203850.html",
                "wgt": 1
            },
            {
                "body": "ORLANDO, Fla. (AP) -- Universal Parks & Resorts and Nintendo are joining forces to add video game characters to the theme park company's resorts.\n\nCompany officials said Tuesday that Nintendo-themed areas will be added to Universal parks in Orlando, Los Angeles and Osaka, Japan.\n\nFew other details ...",
                "date": "2016-11-29",
                "id": "13959595",
                "isDuplicate": true,
                "lang": "eng",
                "sim": 0,
                "source": {
                    "id": "10239",
                    "title": "Yahoo News",
                    "uri": "news.yahoo.com"
                },
                "time": "20:07:00",
                "title": "Mario headed to parks: Nintendo and Universal join forces",
                "uri": "556307417",
                "url": "http://news.yahoo.com/mario-headed-parks-nintendo-universal-join-forces-185523159.html",
                "wgt": 1
            },
            {
                "body": "Jodie Foster has signed on to star in Drew Pearce's directorial debut, Hotel Artemis.\n\nHotel Artemis is based on an original script by Pearce, who wrote Iron Man 3 and Mission Impossible: Rogue Nation. Foster will play a character called \"The Nurse\" in the near-future thriller that is set in its own ...",
                "date": "2016-11-29",
                "id": "13952339",
                "isDuplicate": false,
                "lang": "eng",
                "sim": 0.8941176533699036,
                "source": {
                    "id": "10239",
                    "title": "Yahoo News",
                    "uri": "news.yahoo.com"
                },
                "time": "19:34:00",
                "title": "Jodie Foster to Star in Thriller 'Hotel Artemis'",
                "uri": "556288950",
                "url": "http://news.yahoo.com/jodie-foster-star-thriller-hotel-artemis-190535340.html",
                "wgt": 1
            },
            {
                "body": "GENEVA (Reuters) - The formation of a new government by Yemen's armed Houthi movement, which calls itself Ansar Allah, and its political allies does not help the country or the peace process, the U.N. special envoy to Yemen said on Tuesday.\n\nThe move, reported by the Houthi-run state news agency on ...",
                "date": "2016-11-29",
                "id": "13948813",
                "isDuplicate": false,
                "lang": "eng",
                "sim": 0.5490196347236633,
                "source": {
                    "id": "10239",
                    "title": "Yahoo News",
                    "uri": "news.yahoo.com"
                },
                "time": "19:18:00",
                "title": "Formation of new Houthi government does not help Yemen: U.N. envoy",
                "uri": "556280227",
                "url": "http://news.yahoo.com/formation-houthi-government-does-not-help-yemen-u-191049514.html",
                "wgt": 1
            },
            {
                "body": "New York (AFP) - Workers from fast-food chains, airports and other service industries were to rally in US cities Tuesday as part of a nationwide day of disruption to demand union rights and a minimum wage of $15 an hour.\n\nIn New York, a group of 500 that included airport and taxi workers joined a ...",
                "date": "2016-11-29",
                "id": "13943565",
                "isDuplicate": false,
                "lang": "eng",
                "sim": 0.6117647290229797,
                "source": {
                    "id": "10239",
                    "title": "Yahoo News",
                    "uri": "news.yahoo.com"
                },
                "time": "18:53:00",
                "title": "US fast-food workers lead day of protest for $15/hour",
                "uri": "556266463",
                "url": "http://news.yahoo.com/us-fast-food-workers-lead-day-protest-15-183907701.html",
                "wgt": 1
            },
            {
                "body": "MALONE, N.Y. (AP) -- A New York state prison guard has been charged with hitting an inmate in the face, breaking the man's jaw.\n\nState police say they arrested 47-year-old Thomas Agans, of Brasher Falls, on Monday and charged him with one felony count of assault following his indictment by a ...",
                "date": "2016-11-29",
                "id": "13941684",
                "isDuplicate": true,
                "lang": "eng",
                "sim": 0,
                "source": {
                    "id": "10239",
                    "title": "Yahoo News",
                    "uri": "news.yahoo.com"
                },
                "time": "18:43:00",
                "title": "New York guard charged with hitting inmate, breaking jaw",
                "uri": "556260293",
                "url": "http://news.yahoo.com/york-guard-charged-hitting-inmate-breaking-jaw-180243330.html",
                "wgt": 1
            },
            {
                "body": "Nassau (Bahamas) (AFP) - Tiger Woods measures success by just being able to compete at the Hero World Challenge, where the former world number one returns from the longest layoff of his career on Thursday.\n\nA back injury has sidelined the 14-time major champion since August of last year and at this ...",
                "date": "2016-11-29",
                "id": "13938673",
                "isDuplicate": false,
                "lang": "eng",
                "sim": 0.7882353067398071,
                "source": {
                    "id": "10239",
                    "title": "Yahoo News",
                    "uri": "news.yahoo.com"
                },
                "time": "18:30:00",
                "title": "Tiger considers teeing off again as big ssuccess",
                "uri": "556253281",
                "url": "http://news.yahoo.com/tiger-considers-teeing-off-again-big-ssuccess-182318800--golf.html",
                "wgt": 1
            },
            {
                "body": "BISMARCK, N.D. (AP) -- The Latest on the protest against the Dakota Access oil pipeline (all times local):\n\n11:15 a.m.\n\nSeveral Dakota Access pipeline protesters are suing Morton County, the city of Mandan and North Dakota law enforcement officials, arguing their civil rights were violated during a ...",
                "date": "2016-11-29",
                "id": "13934080",
                "isDuplicate": true,
                "lang": "eng",
                "sim": 0,
                "source": {
                    "id": "10239",
                    "title": "Yahoo News",
                    "uri": "news.yahoo.com"
                },
                "time": "18:13:00",
                "title": "The Latest: Pipeline protesters sue after clash with police",
                "uri": "556243063",
                "url": "http://news.yahoo.com/latest-pipeline-protesters-sue-clash-police-173523114.html",
                "wgt": 1
            },
            {
                "body": "(Reuters) - Wildfires forced thousands of residents and tourists to flee the Great Smoky Mountains area in Tennessee on Tuesday, as the blazes burned hundreds of structures and threatened many more, including country music star Dolly Parton's theme park \"Dollywood.\"\n\nFour people were taken to local ...",
                "date": "2016-11-29",
                "id": "13930965",
                "isDuplicate": false,
                "lang": "eng",
                "sim": 0,
                "source": {
                    "id": "10239",
                    "title": "Yahoo News",
                    "uri": "news.yahoo.com"
                },
                "time": "18:01:00",
                "title": "Thousands flee U.S. Great Smoky Mountains as wildfires roar",
                "uri": "556234921",
                "url": "http://news.yahoo.com/thousands-flee-u-great-smoky-mountains-wildfires-roar-175100327.html",
                "wgt": 1
            },
            {
                "body": "Amazon's Alexa digital assistant is still fairly new, but the company has already featured it in multiple products, from the Echo to the Tap, and even Fire TV. Now, Amazon is poised to up its game with a new Alexa-enabled speaker that includes a 7-inch touchscreen, according to a report by ...",
                "date": "2016-11-29",
                "id": "13930411",
                "isDuplicate": false,
                "lang": "eng",
                "sim": 0.7411764860153198,
                "source": {
                    "id": "10239",
                    "title": "Yahoo News",
                    "uri": "news.yahoo.com"
                },
                "time": "17:58:00",
                "title": "Amazon reportedly planning all-new Alexa device with massive touchscreen",
                "uri": "556233577",
                "url": "http://news.yahoo.com/amazon-reportedly-planning-alexa-device-massive-touchscreen-172819508.html",
                "wgt": 1
            },
            {
                "body": "TRENTON, N.J. (AP) -- New Jersey Gov. Chris Christie says work will begin immediately on a complete renovation of the \"shameful\" statehouse.\n\nThe Republican governor said Tuesday that staff will be moved into other office space by July for a four-year, $300 million project.\n\nHe says the current ...",
                "date": "2016-11-29",
                "id": "13926455",
                "isDuplicate": true,
                "lang": "eng",
                "sim": 0,
                "source": {
                    "id": "10239",
                    "title": "Yahoo News",
                    "uri": "news.yahoo.com"
                },
                "time": "17:42:00",
                "title": "Gov. Christie announces renovation of 'shameful' statehouse",
                "uri": "556223912",
                "url": "http://news.yahoo.com/gov-christie-announces-renovation-shameful-statehouse-172344231.html",
                "wgt": 1
            },
            {
                "body": "Alexis Bledel chatted with Jimmy Fallon about Netflix's Gilmore Girls revival, A Year in the Life, on Monday's Tonight Show.\n\nWithout giving away any spoilers, Fallon asked Bledel how she felt about the famous last four words of the Netflix special. \"Amy [Sherman-Palladino] told me and I was very ...",
                "date": "2016-11-29",
                "id": "13922414",
                "isDuplicate": false,
                "lang": "eng",
                "sim": 0.8078431487083435,
                "source": {
                    "id": "10239",
                    "title": "Yahoo News",
                    "uri": "news.yahoo.com"
                },
                "time": "17:27:00",
                "title": "Alexis Bledel Ranks Her Top 4 'Gilmore Girls' Characters",
                "uri": "556213657",
                "url": "http://news.yahoo.com/alexis-bledel-ranks-her-top-4-gilmore-girls-050053732.html",
                "wgt": 1
            },
            {
                "body": "A Texas Republican announced over the weekend that he plans to resign his post as a member of the Electoral College rather than cast a ballot for US President-elect Donald Trump, a man he deems \"not biblically qualified for office.\"\n\nCiting his Christian religion and his understanding of ...",
                "date": "2016-11-29",
                "id": "13921162",
                "isDuplicate": false,
                "lang": "eng",
                "sim": 0.772549033164978,
                "source": {
                    "id": "10239",
                    "title": "Yahoo News",
                    "uri": "news.yahoo.com"
                },
                "time": "17:22:00",
                "title": "Texas elector quits, says pledge binding and Trump 'not biblically qualified'",
                "uri": "556210918",
                "url": "http://news.yahoo.com/texas-elector-quits-says-pledge-binding-trump-not-152847695.html",
                "wgt": 1
            },
            {
                "body": "The accessory that turns smartphones into affordable 360 cameras could be coming to Android. On Monday, Insta360 launched the dual-lens Air on Indiegogo.\n\nThe smartphone accessory live-streams 360-degree video -- and snaps stills -- using two 220-degree lenses, image stabilization, and integrated ...",
                "date": "2016-11-29",
                "id": "13920752",
                "isDuplicate": false,
                "lang": "eng",
                "sim": 0.8549019694328308,
                "source": {
                    "id": "10239",
                    "title": "Yahoo News",
                    "uri": "news.yahoo.com"
                },
                "time": "17:20:00",
                "title": "Smaller than a golf ball, this $99 Android accessory shoots 360 videos",
                "uri": "556209908",
                "url": "http://news.yahoo.com/smaller-golf-ball-99-android-163916343.html",
                "wgt": 1
            },
            {
                "body": "South Korea, which has a high rate of moviegoing, has turned its back on popcorn entertainment amid the country's recent political turmoil. Cinema admissions dropped considerably as five consecutive weekly protests took place near the presidential residence in Seoul.\n\nEver since Korean President ...",
                "date": "2016-11-29",
                "id": "13913511",
                "isDuplicate": false,
                "lang": "eng",
                "sim": 0,
                "source": {
                    "id": "10239",
                    "title": "Yahoo News",
                    "uri": "news.yahoo.com"
                },
                "time": "16:54:00",
                "title": "South Korean Cinema Admissions Drop Amid Anti-President Protests",
                "uri": "556193120",
                "url": "http://news.yahoo.com/south-korean-cinema-admissions-drop-amid-anti-president-161246486.html",
                "wgt": 1
            },
            {
                "body": "YPSILANTI, Mich. (AP) -- Eastern Michigan is going to a bowl game for the first time since 1987.\n\nThe Popeyes Bahamas Bowl said Tuesday that the Eagles have accepted an invitation to the Dec. 23 game, where they will play Old Dominion in Nassau in a game aired on ESPN.\n\nThe Eagles won a single game ...",
                "date": "2016-11-29",
                "id": "13894063",
                "isDuplicate": false,
                "lang": "eng",
                "sim": 0.7137255072593689,
                "source": {
                    "id": "10239",
                    "title": "Yahoo News",
                    "uri": "news.yahoo.com"
                },
                "time": "15:42:00",
                "title": "Eastern Michigan caps turnaround season with bowl trip",
                "uri": "556148374",
                "url": "http://news.yahoo.com/eastern-michigan-caps-turnaround-season-bowl-trip-152900438.html",
                "wgt": 1
            },
            {
                "body": "WASHINGTON (AP) -- A unanimous Supreme Court says a former Puerto Rico senator can face a second trial on bribery charges.\n\nJustice Ruth Bader Ginsburg on Tuesday delivered the first opinion of the court's new term by ruling against former Puerto Rico Sen. Hector Martinez-Maldonado and a prominent ...",
                "date": "2016-11-29",
                "id": "13894123",
                "isDuplicate": true,
                "lang": "eng",
                "sim": 0,
                "source": {
                    "id": "10239",
                    "title": "Yahoo News",
                    "uri": "news.yahoo.com"
                },
                "time": "15:42:00",
                "title": "Supreme Court says OK to second bribery trial in Puerto Rico",
                "uri": "556148380",
                "url": "http://news.yahoo.com/supreme-court-says-ok-second-bribery-trial-puerto-151522693.html",
                "wgt": 1
            },
            {
                "body": "AMSTERDAM (Reuters) - Corporate demergers range from the classic spin-off, in which existing shareholders are given shares in a business division which then trades as a separate company, to the carve-out, in which the division is sold to new investors via an initial public offering (IPO) - ...",
                "date": "2016-11-29",
                "id": "13891466",
                "isDuplicate": false,
                "lang": "eng",
                "sim": 0.7450980544090271,
                "source": {
                    "id": "10239",
                    "title": "Yahoo News",
                    "uri": "news.yahoo.com"
                },
                "time": "15:33:00",
                "title": "Factbox: European spin-offs and carve-outs",
                "uri": "556142860",
                "url": "http://news.yahoo.com/factbox-european-spin-offs-carve-outs-152443678--sector.html",
                "wgt": 1
            },
            {
                "body": "DUBLIN (AP) -- Government statisticians say Ireland's unemployment rate has declined to an eight-year low last achieved before a 2008 banking crisis wrecked a property-driven Celtic Tiger economy.\n\nThe Central Statistics Office says in Tuesday's report that joblessness fell to 7.3 percent this month ...",
                "date": "2016-11-29",
                "id": "13891087",
                "isDuplicate": true,
                "lang": "eng",
                "sim": 0,
                "source": {
                    "id": "10239",
                    "title": "Yahoo News",
                    "uri": "news.yahoo.com"
                },
                "time": "15:32:00",
                "title": "Irish unemployment falls to post-crash low of 7.3 percent",
                "uri": "556141548",
                "url": "http://news.yahoo.com/irish-unemployment-falls-post-crash-low-7-3-133006808.html",
                "wgt": 1
            },
            {
                "body": "LUXEMBOURG (Reuters) - Uber [UBER.UL] defended its business model in Europe's highest court on Tuesday, saying its service had made it easier for people to get around and cut pollution as it fights a case which could leave app-based startups facing tougher regulation.\n\nThe ride-hailing app, which ...",
                "date": "2016-11-29",
                "id": "13878967",
                "isDuplicate": true,
                "lang": "eng",
                "sim": 0,
                "source": {
                    "id": "10239",
                    "title": "Yahoo News",
                    "uri": "news.yahoo.com"
                },
                "time": "14:49:00",
                "title": "Uber defends business model, wants to avert strict EU rules",
                "uri": "556112041",
                "url": "http://news.yahoo.com/uber-defends-business-model-wants-avert-avoid-strict-143119449--finance.html",
                "wgt": 1
            },
            {
                "body": "JOHANNESBURG (Reuters) - South Africa's ruling African National Congress (ANC) said on Tuesday its National Executive Committee had debated a call over the weekend for President Jacob Zuma to step down but that the decision-making group had not supported the motion.\n\n\"The NEC did not support the ...",
                "date": "2016-11-29",
                "id": "13855595",
                "isDuplicate": true,
                "lang": "eng",
                "sim": 0,
                "source": {
                    "id": "10239",
                    "title": "Yahoo News",
                    "uri": "news.yahoo.com"
                },
                "time": "13:22:00",
                "title": "South Africa's ANC says Zuma not standing down",
                "uri": "556057150",
                "url": "http://news.yahoo.com/south-africas-anc-says-zuma-not-standing-down-131410118.html",
                "wgt": 1
            },
            {
                "body": "BEIJING (Reuters) - The CEO of Ant Financial Services Group, the payment affiliate of Alibaba Holdings Ltd, apologized on Tuesday following backlash from Chinese netizens over a social feature in the company's payment app that critics say enabled a sexually explicit dating service.\n\nIn an internal ...",
                "date": "2016-11-29",
                "id": "13854573",
                "isDuplicate": true,
                "lang": "eng",
                "sim": 0,
                "source": {
                    "id": "10239",
                    "title": "Yahoo News",
                    "uri": "news.yahoo.com"
                },
                "time": "13:20:00",
                "title": "Ant Financial CEO apologizes following backlash over explicit social network groups",
                "uri": "556054554",
                "url": "http://news.yahoo.com/ant-financial-ceo-apologizes-following-backlash-over-explicit-124540101--finance.html",
                "wgt": 1
            },
            {
                "body": "Gazprom Media, the media arm of the Russian natural gas giant Gazprom, is launching a new television channel focused on foreign drama series on Dec. 1.\n\nGazprom Media has purchased content for the channel, which is to be named Kinoseria, from \u0412\u0412\u0421, France Television, DR1, Disney and Federation ...",
                "date": "2016-11-29",
                "id": "13842158",
                "isDuplicate": false,
                "lang": "eng",
                "sim": 0,
                "source": {
                    "id": "10239",
                    "title": "Yahoo News",
                    "uri": "news.yahoo.com"
                },
                "time": "12:29:00",
                "title": "Russia's Gazprom Media Launches Foreign Drama Channel",
                "uri": "556025065",
                "url": "http://news.yahoo.com/russias-gazprom-media-launches-foreign-drama-channel-050058451.html",
                "wgt": 1
            },
            {
                "body": "BEIJING (Reuters) - An explosion at a factory in eastern China on Tuesday caused delays on the country's flagship high-speed railway line, state media said, in China's latest industrial accident.\n\nThe official Xinhua news agency said there were no injuries in the morning blast and fire at a concrete ...",
                "date": "2016-11-29",
                "id": "13809465",
                "isDuplicate": true,
                "lang": "eng",
                "sim": 0,
                "source": {
                    "id": "10239",
                    "title": "Yahoo News",
                    "uri": "news.yahoo.com"
                },
                "time": "10:14:00",
                "title": "China factory blast causes delays on high-speed rail line",
                "uri": "555946861",
                "url": "http://news.yahoo.com/china-factory-blast-causes-delays-high-speed-rail-095605151.html",
                "wgt": 1
            },
            {
                "body": "Chernobyl (Ukraine) (AFP) - Ukraine on Tuesday unveiled the world's largest moveable metal structure over the Chernobyl nuclear power plant's doomed fourth reactor to ensure the safety of Europeans for generations to come.\n\nThe giant arch's height of 108 metres (355 feet) makes it taller than New ...",
                "date": "2016-11-29",
                "id": "13809432",
                "isDuplicate": false,
                "lang": "eng",
                "sim": 0.7333333492279053,
                "source": {
                    "id": "10239",
                    "title": "Yahoo News",
                    "uri": "news.yahoo.com"
                },
                "time": "10:14:00",
                "title": "Ukraine moves new safety dome over Chernobyl's doomed reactor",
                "uri": "555946860",
                "url": "http://news.yahoo.com/ukraine-unveils-safety-dome-over-chernobyls-doomed-reactor-095135455.html",
                "wgt": 1
            },
            {
                "body": "WASHINGTON (AP) -- Sen. Elizabeth Warren has delivered a ferocious attack on congressional Republicans and Senate Majority Leader Mitch McConnell over a medical research bill, putting fellow Democrats on the spot by pushing them to oppose a measure she said \"is corrupt, and it is very, very ...",
                "date": "2016-11-29",
                "id": "13791223",
                "isDuplicate": true,
                "lang": "eng",
                "sim": 0,
                "source": {
                    "id": "10239",
                    "title": "Yahoo News",
                    "uri": "news.yahoo.com"
                },
                "time": "08:49:00",
                "title": "Sen. Warren blasts drug approval bill as 'extortion'",
                "uri": "555901537",
                "url": "http://news.yahoo.com/sen-warren-blasts-drug-approval-bill-extortion-084433768--finance.html",
                "wgt": 1
            },
            {
                "body": "BAGHDAD (AP) -- Following is a full transcript of The Associated Press interview with Iraqi Prime Minister Haider al-Abadi in Baghdad:\n\nQ - The Mosul campaign is more than six weeks in and just a fraction of the city has been retaken. Are you still confident that the city will be back in government ...",
                "date": "2016-11-29",
                "id": "13790548",
                "isDuplicate": false,
                "lang": "eng",
                "sim": 0.6431372761726379,
                "source": {
                    "id": "10239",
                    "title": "Yahoo News",
                    "uri": "news.yahoo.com"
                },
                "time": "08:46:00",
                "title": "Full transcript of the AP's interview with Iraq's PM",
                "uri": "555899825",
                "url": "http://news.yahoo.com/full-transcript-aps-interview-iraqs-pm-083430085.html",
                "wgt": 1
            },
            {
                "body": "The Philippines criticised Tuesday as \"irresponsible and alarming\" a UN envoy's warning that life sentences meted out to two ex-Khmer Rouge leaders should serve as a warning to Manila over human rights abuses.\n\nLast week, a United Nations-backed court in Cambodia upheld life sentences for crimes ...",
                "date": "2016-11-29",
                "id": "13790482",
                "isDuplicate": true,
                "lang": "eng",
                "sim": 0,
                "source": {
                    "id": "10239",
                    "title": "Yahoo News",
                    "uri": "news.yahoo.com"
                },
                "time": "08:46:00",
                "title": "Philippines slams UN's Khmer Rouge warning as 'irresponsible'",
                "uri": "555899827",
                "url": "http://news.yahoo.com/philippines-slams-uns-khmer-rouge-warning-irresponsible-081408619.html",
                "wgt": 1
            },
            {
                "body": "LOS ANGELES/CHICAGO (Reuters) - Workers from fast-food chains and nearly 20 airports will join nationwide protests for higher pay, union rights and immigration reform on Tuesday in their first major action since businessman Donald Trump won the U.S. presidential election.\n\nMcDonald's Corp ...",
                "date": "2016-11-29",
                "id": "13784522",
                "isDuplicate": false,
                "lang": "eng",
                "sim": 0,
                "source": {
                    "id": "10239",
                    "title": "Yahoo News",
                    "uri": "news.yahoo.com"
                },
                "time": "08:16:00",
                "title": "First 'Fight for $15' protest since Trump win planned for Tuesday",
                "uri": "555884532",
                "url": "http://news.yahoo.com/first-fight-15-protest-since-trump-win-planned-080743716--finance.html",
                "wgt": 1
            },
            {
                "body": "PHILADELPHIA (AP) -- Aaron Rodgers showed Carson Wentz what an elite quarterback can do for his team.\n\nThe two-time NFL MVP had a dazzling performance in a game the Green Bay Packers desperately needed to win. The rookie QB was inconsistent and made a costly mistake for the Philadelphia ...",
                "date": "2016-11-29",
                "id": "13775959",
                "isDuplicate": true,
                "lang": "eng",
                "sim": 0,
                "source": {
                    "id": "10239",
                    "title": "Yahoo News",
                    "uri": "news.yahoo.com"
                },
                "time": "07:29:00",
                "title": "Rodgers tosses 2 TD passes, Packers beat Eagles 27-13",
                "uri": "555862616",
                "url": "http://news.yahoo.com/rodgers-tosses-2-td-passes-packers-beat-eagles-070714176--spt.html",
                "wgt": 1
            },
            {
                "body": "Los Angeles (AFP) - Aaron Rodgers tossed two touchdown passes as the Green Bay Packers snapped their four-game losing streak with a 27-13 win over the Philadelphia Eagles on Monday.\n\nRodgers hit wide receiver Davante Adams for both of his touchdown passes to resurrect the Packers' outside hopes of ...",
                "date": "2016-11-29",
                "id": "13769224",
                "isDuplicate": false,
                "lang": "eng",
                "sim": 0.729411780834198,
                "source": {
                    "id": "10239",
                    "title": "Yahoo News",
                    "uri": "news.yahoo.com"
                },
                "time": "06:50:00",
                "title": "Aaron Rodgers stars as NFL's Packers snap losing streak against Eagles",
                "uri": "555844540",
                "url": "http://news.yahoo.com/aaron-rodgers-stars-nfls-packers-snap-losing-streak-064059448--nfl.html",
                "wgt": 1
            },
            {
                "body": "PORT-AU-PRINCE (Reuters) - Banana exporter Jovenel Moise won Haiti's presidential election in the first round, provisional results released by the election council on Monday showed, after a Nov. 20 election intended to end a year of political uncertainty.\n\nMoise won 55.67 percent of the vote, the ...",
                "date": "2016-11-29",
                "id": "13748171",
                "isDuplicate": false,
                "lang": "eng",
                "sim": 0.6078431606292725,
                "source": {
                    "id": "10239",
                    "title": "Yahoo News",
                    "uri": "news.yahoo.com"
                },
                "time": "04:27:00",
                "title": "Businessman Moise wins Haiti election in first round, provisional results",
                "uri": "555783617",
                "url": "http://news.yahoo.com/businessman-moise-wins-haiti-election-first-round-provisional-041318139.html",
                "wgt": 1
            }
        ],
        "totalResults": 34
    }
}