{
    "articles": {
        "count": 22,
        "page": 1,
        "pages": 1,
        "results": [
            {
                "body": "PARADISE ISLAND, Bahamas (AP) -- King McClure scored all 15 of his points in the second half and No. 20 Baylor rallied from 22 points down to beat No. 10 Louisville 66-63 on Friday in the Battle 4 Atlantis championship game.\n\nJohnathan Motley also had 15 points, and Terry Maston had 10 of his 12 in ...",
                "date": "2016-11-25",
                "id": "13102575",
                "isDuplicate": false,
                "lang": "eng",
                "sim": 0.9490196108818054,
                "source": {
                    "id": "10239",
                    "title": "Yahoo News",
                    "uri": "news.yahoo.com"
                },
                "time": "23:47:00",
                "title": "Top 25 Capsules",
                "uri": "554037761",
                "url": "http://news.yahoo.com/top-25-capsules-233305104.html",
                "wgt": 1
            },
            {
                "body": "There's an entirely new breed of Wi-Fi home routers out there right now that offer features and performance like nothing we've seen in the past. We have covered several of these next-gen Wi-Fi stations here on BGR, and the Starry Station is among them. This sleek router packs a unique design and a ...",
                "date": "2016-11-25",
                "id": "13096600",
                "isDuplicate": false,
                "lang": "eng",
                "sim": 0,
                "source": {
                    "id": "10239",
                    "title": "Yahoo News",
                    "uri": "news.yahoo.com"
                },
                "time": "22:51:00",
                "title": "Futuristic Starry Station home Wi-Fi router gets a deep discount for Black Friday",
                "uri": "554021693",
                "url": "http://news.yahoo.com/futuristic-starry-station-home-wi-fi-router-gets-215228181.html",
                "wgt": 1
            },
            {
                "body": "RENNES, France (AP) -- It did not take long for Yoann Gourcuff to score a well-constructed goal on Friday and lead Rennes to fourth place in the French league standings.\n\nJust 42 seconds into the game against Toulouse and after a succession of precise passes between the Rennes players, Gourcuff was ...",
                "date": "2016-11-25",
                "id": "13096139",
                "isDuplicate": false,
                "lang": "eng",
                "sim": 0.9843137264251709,
                "source": {
                    "id": "10239",
                    "title": "Yahoo News",
                    "uri": "news.yahoo.com"
                },
                "time": "22:48:00",
                "title": "Gourcuff scores early for Rennes in 1-0 win over Toulouse",
                "uri": "554020821",
                "url": "http://news.yahoo.com/gourcuff-scores-early-rennes-1-0-win-over-222309871.html",
                "wgt": 1
            },
            {
                "body": "Ouagadougou (AFP) - Ivory Coast on Friday extradited three soldiers arrested on suspicion of being at the centre of the 2015 coup attempt in Burkina Faso back to their homeland, the Burkinabe interior minister said.\n\nThe three were former members of the presidential guard of ex-leader Blaise ...",
                "date": "2016-11-25",
                "id": "13081107",
                "isDuplicate": false,
                "lang": "eng",
                "sim": 0,
                "source": {
                    "id": "10239",
                    "title": "Yahoo News",
                    "uri": "news.yahoo.com"
                },
                "time": "20:45:00",
                "title": "Ivory Coast extradites 3 soldiers suspected in Burkina coup",
                "uri": "553978872",
                "url": "http://news.yahoo.com/ivory-coast-extradites-3-soldiers-suspected-burkina-coup-203935060.html",
                "wgt": 1
            },
            {
                "body": "Sofia (AFP) - A thousand migrants who clashed with police Thursday will be moved from Bulgaria's largest refugee camp in Harmanli into former army barracks near the Turkish border before being expelled, Prime Minister Boyko Borisov said.\n\nAll necessary preparations will be made over the next week ...",
                "date": "2016-11-25",
                "id": "13079848",
                "isDuplicate": true,
                "lang": "eng",
                "sim": 0,
                "source": {
                    "id": "10239",
                    "title": "Yahoo News",
                    "uri": "news.yahoo.com"
                },
                "time": "20:35:00",
                "title": "Bulgaria to 'isolate' 1,000 migrants from Harmanli after riots",
                "uri": "553974620",
                "url": "http://news.yahoo.com/bulgaria-isolate-1-000-migrants-harmanli-riots-202315936.html",
                "wgt": 1
            },
            {
                "body": "SANDY CREEK, N.Y. (AP) -- State police say a 24-year-old man mistook his father for a deer and fatally shot the older man while hunting near the family's central New York home on Thanksgiving.\n\nTroopers say Kristopher Paro was in a tree stand in the woods behind his home in the Oswego County town of ...",
                "date": "2016-11-25",
                "id": "13057790",
                "isDuplicate": true,
                "lang": "eng",
                "sim": 0,
                "source": {
                    "id": "10239",
                    "title": "Yahoo News",
                    "uri": "news.yahoo.com"
                },
                "time": "18:16:00",
                "title": "Police: Son fatally shoots his father in hunting accident",
                "uri": "553916516",
                "url": "http://news.yahoo.com/police-son-fatally-shoots-father-hunting-accident-180720075.html",
                "wgt": 1
            },
            {
                "body": "Istanbul (AFP) - Turkish President Recep Tayyip Erdogan discussed the Syrian conflict with his Russian counterpart Vladimir Putin in phone talks on Friday after the Turkish army accused Moscow ally Damascus of killing its soldiers in northern Syria.\n\nErdogan informed Putin of the strike that killed ...",
                "date": "2016-11-25",
                "id": "13051982",
                "isDuplicate": false,
                "lang": "eng",
                "sim": 0.7058823704719543,
                "source": {
                    "id": "10239",
                    "title": "Yahoo News",
                    "uri": "news.yahoo.com"
                },
                "time": "17:45:00",
                "title": "Erdogan, Putin in Syria talks after Turkish soldiers killed",
                "uri": "553901886",
                "url": "http://news.yahoo.com/erdogan-putin-syria-talks-turkish-soldiers-killed-172712894.html",
                "wgt": 1
            },
            {
                "body": "Moscow (AFP) - President Vladimir Putin on Friday personally handed a new Russian passport to US action star Steven Seagal and said he hoped the gesture showed a \"normalisation\" of strained relations with Washington.\n\nSitting at a round table in the Kremlin at a televised meeting, Putin showed the ...",
                "date": "2016-11-25",
                "id": "13043772",
                "isDuplicate": true,
                "lang": "eng",
                "sim": 0,
                "source": {
                    "id": "10239",
                    "title": "Yahoo News",
                    "uri": "news.yahoo.com"
                },
                "time": "17:02:00",
                "title": "Putin hands action star Seagal Russian passport",
                "uri": "553882875",
                "url": "http://news.yahoo.com/putin-hands-action-star-seagal-russian-passport-165038903.html",
                "wgt": 1
            },
            {
                "body": "Tickets for \"Rogue One: A Star Wars Story\" will go on sale in the US from Monday, November 28.\n\nDisney Lucasfilm made the announcement through social media accounts for the \"Star Wars\" franchise, which sees its first anthology spin-off arrive mid-December 2016.\n\n\"Rogue One: A Star Wars Story\" takes ...",
                "date": "2016-11-25",
                "id": "13037074",
                "isDuplicate": false,
                "lang": "eng",
                "sim": 0.6431372761726379,
                "source": {
                    "id": "10239",
                    "title": "Yahoo News",
                    "uri": "news.yahoo.com"
                },
                "time": "16:29:00",
                "title": "'Rogue One' prepares to take bookings",
                "uri": "553866940",
                "url": "http://news.yahoo.com/rogue-one-prepares-bookings-152617878.html",
                "wgt": 1
            },
            {
                "body": "(Reuters) - After firing up crowds with boisterous and sometimes divisive campaign rhetoric, Donald Trump has appeared to moderate some stances since he won the U.S. presidential election on Nov. 8.\n\nSuch shifts have cheered critics concerned about his campaign positions while angering some ...",
                "date": "2016-11-25",
                "id": "13030705",
                "isDuplicate": false,
                "lang": "eng",
                "sim": 0.5529412031173706,
                "source": {
                    "id": "10239",
                    "title": "Yahoo News",
                    "uri": "news.yahoo.com"
                },
                "time": "16:00:00",
                "title": "Trump's shifting positions since U.S. election win",
                "uri": "553852040",
                "url": "http://news.yahoo.com/trumps-shifting-positions-since-u-election-win-153651342.html",
                "wgt": 1
            },
            {
                "body": "\"We talked endlessly about her, and we're still talking about her,\" Annette Bening told The Hollywood Reporter during the Actress Oscar Roundtable about playing a fictionalized version of writer and director Mike Mills's mother in 20th Century Women.\n\n\"His preoccupation with it and the way that he ...",
                "date": "2016-11-25",
                "id": "13003133",
                "isDuplicate": false,
                "lang": "eng",
                "sim": 0,
                "source": {
                    "id": "10239",
                    "title": "Yahoo News",
                    "uri": "news.yahoo.com"
                },
                "time": "13:44:00",
                "title": "Annette Bening: \"I Have Fear All the Time With the Work That I Do\" | Actress Oscar Roundtable",
                "uri": "553785258",
                "url": "http://news.yahoo.com/annette-bening-fear-time-actress-oscar-roundtable-130000937.html",
                "wgt": 1
            },
            {
                "body": "JOHANNESBURG (Reuters) - Kenya is expected to keep interest rates stable on Nov. 28 ahead of an expected rate rise in the United States while cautiously dealing with the impact of new banking regulations, a Reuters poll found on Friday.\n\nThe shock of trade-sceptic Donald Trump ascending to the top ...",
                "date": "2016-11-25",
                "id": "12998209",
                "isDuplicate": false,
                "lang": "eng",
                "sim": 0,
                "source": {
                    "id": "10239",
                    "title": "Yahoo News",
                    "uri": "news.yahoo.com"
                },
                "time": "13:21:00",
                "title": "Central Bank of Kenya to hold rates at 10 pct on Nov 28",
                "uri": "553773320",
                "url": "http://news.yahoo.com/central-bank-kenya-hold-rates-10-pct-nov-130305414--business.html",
                "wgt": 1
            },
            {
                "body": "BAGHDAD (Reuters) - Iraq is readying a special force tasked with storming Tal Afar, a bastion of Islamic State west of Mosul, in a way that would avoid revenge killings against the town's Sunni population.\n\nCapturing or isolating Tal Afar from Mosul is a key part of the U.S-backed offensive to take ...",
                "date": "2016-11-25",
                "id": "12997433",
                "isDuplicate": false,
                "lang": "eng",
                "sim": 0.9215686321258545,
                "source": {
                    "id": "10239",
                    "title": "Yahoo News",
                    "uri": "news.yahoo.com"
                },
                "time": "13:17:00",
                "title": "Iraq readies force to storm flashpoint town near Mosul",
                "uri": "553771561",
                "url": "http://news.yahoo.com/iraq-readies-force-storm-flashpoint-town-near-mosul-130730421.html",
                "wgt": 1
            },
            {
                "body": "LONDON (AP) -- Iceland's president says attempts to form a government have collapsed, with the leader of the country's largest left-of-center party admitting defeat in coalition talks.\n\nLeft-Green Movement leader Katrin Jakobsdottir has told President Gudni Johannesson that she could not reach ...",
                "date": "2016-11-25",
                "id": "12993772",
                "isDuplicate": true,
                "lang": "eng",
                "sim": 0,
                "source": {
                    "id": "10239",
                    "title": "Yahoo News",
                    "uri": "news.yahoo.com"
                },
                "time": "12:59:00",
                "title": "Latest talks to form government in Iceland collapse",
                "uri": "553762277",
                "url": "http://news.yahoo.com/latest-talks-form-government-iceland-collapse-124208232.html",
                "wgt": 1
            },
            {
                "body": "PARIS (Reuters) - The foreign ministers of France, Germany, Russia and Ukraine are to meet in Minsk next week to discuss plans for implementing a ceasefire agreement for eastern Ukraine, said a spokesman for the French Foreign Ministry.\n\n\"The meeting in Minsk will allow us to go over what has been ...",
                "date": "2016-11-25",
                "id": "12990434",
                "isDuplicate": true,
                "lang": "eng",
                "sim": 0,
                "source": {
                    "id": "10239",
                    "title": "Yahoo News",
                    "uri": "news.yahoo.com"
                },
                "time": "12:43:00",
                "title": "European foreign ministers to discuss Ukraine next week in Minsk",
                "uri": "553754479",
                "url": "http://news.yahoo.com/european-foreign-ministers-discuss-ukraine-next-week-minsk-122217546.html",
                "wgt": 1
            },
            {
                "body": "JERUSALEM (Reuters) - Israeli police said on Friday they had arrested 12 people on suspicion of arson after massive wildfires tore through central and northern Israel, forcing the evacuation of about 80,000 people in the city of Haifa and destroying hundreds of homes.\n\nFirefighters kept battling the ...",
                "date": "2016-11-25",
                "id": "12971232",
                "isDuplicate": true,
                "lang": "eng",
                "sim": 0.658823549747467,
                "source": {
                    "id": "10239",
                    "title": "Yahoo News",
                    "uri": "news.yahoo.com"
                },
                "time": "11:06:00",
                "title": "Israel arrests 12 on suspicion of arson after mass wildfires",
                "uri": "553707563",
                "url": "http://news.yahoo.com/israel-arrests-12-suspicion-arson-mass-wildfires-105822856.html",
                "wgt": 1
            },
            {
                "body": "Paris (AFP) - Conservative French presidential frontrunner Francois Fillon holds a final rally in Paris Friday as he seeks to clinch the nomination for the centre-right Republicans in a primary vote this weekend.\n\nFillon, whose surge has taken commentators and pollsters by surprise, gave an assured ...",
                "date": "2016-11-25",
                "id": "12968919",
                "isDuplicate": false,
                "lang": "eng",
                "sim": 0.7960784435272217,
                "source": {
                    "id": "10239",
                    "title": "Yahoo News",
                    "uri": "news.yahoo.com"
                },
                "time": "10:54:00",
                "title": "France's Fillon, buoyed by debate, heads for finish line",
                "uri": "553701819",
                "url": "http://news.yahoo.com/frances-fillon-buoyed-debate-heads-finish-line-104811457.html",
                "wgt": 1
            },
            {
                "body": "BEIJING (Reuters) - China is considering a \"wholesale\" deal that will grant Philippine fishing vessels access to disputed Scarborough Shoal waters in the South China Sea, an influential Chinese academic and government adviser said on Friday, as relations between the two countries improve.\n\nChina has ...",
                "date": "2016-11-25",
                "id": "12958434",
                "isDuplicate": false,
                "lang": "eng",
                "sim": 0.5490196347236633,
                "source": {
                    "id": "10239",
                    "title": "Yahoo News",
                    "uri": "news.yahoo.com"
                },
                "time": "09:57:00",
                "title": "China considers granting Philippines access to disputed shoal: adviser",
                "uri": "553674142",
                "url": "http://news.yahoo.com/china-considers-granting-philippines-access-disputed-shoal-adviser-094751994.html",
                "wgt": 1
            },
            {
                "body": "ADELAIDE, Nov 25 (Reuters) - South African paceman Kyle Abbott removed Australian openers Matt Renshaw and David Warner but Usman Khawaja and his captain Steve Smith dug in to steer the hosts to 109 for two at tea on the second day of the day-night third test on Friday.\n\nKhawaja reached his sixth ...",
                "date": "2016-11-25",
                "id": "12924766",
                "isDuplicate": true,
                "lang": "eng",
                "sim": 0,
                "source": {
                    "id": "10239",
                    "title": "Yahoo News",
                    "uri": "news.yahoo.com"
                },
                "time": "06:15:00",
                "title": "Cricket-Abbott removes two but Australia dig in in Adelaide",
                "uri": "553581948",
                "url": "http://news.yahoo.com/cricket-abbott-removes-two-australia-dig-adelaide-054834002--spt.html",
                "wgt": 1
            },
            {
                "body": "KUALA LUMPUR (Reuters) - Malaysia decided on Friday to carry on with a regional soccer tournament co-hosted by Myanmar, days after a Malaysian minister said it was considering pulling out in protest against Myanmar's bloody crackdown on ethnic Rohingya Muslims.\n\nThe decision came amid growing calls ...",
                "date": "2016-11-25",
                "id": "12922935",
                "isDuplicate": false,
                "lang": "eng",
                "sim": 0,
                "source": {
                    "id": "10239",
                    "title": "Yahoo News",
                    "uri": "news.yahoo.com"
                },
                "time": "05:58:00",
                "title": "Malaysia decides not to abandon soccer tournament over Myanmar Rohingya crackdown",
                "uri": "553576734",
                "url": "http://news.yahoo.com/malaysia-decides-not-abandon-soccer-tournament-over-myanmar-053210078--sow.html",
                "wgt": 1
            },
            {
                "body": "NEW YORK (Reuters) - Wells Fargo & Co <WFC.N> has asked a U.S. court to order dozens of customers who are suing the bank over the opening of unauthorized accounts to resolve their disputes in private arbitrations instead of court, according to legal documents.\n\nThe motion, filed in the U.S. District ...",
                "date": "2016-11-25",
                "id": "12897072",
                "isDuplicate": false,
                "lang": "eng",
                "sim": 0.8941176533699036,
                "source": {
                    "id": "10239",
                    "title": "Yahoo News",
                    "uri": "news.yahoo.com"
                },
                "time": "01:34:00",
                "title": "Wells Fargo asks U.S. court to dismiss account scandal lawsuit",
                "uri": "553505601",
                "url": "http://news.yahoo.com/wells-fargo-asks-u-court-dismiss-account-scandal-005936962--sector.html",
                "wgt": 1
            },
            {
                "body": "Los Angeles (AFP) - US President-elect Donald Trump has offered his support to Los Angeles's bid to host the 2024 Olympics, the mayor's office said Thursday.\n\nThe Republican billionaire spoke by phone with Los Angeles Mayor Eric Garcetti and the two men had a \"productive conversation,\" Garcetti's ...",
                "date": "2016-11-25",
                "id": "12888698",
                "isDuplicate": false,
                "lang": "eng",
                "sim": 0.6784313917160034,
                "source": {
                    "id": "10239",
                    "title": "Yahoo News",
                    "uri": "news.yahoo.com"
                },
                "time": "00:10:00",
                "title": "Trump backs LA bid for 2024 Olympics: mayor's office",
                "uri": "553481832",
                "url": "http://news.yahoo.com/trump-backs-la-bid-2024-olympics-mayors-office-234407595--oly.html",
                "wgt": 1
            }
        ],
        "totalResults": 22
    }
}