{
    "articles": {
        "count": 31,
        "page": 1,
        "pages": 1,
        "results": [
            {
                "body": "CAIRO (Reuters) - At least eight members of Egypt's security forces were killed on Thursday in an attack on a checkpoint in the northern Sinai, a military spokesman said in a statement.\n\nThere was no immediate claim of responsibility for the attack.\n\nThe statement said the military killed three of ...",
                "date": "2016-11-24",
                "id": "12874265",
                "isDuplicate": false,
                "lang": "eng",
                "sim": 0.772549033164978,
                "source": {
                    "id": "10239",
                    "title": "Yahoo News",
                    "uri": "news.yahoo.com"
                },
                "time": "22:11:00",
                "title": "At least eight security forces members killed in Egypt's Sinai",
                "uri": "553442971",
                "url": "http://news.yahoo.com/least-eight-security-forces-members-killed-egypts-sinai-220413513.html",
                "wgt": 1
            },
            {
                "body": "BERLIN (AP) -- German police have arrested a Syrian man on suspicion he was planning to carry out an attack after discovering that he had obtained material which could be used to build weapons or bombs.\n\nAuthorities say the suspect was arrested Saturday as he tried to cross the border from Germany ...",
                "date": "2016-11-24",
                "id": "12869703",
                "isDuplicate": true,
                "lang": "eng",
                "sim": 0,
                "source": {
                    "id": "10239",
                    "title": "Yahoo News",
                    "uri": "news.yahoo.com"
                },
                "time": "21:34:00",
                "title": "Germany detains Syrian on suspicion of planning attack",
                "uri": "553429877",
                "url": "http://news.yahoo.com/germany-detains-syrian-suspicion-planning-attack-211925719.html",
                "wgt": 1
            },
            {
                "body": "Chanel makeup artist Rachel Goodwin gives a quick breakdown of the products she used to create Emma Stone's pretty daytime look for the La La Land photocall in Venice (No. 14 on The Hollywood Reporter's Top 25 Beauty Moments of 2016.\n\nSkin prep: \"I prepped Emma's skin with Chanel's La Solution 10 [a ...",
                "date": "2016-11-24",
                "id": "12853840",
                "isDuplicate": true,
                "lang": "eng",
                "sim": 0,
                "source": {
                    "id": "10239",
                    "title": "Yahoo News",
                    "uri": "news.yahoo.com"
                },
                "time": "19:43:00",
                "title": "The 8 Products to Get Emma Stone's Effortless Daytime Glam",
                "uri": "553384203",
                "url": "http://news.yahoo.com/8-products-emma-stones-effortless-daytime-glam-163000913.html",
                "wgt": 1
            },
            {
                "body": "CHARLESTON, W.Va. (AP) -- A black teenager fatally shot after police say he bumped into a 62-year-old white man is being remembered as a funny, smart and a good friend.\n\nThe Charleston Gazette-Mail reports (http://bit.ly/2fJq3Is) that two vigils were held Wednesday for 15-year-old James Means. ...",
                "date": "2016-11-24",
                "id": "12850424",
                "isDuplicate": true,
                "lang": "eng",
                "sim": 0,
                "source": {
                    "id": "10239",
                    "title": "Yahoo News",
                    "uri": "news.yahoo.com"
                },
                "time": "19:21:00",
                "title": "Friends and family hold vigils for slain West Virginia teen",
                "uri": "553375428",
                "url": "http://news.yahoo.com/friends-family-hold-vigils-slain-west-virginia-teen-190120745.html",
                "wgt": 1
            },
            {
                "body": "MADRID (Reuters) - Barcelona fined homesharing websites Airbnb and Homeaway 600,000 euros ($633,600) each for advertising and renting out apartments to tourists without a license, the Catalan regional government said on Thursday.\n\nThe fine was leveled by left-wing Barcelona mayor Ada Colau in a ...",
                "date": "2016-11-24",
                "id": "12848720",
                "isDuplicate": true,
                "lang": "eng",
                "sim": 0,
                "source": {
                    "id": "10239",
                    "title": "Yahoo News",
                    "uri": "news.yahoo.com"
                },
                "time": "19:11:00",
                "title": "Barcelona fines homesharing sites Airbnb and Homeaway",
                "uri": "553371238",
                "url": "http://news.yahoo.com/barcelona-fines-homesharing-sites-airbnb-homeaway-183959858--finance.html",
                "wgt": 1
            },
            {
                "body": "CORAL GABLES, Fla. (AP) -- Robert Wright is permanently scarred from Miami's win over Duke last season .\n\nAnd he was on the winning side.\n\nAnyone familiar with Miami's game-ending kickoff return for a touchdown at Duke last season knows all about the eight laterals, the wild scene when Corn Elder ...",
                "date": "2016-11-24",
                "id": "12847687",
                "isDuplicate": true,
                "lang": "eng",
                "sim": 0,
                "source": {
                    "id": "10239",
                    "title": "Yahoo News",
                    "uri": "news.yahoo.com"
                },
                "time": "19:05:00",
                "title": "Miami's miracle at Duke? The 'Canes wanted a different play",
                "uri": "553368488",
                "url": "http://news.yahoo.com/miamis-miracle-duke-canes-wanted-different-play-185615576--spt.html",
                "wgt": 1
            },
            {
                "body": "Copenhagen (AFP) - Denmark's only three-star Michelin restaurant on Thursday faced questions over hygiene after it was fined 20,000 kroner (2,688 euros, $2,839) by the country's food safety authority.\n\nGeranium, the first eatery in Denmark to receive top Michelin honours, had been storing fresh ...",
                "date": "2016-11-24",
                "id": "12842679",
                "isDuplicate": true,
                "lang": "eng",
                "sim": 0,
                "source": {
                    "id": "10239",
                    "title": "Yahoo News",
                    "uri": "news.yahoo.com"
                },
                "time": "18:34:00",
                "title": "Top Danish restaurant fined for hygiene breaches",
                "uri": "553354675",
                "url": "http://news.yahoo.com/top-danish-restaurant-fined-hygiene-breaches-181855869.html",
                "wgt": 1
            },
            {
                "body": "The annual Macy's Thanksgiving Day Parade, led by a giant inflatable Charlie Brown balloon, stepped off Thursday amid heavy crowds and a strong police presence. Costumed characters mingled with revelers and crowds cheered as clowns on bicycles rode by carrying bundles of balloons. Security measures ...",
                "date": "2016-11-24",
                "id": "12841998",
                "isDuplicate": true,
                "lang": "eng",
                "sim": 0,
                "source": {
                    "id": "10239",
                    "title": "Yahoo News",
                    "uri": "news.yahoo.com"
                },
                "time": "18:30:00",
                "title": "AP PHOTOS: A safe and secure Macy's Thanksgiving Day Parade",
                "uri": "553352679",
                "url": "http://news.yahoo.com/ap-photos-safe-secure-macys-181616074.html",
                "wgt": 1
            },
            {
                "body": "Haifa (Israel) (AFP) - Israeli Prime Minister Benjamin Netanyahu said Thursday if proof was discovered that any of the fires across Israel were deliberately sparked they would be treated as acts of \"terror.\"\n\nNetanyahu did not say whether he believed the six fires in the northern city of Haifa and ...",
                "date": "2016-11-24",
                "id": "12830929",
                "isDuplicate": true,
                "lang": "eng",
                "sim": 0,
                "source": {
                    "id": "10239",
                    "title": "Yahoo News",
                    "uri": "news.yahoo.com"
                },
                "time": "17:30:00",
                "title": "Netanyahu says any deliberate Israel fires acts of 'terror'",
                "uri": "553324527",
                "url": "http://news.yahoo.com/netanyahu-says-deliberate-israel-fires-acts-terror-171413826.html",
                "wgt": 1
            },
            {
                "body": "DAKAR (Thomson Reuters Foundation) - Dengue fever has killed at least 18 people in Burkina Faso since August in the worst recorded outbreak of the disease to hit the West African nation, an aid agency said on Thursday.\n\nThe mosquito-borne virus - which causes flu-like symptoms and can develop into ...",
                "date": "2016-11-24",
                "id": "12822139",
                "isDuplicate": false,
                "lang": "eng",
                "sim": 0.9960784316062927,
                "source": {
                    "id": "10239",
                    "title": "Yahoo News",
                    "uri": "news.yahoo.com"
                },
                "time": "16:47:00",
                "title": "Dengue fever outbreak kills 18 in Burkina Faso: charity",
                "uri": "553302878",
                "url": "http://news.yahoo.com/dengue-fever-outbreak-kills-18-burkina-faso-charity-164038149.html",
                "wgt": 1
            },
            {
                "body": "(Reuters Health) - - When patients wind up back in the hospital in the months following surgery, it may reflect more than just the quality of the hospital, a recent study suggests.\n\nInstead, individual patient factors such as race, income and insurance status could be more likely to influence ...",
                "date": "2016-11-24",
                "id": "12814883",
                "isDuplicate": false,
                "lang": "eng",
                "sim": 0,
                "source": {
                    "id": "10239",
                    "title": "Yahoo News",
                    "uri": "news.yahoo.com"
                },
                "time": "16:13:00",
                "title": "Patient characteristics influence readmissions after colorectal surgery",
                "uri": "553285428",
                "url": "http://news.yahoo.com/patient-characteristics-influence-readmissions-colorectal-surgery-160333054.html",
                "wgt": 1
            },
            {
                "body": "LIMA, Peru (AP) -- Peru's president is signing off on the extradition of the country's former soccer boss for his alleged involvement in a multibillion-dollar FIFA bribery scandal involving marketing and broadcasting rights.\n\nManuel Burga has been in jail since December as part of the investigation. ...",
                "date": "2016-11-24",
                "id": "12809280",
                "isDuplicate": true,
                "lang": "eng",
                "sim": 0,
                "source": {
                    "id": "10239",
                    "title": "Yahoo News",
                    "uri": "news.yahoo.com"
                },
                "time": "15:46:00",
                "title": "Peru president OK's extradition of ex-soccer boss to US",
                "uri": "553272163",
                "url": "http://news.yahoo.com/peru-president-oks-extradition-ex-soccer-boss-us-144851413.html",
                "wgt": 1
            },
            {
                "body": "TRIPOLI (Reuters) - Libyan forces resumed their advance on Thursday against Islamic State militants holding out in a few streets in their former stronghold of Sirte, saying they had captured 25 houses and a stash of arms.\n\nBacked by U.S. air strikes, the Libyan brigades have reduced the area held by ...",
                "date": "2016-11-24",
                "id": "12800621",
                "isDuplicate": true,
                "lang": "eng",
                "sim": 0,
                "source": {
                    "id": "10239",
                    "title": "Yahoo News",
                    "uri": "news.yahoo.com"
                },
                "time": "15:04:00",
                "title": "Libyan forces edge forward against Islamic State holdouts in Sirte",
                "uri": "553250676",
                "url": "http://news.yahoo.com/libyan-forces-edge-forward-against-islamic-state-holdouts-145208836.html",
                "wgt": 1
            },
            {
                "body": "BRUSSELS (Reuters) - Ukrainian President Petro Poroshenko said on Thursday he did not expect the election of Donald Trump to the White House to bring any great change in U.S. support for his country.\n\nSaying Kiev had enjoyed support from both parties in Washington in its confrontation with Russia, ...",
                "date": "2016-11-24",
                "id": "12799639",
                "isDuplicate": false,
                "lang": "eng",
                "sim": 0.3882353007793427,
                "source": {
                    "id": "10239",
                    "title": "Yahoo News",
                    "uri": "news.yahoo.com"
                },
                "time": "14:59:00",
                "title": "Poroshenko sure Trump will not change U.S. policy on Ukraine",
                "uri": "553248403",
                "url": "http://news.yahoo.com/poroshenko-sure-trump-not-change-u-policy-ukraine-142746321.html",
                "wgt": 1
            },
            {
                "body": "LONDON (AP) -- Steven Gerrard has retired after an 18-year professional soccer career and said Thursday he is considering a \"number of options\" about his next career move.\n\nConsidered one of the best midfielders of his era, the former Liverpool captain won nearly everything with boyhood club and ...",
                "date": "2016-11-24",
                "id": "12795676",
                "isDuplicate": true,
                "lang": "eng",
                "sim": 0,
                "source": {
                    "id": "10239",
                    "title": "Yahoo News",
                    "uri": "news.yahoo.com"
                },
                "time": "14:41:00",
                "title": "PHOTOS: Memorable moments of Gerrard's football career",
                "uri": "553239167",
                "url": "http://news.yahoo.com/photos-memorable-moments-gerrards-football-career-141516434.html",
                "wgt": 1
            },
            {
                "body": "Kuala Lumpur (AFP) - The US has said it is \"troubled\" by the detention of the leader of Malaysia's reformist group which staged a major weekend demonstration demanding Prime Minister Najib Razak quit over a massive corruption scandal.\n\nAuthorities arrested more than a dozen people before, during and ...",
                "date": "2016-11-24",
                "id": "12791776",
                "isDuplicate": false,
                "lang": "eng",
                "sim": 0.7764706015586853,
                "source": {
                    "id": "10239",
                    "title": "Yahoo News",
                    "uri": "news.yahoo.com"
                },
                "time": "14:23:00",
                "title": "US 'troubled' by detention of Malaysia protest leader",
                "uri": "553229767",
                "url": "http://news.yahoo.com/us-troubled-detention-malaysia-protest-leader-140803385.html",
                "wgt": 1
            },
            {
                "body": "Khartoum (AFP) - Sudanese security agents have detained dozens of foreign exchange dealers for black market trading, as the authorities struggle to curb speculation against the pound, brokers said on Thursday.\n\nAn acute shortage of hard currency has seen the gap between the official and black market ...",
                "date": "2016-11-24",
                "id": "12791803",
                "isDuplicate": false,
                "lang": "eng",
                "sim": 0.9254902005195618,
                "source": {
                    "id": "10239",
                    "title": "Yahoo News",
                    "uri": "news.yahoo.com"
                },
                "time": "14:23:00",
                "title": "Sudan arrests dozens in foreign exchange crackdown",
                "uri": "553229774",
                "url": "http://news.yahoo.com/sudan-arrests-dozens-foreign-exchange-crackdown-135605072.html",
                "wgt": 1
            },
            {
                "body": "Chinese brand LingLong has launched a new home assistant and speaker, the DingDong A3.\n\nThe portable speaker offers myriad functions, including acting as a voice assistant to provide practical daily information and control household appliances, Mashable reports. As a Bluetooth speaker, it is capable ...",
                "date": "2016-11-24",
                "id": "12753191",
                "isDuplicate": false,
                "lang": "eng",
                "sim": 0.572549045085907,
                "source": {
                    "id": "10239",
                    "title": "Yahoo News",
                    "uri": "news.yahoo.com"
                },
                "time": "11:20:00",
                "title": "LingLong launches new home assistant speaker",
                "uri": "553136203",
                "url": "http://news.yahoo.com/linglong-launches-home-assistant-speaker-095531224.html",
                "wgt": 1
            },
            {
                "body": "CAIRO (AP) -- An Egyptian appeals court has reduced the sentence against a poet accused of contempt of Islam to a six-month suspended prison term.\n\nFatma Naoot had appealed an earlier three-year sentence over a Facebook post criticizing the slaughter of animals for the Muslim feast of Eid al-Adha. ...",
                "date": "2016-11-24",
                "id": "12749219",
                "isDuplicate": true,
                "lang": "eng",
                "sim": 0,
                "source": {
                    "id": "10239",
                    "title": "Yahoo News",
                    "uri": "news.yahoo.com"
                },
                "time": "11:01:00",
                "title": "Egypt reduces sentence for poet accused of religion contempt",
                "uri": "553126541",
                "url": "http://news.yahoo.com/egypt-reduces-sentence-poet-accused-religion-contempt-104547248.html",
                "wgt": 1
            },
            {
                "body": "RAGELONDON (Reuters) - Nigel Farage, the Brexit campaigner who U.S. President-elect Donald Trump said would be great as Britain's envoy to Washington, taunted Prime Minister Theresa May with a mock ambassador's reception complete with chocolate and champagne.\n\nMay's government dismissed Trump's ...",
                "date": "2016-11-24",
                "id": "12745988",
                "isDuplicate": true,
                "lang": "eng",
                "sim": 0,
                "source": {
                    "id": "10239",
                    "title": "Yahoo News",
                    "uri": "news.yahoo.com"
                },
                "time": "10:45:00",
                "title": "Trump's friend Farage taunts British PM with 'ambassador's reception'",
                "uri": "553118372",
                "url": "http://news.yahoo.com/trumps-friend-farage-taunts-british-pm-ambassadors-reception-100929729.html",
                "wgt": 1
            },
            {
                "body": "NEW YORK (Reuters) - New York police will use sand-filled trucks, radiation detectors, bomb-sniffing dogs and heavily armed officers on Thursday to defend the 90th Macy's Thanksgiving Day Parade, which Islamic State has encouraged its followers to attack.\n\nOfficials expect 3.5 million people to ...",
                "date": "2016-11-24",
                "id": "12741048",
                "isDuplicate": true,
                "lang": "eng",
                "sim": 0,
                "source": {
                    "id": "10239",
                    "title": "Yahoo News",
                    "uri": "news.yahoo.com"
                },
                "time": "10:22:00",
                "title": "New York using sand-filled trucks to protect Thanksgiving parade",
                "uri": "553106647",
                "url": "http://news.yahoo.com/york-using-sand-filled-trucks-protect-thanksgiving-parade-101859445--finance.html",
                "wgt": 1
            },
            {
                "body": "DUBAI, United Arab Emirates (AP) -- Iranian filmmaker Keywan Karimi's production company says he has begun serving a year-long prison sentence handed down over footage authorities deemed insulting.\n\nParis-based production company Les Films de l'Apres-Midi confirmed on Thursday that Karimi went to ...",
                "date": "2016-11-24",
                "id": "12735394",
                "isDuplicate": true,
                "lang": "eng",
                "sim": 0,
                "source": {
                    "id": "10239",
                    "title": "Yahoo News",
                    "uri": "news.yahoo.com"
                },
                "time": "09:53:00",
                "title": "Iranian filmmaker imprisoned for a year over his work",
                "uri": "553092427",
                "url": "http://news.yahoo.com/iranian-filmmaker-imprisoned-over-094607291.html",
                "wgt": 1
            },
            {
                "body": "WASHINGTON (Reuters) - Barack Obama pardoned his last turkey as U.S. president on Wednesday, but his daughters should beware: he plans to continue the tradition as a private citizen.\n\nObama, who leaves office in January, has followed the annual tradition of \"pardoning\" a turkey every year before the ...",
                "date": "2016-11-24",
                "id": "12728224",
                "isDuplicate": false,
                "lang": "eng",
                "sim": 0.8509804010391235,
                "source": {
                    "id": "10239",
                    "title": "Yahoo News",
                    "uri": "news.yahoo.com"
                },
                "time": "09:12:00",
                "title": "Obama 'pardons' one last turkey ahead of Thanksgiving holiday",
                "uri": "553072730",
                "url": "http://news.yahoo.com/obama-pardons-one-last-turkey-ahead-thanksgiving-holiday-090323849.html",
                "wgt": 1
            },
            {
                "body": "ANKARA (Reuters) - A bomb attack which killed two people in the southern Turkish city of Adana on Thursday morning was probably carried out by Kurdistan Workers Party (PKK) militants, Labour Minister Mehmet Muezzinoglu said.\n\nHe told broadcaster CNN Turk that 21 people were wounded, five of them ...",
                "date": "2016-11-24",
                "id": "12721873",
                "isDuplicate": true,
                "lang": "eng",
                "sim": 0,
                "source": {
                    "id": "10239",
                    "title": "Yahoo News",
                    "uri": "news.yahoo.com"
                },
                "time": "08:39:00",
                "title": "Blast in Turkish city likely carried out by PKK militants: minister",
                "uri": "553057281",
                "url": "http://news.yahoo.com/blast-turkish-city-likely-carried-pkk-militants-minister-074628711.html",
                "wgt": 1
            },
            {
                "body": "MELBOURNE (Reuters) - Rafa Cabrera Bello rolled in a long birdie putt on the 18th hole to give Spain a one-shot lead after the opening round of foursomes at the World Cup of Golf in Melbourne on Thursday.\n\nCabrera Bello combined with Jon Rahm for a three-under 69 as teams in the 28-nation field ...",
                "date": "2016-11-24",
                "id": "12714352",
                "isDuplicate": true,
                "lang": "eng",
                "sim": 0,
                "source": {
                    "id": "10239",
                    "title": "Yahoo News",
                    "uri": "news.yahoo.com"
                },
                "time": "07:54:00",
                "title": "Spain on top of World Cup of Golf after first round",
                "uri": "553038118",
                "url": "http://news.yahoo.com/spain-top-world-cup-golf-first-round-071810222--golf.html",
                "wgt": 1
            },
            {
                "body": "LAGOS (Reuters) - Amnesty International accused Nigerian security forces on Thursday of killing at least 150 peaceful advocates of Biafra's secession from Africa's most populous nation, but the military and police dismissed the allegations.\n\nAn army spokesman said Amnesty's statement, the latest in ...",
                "date": "2016-11-24",
                "id": "12707685",
                "isDuplicate": true,
                "lang": "eng",
                "sim": 0,
                "source": {
                    "id": "10239",
                    "title": "Yahoo News",
                    "uri": "news.yahoo.com"
                },
                "time": "07:10:00",
                "title": "Amnesty accuses Nigeria of killing at least 150 Biafra separatists",
                "uri": "553019877",
                "url": "http://news.yahoo.com/amnesty-accuses-nigeria-killing-least-150-biafra-separatists-070558979.html",
                "wgt": 1
            },
            {
                "body": "JOHANNESBURG (Reuters) - South Africa's rand weakened on Thursday in a broad retreat by emerging market currencies as expectations of an interest rate increase by the Federal Reserve hardened on the back of strong economic data from the U.S.\n\n* At 0640 GMT the rand had slipped 0.42 percent to ...",
                "date": "2016-11-24",
                "id": "12707399",
                "isDuplicate": false,
                "lang": "eng",
                "sim": 0.6431372761726379,
                "source": {
                    "id": "10239",
                    "title": "Yahoo News",
                    "uri": "news.yahoo.com"
                },
                "time": "07:08:00",
                "title": "S.Africa's rand slips as Fed overshadows local rate decision",
                "uri": "553019204",
                "url": "http://news.yahoo.com/africas-rand-slips-fed-overshadows-local-rate-decision-070145429--finance.html",
                "wgt": 1
            },
            {
                "body": "CHICAGO (AP) -- As Americans prepared to gather Thursday for Thanksgiving turkey, football and togetherness, many planned to avoid talk of the rancorous election between Republican Donald Trump and Democrat Hillary Clinton.\n\nSitting on their suitcases at a departure lounge at O'Hare International ...",
                "date": "2016-11-24",
                "id": "12700272",
                "isDuplicate": true,
                "lang": "eng",
                "sim": 0.9450980424880981,
                "source": {
                    "id": "10239",
                    "title": "Yahoo News",
                    "uri": "news.yahoo.com"
                },
                "time": "06:20:00",
                "title": "During Thanksgiving feast, some Americans hold the politics",
                "uri": "552999293",
                "url": "http://news.yahoo.com/during-thanksgiving-feast-americans-hold-politics-061456853.html",
                "wgt": 1
            },
            {
                "body": "CHATTANOOGA, Tenn. (AP) -- A school bus driver had no drugs or alcohol in his system when he careened off a road and smashed into a tree, killing six elementary schoolchildren, police said Wednesday.\n\nChattanooga Police Sgt. Austin Garrett said a toxicology test was performed on Johnthony Walker, ...",
                "date": "2016-11-24",
                "id": "12690399",
                "isDuplicate": true,
                "lang": "eng",
                "sim": 0,
                "source": {
                    "id": "10239",
                    "title": "Yahoo News",
                    "uri": "news.yahoo.com"
                },
                "time": "05:04:00",
                "title": "Drugs, alcohol not involved in bus crash; 6th child dies",
                "uri": "552972357",
                "url": "http://news.yahoo.com/doctor-school-bus-crash-survivors-too-dazed-talk-084311612.html",
                "wgt": 1
            },
            {
                "body": "After some back and forth with The New York Times, President-elect Donald Trump went ahead with the planned interview, sharing his vision of what lies ahead. The interview follows Trump's address to the nation from earlier this week, when the future President chose to update the American people on ...",
                "date": "2016-11-24",
                "id": "12673779",
                "isDuplicate": false,
                "lang": "eng",
                "sim": 0.4862745106220245,
                "source": {
                    "id": "10239",
                    "title": "Yahoo News",
                    "uri": "news.yahoo.com"
                },
                "time": "02:21:00",
                "title": "You can read Donald Trump's full interview with The New York Times right now",
                "uri": "552918552",
                "url": "http://news.yahoo.com/read-donald-trump-full-interview-york-times-now-020042039.html",
                "wgt": 1
            },
            {
                "body": "CHICAGO (Reuters) - A federal judge on Wednesday upheld a temporary restraining order sought by cargo airline ABX Air, whose major customers include DHL and online retail giant Amazon, against its striking pilots and ordered them back to work immediately.\n\nABX said in a statement it expects flight ...",
                "date": "2016-11-24",
                "id": "12660903",
                "isDuplicate": true,
                "lang": "eng",
                "sim": 0,
                "source": {
                    "id": "10239",
                    "title": "Yahoo News",
                    "uri": "news.yahoo.com"
                },
                "time": "00:21:00",
                "title": "U.S. judge orders striking ABX Air pilots back to work",
                "uri": "552882341",
                "url": "http://news.yahoo.com/u-judge-orders-striking-abx-air-pilots-back-000143102--finance.html",
                "wgt": 1
            }
        ],
        "totalResults": 31
    }
}