{
    "articles": {
        "count": 27,
        "page": 1,
        "pages": 1,
        "results": [
            {
                "body": "(Reuters) - Germany's Aixtron Se <AIXGn.DE> said the Committee on Foreign Investment in the United States (CFIUS) informed the company it would recommend that its pending takeover by with China's Fujian Grand Chip Investment Fund (FGC) be blocked.\n\nAixtron said the committee, which reviews deals ...",
                "date": "2016-11-18",
                "id": "11593667",
                "isDuplicate": false,
                "lang": "eng",
                "sim": 0.8941176533699036,
                "source": {
                    "id": "10239",
                    "title": "Yahoo News",
                    "uri": "news.yahoo.com"
                },
                "time": "23:15:00",
                "title": "Germany's Aixtron says U.S. opposes China deal on security grounds",
                "uri": "550006466",
                "url": "http://news.yahoo.com/germanys-aixtron-says-u-opposes-china-deal-security-231122888--sector.html",
                "wgt": 1
            },
            {
                "body": "Paris (AFP) - Mustard gas, which a watchdog on Friday said the so-called Islamic State group may have manufactured and used in Syria and Iraq, first terrorised battlefields during World War I.\n\nThe Organisation for the Prohibition of Chemical Weapons also said IS was behind a mustard gas attack in ...",
                "date": "2016-11-18",
                "id": "11589869",
                "isDuplicate": false,
                "lang": "eng",
                "sim": 0,
                "source": {
                    "id": "10239",
                    "title": "Yahoo News",
                    "uri": "news.yahoo.com"
                },
                "time": "22:51:00",
                "title": "Mustard gas: a legacy of WWI",
                "uri": "549997073",
                "url": "http://news.yahoo.com/mustard-gas-legacy-wwi-223610837.html",
                "wgt": 1
            },
            {
                "body": "NEW HAVEN, Conn. (AP) -- A 91-year-old veteran who was dismissed from the U.S. Air Force as \"undesirable\" in 1948 because he's gay is suing in Connecticut to have his discharge status upgraded.\n\nThe federal lawsuit was filed Friday by H. Edward Spires against the secretary of the Air Force and asks ...",
                "date": "2016-11-18",
                "id": "11589080",
                "isDuplicate": true,
                "lang": "eng",
                "sim": 0,
                "source": {
                    "id": "10239",
                    "title": "Yahoo News",
                    "uri": "news.yahoo.com"
                },
                "time": "22:45:00",
                "title": "Gay veteran, 91, seeks upgrade of 'undesirable' discharge",
                "uri": "549995122",
                "url": "http://news.yahoo.com/gay-veteran-91-seeks-upgrade-undesirable-discharge-223010235.html",
                "wgt": 1
            },
            {
                "body": "Amazon is the US's largest online retailer, and there aren't many things on this big blue sphere that you can't buy through an Amazon checkout. Automobiles, for a long while, were one of the site's few blind spots, but not anymore.\n\nReuters reports that the online shopping behemoth has struck a ...",
                "date": "2016-11-18",
                "id": "11583977",
                "isDuplicate": false,
                "lang": "eng",
                "sim": 0.5686274766921997,
                "source": {
                    "id": "10239",
                    "title": "Yahoo News",
                    "uri": "news.yahoo.com"
                },
                "time": "22:10:00",
                "title": "Amazon is actually going to sell cars online",
                "uri": "549982041",
                "url": "http://news.yahoo.com/amazon-actually-going-sell-cars-online-214127459.html",
                "wgt": 1
            },
            {
                "body": "RICHMOND, Va. (AP) -- Virginia Sen. Tim Kaine says he'll seek re-election in 2018 but is ruling out a presidential bid in 2020.\n\nThe former Democratic vice presidential nominee said in an interview with The Associated Press on Thursday that his place is in the Senate and his decision not to run in ...",
                "date": "2016-11-18",
                "id": "11583319",
                "isDuplicate": true,
                "lang": "eng",
                "sim": 0,
                "source": {
                    "id": "10239",
                    "title": "Yahoo News",
                    "uri": "news.yahoo.com"
                },
                "time": "22:06:00",
                "title": "Kaine says he's not going to run for president in 2020",
                "uri": "549980589",
                "url": "http://news.yahoo.com/kaine-says-hes-not-going-run-president-2020-214151433--election.html",
                "wgt": 1
            },
            {
                "body": "DALLAS (AP) -- The Latest on the Dakota Access pipeline protest (all times local):\n\n1:40 p.m.\n\nSeveral celebrities, including the actors Shailene Woodley and Ezra Miller, are meeting with Standing Rock Sioux officials and youth in North Dakota to discuss efforts to halt construction of the Dakota ...",
                "date": "2016-11-18",
                "id": "11560515",
                "isDuplicate": true,
                "lang": "eng",
                "sim": 0,
                "source": {
                    "id": "10239",
                    "title": "Yahoo News",
                    "uri": "news.yahoo.com"
                },
                "time": "19:43:00",
                "title": "The Latest: Woodley, Miller visit oil pipeline protest site",
                "uri": "549919319",
                "url": "http://news.yahoo.com/latest-woodley-miller-visit-oil-pipeline-protest-193934421.html",
                "wgt": 1
            },
            {
                "body": "DAKAR (Reuters) - Gambian authorities have refused the European Union access to observe upcoming elections, an EU spokesman said on Friday, amid concerns about the fairness of the voting process in the tiny West African nation.\n\nThe EU had been ready to deploy a small team to provide what it ...",
                "date": "2016-11-18",
                "id": "11548456",
                "isDuplicate": true,
                "lang": "eng",
                "sim": 0,
                "source": {
                    "id": "10239",
                    "title": "Yahoo News",
                    "uri": "news.yahoo.com"
                },
                "time": "18:38:00",
                "title": "EU says refused access to observe Gambia's December 1 election",
                "uri": "549889000",
                "url": "http://news.yahoo.com/eu-says-refused-access-observe-gambias-december-1-180818015.html",
                "wgt": 1
            },
            {
                "body": "CANTON, Ill. (AP) -- Officials from the National Transportation Safety Board are leading the investigation of a natural gas explosion that killed one person and demolished buildings in a central Illinois city.\n\nThe (Peoria) Journal Star reports (http://bit.ly/2fMvMh7 ) investigator Ravi Chhatre of ...",
                "date": "2016-11-18",
                "id": "11540116",
                "isDuplicate": true,
                "lang": "eng",
                "sim": 0,
                "source": {
                    "id": "10239",
                    "title": "Yahoo News",
                    "uri": "news.yahoo.com"
                },
                "time": "17:56:00",
                "title": "NTSB investigator arrives at Illinois explosion site",
                "uri": "549866088",
                "url": "http://news.yahoo.com/ntsb-investigator-arrives-illinois-explosion-170905059.html",
                "wgt": 1
            },
            {
                "body": "Comedian Billy Crystal dropped by Jimmy Kimmel Live! on Thursday night to promote his upcoming comedy tour, \"Spend the Night with Billy Crystal.\"\n\nDuring the interview, Crystal also offered his thoughts on President-elect Donald Trump, Rudy Giuliani and told a number of funny anecdotes, including ...",
                "date": "2016-11-18",
                "id": "11524207",
                "isDuplicate": false,
                "lang": "eng",
                "sim": 0,
                "source": {
                    "id": "10239",
                    "title": "Yahoo News",
                    "uri": "news.yahoo.com"
                },
                "time": "16:43:00",
                "title": "Billy Crystal Pretends to Choke as He Calls Donald Trump \"President-Elect,\" Says \"We're In This Together\"",
                "uri": "549827416",
                "url": "http://news.yahoo.com/billy-crystal-pretends-choke-calls-donald-trump-president-162605789.html",
                "wgt": 1
            },
            {
                "body": "MADRID (AP) -- A Catalan government opinion poll indicates people in the northeastern region are evenly divided over the question of independence from Spain, less than a year before the region's planned secession.\n\nThe Opinion Studies Center poll released Friday said 45.1 percent of those quizzed ...",
                "date": "2016-11-18",
                "id": "11504714",
                "isDuplicate": true,
                "lang": "eng",
                "sim": 0,
                "source": {
                    "id": "10239",
                    "title": "Yahoo News",
                    "uri": "news.yahoo.com"
                },
                "time": "15:16:00",
                "title": "Poll shows Catalans evenly split on independence from Spain",
                "uri": "549781562",
                "url": "http://news.yahoo.com/poll-shows-catalans-evenly-split-independence-spain-145008731.html",
                "wgt": 1
            },
            {
                "body": "SELMA, Ala. (AP) -- A preliminary autopsy shows that an Alabama man who died of a gunshot inside Selma's police station shot himself to death.\n\nAuthorities say 21-year-old Rykemp Giles attacked a clerk inside police headquarters after being arrested on a domestic violence charge involving his mother ...",
                "date": "2016-11-18",
                "id": "11495726",
                "isDuplicate": true,
                "lang": "eng",
                "sim": 0,
                "source": {
                    "id": "10239",
                    "title": "Yahoo News",
                    "uri": "news.yahoo.com"
                },
                "time": "14:41:00",
                "title": "Autopsy: Man shot self in Alabama police station",
                "uri": "549760783",
                "url": "http://news.yahoo.com/autopsy-man-shot-self-alabama-police-station-142306985.html",
                "wgt": 1
            },
            {
                "body": "WICHITA, Kan. (AP) -- Authorities are searching for a missing week-old baby after her mother was found fatally shot in Wichita, Kansas.\n\nThe Wichita Eagle (http://bit.ly/2g1YQR7 ) reports that a relative found the woman dead Thursday in her apartment. Sgt. Nikki Woodrow says the woman's daughter, ...",
                "date": "2016-11-18",
                "id": "11495698",
                "isDuplicate": true,
                "lang": "eng",
                "sim": 0,
                "source": {
                    "id": "10239",
                    "title": "Yahoo News",
                    "uri": "news.yahoo.com"
                },
                "time": "14:41:00",
                "title": "Kansas mother fatally shot, week-old baby reported missing",
                "uri": "549760784",
                "url": "http://news.yahoo.com/kansas-mother-fatally-shot-week-old-baby-reported-142154255.html",
                "wgt": 1
            },
            {
                "body": "Vatican City (AFP) - Pope Francis has said he is not losing any sleep over a challenge from a group of conservative cardinals who have accused the Argentine of contradicting Church teaching.\n\nThe comments published Friday in the Avvenire, the newspaper of the Italian conference of bishops, follow a ...",
                "date": "2016-11-18",
                "id": "11492836",
                "isDuplicate": false,
                "lang": "eng",
                "sim": 0.5333333611488342,
                "source": {
                    "id": "10239",
                    "title": "Yahoo News",
                    "uri": "news.yahoo.com"
                },
                "time": "14:29:00",
                "title": "Pope Francis 'not losing sleep' over conservative challengers",
                "uri": "549753545",
                "url": "http://news.yahoo.com/pope-francis-not-losing-sleep-over-conservative-challengers-141846229.html",
                "wgt": 1
            },
            {
                "body": "NEW YORK (Reuters) - U.S. President-elect Donald Trump has tapped three senior leaders of his national security and law enforcement teams, choosing Senator Jeff Sessions for attorney general, Representative Mike Pompeo as CIA director and General Mike Flynn as national security adviser, a transition ...",
                "date": "2016-11-18",
                "id": "11473687",
                "isDuplicate": false,
                "lang": "eng",
                "sim": 0.7254902124404907,
                "source": {
                    "id": "10239",
                    "title": "Yahoo News",
                    "uri": "news.yahoo.com"
                },
                "time": "13:09:00",
                "title": "Trump taps Sessions for attorney general, Pompeo for CIA: transition official",
                "uri": "549706418",
                "url": "http://news.yahoo.com/trump-taps-sessions-attorney-general-pompeo-cia-transition-130557678.html",
                "wgt": 1
            },
            {
                "body": "NEW ALBANY, Ohio (AP) -- Abercrombie & Fitch Co. (ANF) on Friday reported fiscal third-quarter net income of $7.9 million.\n\nOn a per-share basis, the New Albany, Ohio-based company said it had profit of 12 cents. Earnings, adjusted for non-recurring gains, were 2 cents per share.\n\nThe results missed ...",
                "date": "2016-11-18",
                "id": "11472711",
                "isDuplicate": true,
                "lang": "eng",
                "sim": 0,
                "source": {
                    "id": "10239",
                    "title": "Yahoo News",
                    "uri": "news.yahoo.com"
                },
                "time": "13:05:00",
                "title": "Abercrombie off the mark in 3Q as turnaround efforts sputter",
                "uri": "549703921",
                "url": "http://news.yahoo.com/abercrombie-misses-street-3q-forecasts-124234547.html",
                "wgt": 1
            },
            {
                "body": "When it comes to the American West, Woody Guthrie's \"This Land Is Your Land\" still rings mostly true. The federal government (and by proxy, U.S. citizens) owns 47 percent of America's 11 contiguous Western states.\n\nBut even prior to President-elect Donald Trump's environmentally catastrophic policy ...",
                "date": "2016-11-18",
                "id": "11468238",
                "isDuplicate": false,
                "lang": "eng",
                "sim": 0,
                "source": {
                    "id": "10239",
                    "title": "Yahoo News",
                    "uri": "news.yahoo.com"
                },
                "time": "12:47:00",
                "title": "With Trump at the Helm, Could Republicans Fast-Track Privatizing Public Lands?",
                "uri": "549692767",
                "url": "http://news.yahoo.com/trump-helm-could-republicans-fast-track-privatizing-public-121109953.html",
                "wgt": 1
            },
            {
                "body": "ANKARA, Turkey (AP) -- A United Nations official has called on Turkey to release all jailed journalists, saying their detentions were not commensurate with the government's needs to protect public safety.\n\nSpeaking to reporters Friday at the end of a weeklong visit to Turkey, David Kaye, the U.N. ...",
                "date": "2016-11-18",
                "id": "11460483",
                "isDuplicate": true,
                "lang": "eng",
                "sim": 0,
                "source": {
                    "id": "10239",
                    "title": "Yahoo News",
                    "uri": "news.yahoo.com"
                },
                "time": "12:17:00",
                "title": "UN official calls on Turkey to release journalists in jail",
                "uri": "549674595",
                "url": "http://news.yahoo.com/un-official-calls-turkey-release-journalists-jail-120525327.html",
                "wgt": 1
            },
            {
                "body": "BRUSSELS (AP) -- The chief of NATO says that Turkish NATO officers have sought asylum in allied countries amid a Turkish government crackdown following a failed military coup.\n\nSecretary-General Jens Stoltenberg said Friday that \"some Turkish officers working in the NATO command structure ... have ...",
                "date": "2016-11-18",
                "id": "11450829",
                "isDuplicate": true,
                "lang": "eng",
                "sim": 0,
                "source": {
                    "id": "10239",
                    "title": "Yahoo News",
                    "uri": "news.yahoo.com"
                },
                "time": "11:32:00",
                "title": "Turkish officers seeking asylum in other NATO countries",
                "uri": "549648485",
                "url": "http://news.yahoo.com/turkish-officers-seeking-asylum-other-nato-countries-112140388.html",
                "wgt": 1
            },
            {
                "body": "Bras\u00edlia (AFP) - As Brazil's biggest ever corruption probe creeps higher up the political food chain, there are signs that Congress could be looking for a way to bring it to an end.\n\nThe probe codenamed operation Car Wash has already seen charges or convictions brought against some of Brazil's most ...",
                "date": "2016-11-18",
                "id": "11441472",
                "isDuplicate": false,
                "lang": "eng",
                "sim": 0.9843137264251709,
                "source": {
                    "id": "10239",
                    "title": "Yahoo News",
                    "uri": "news.yahoo.com"
                },
                "time": "10:48:00",
                "title": "Could Brazil's Congress sink giant anti-corruption drive?",
                "uri": "549624259",
                "url": "http://news.yahoo.com/could-brazils-congress-sink-giant-anti-corruption-drive-103933668.html",
                "wgt": 1
            },
            {
                "body": "Washington (AFP) - Carolina's Cam Newton threw a touchdown pass and Graham Gano kicked three goals while the Panthers' defenders silenced a late New Orleans rally for a 23-20 NFL triumph.\n\nThe results left both clubs on 4-6 this season, two games behind NFC South division leader Atlanta with six ...",
                "date": "2016-11-18",
                "id": "11392877",
                "isDuplicate": false,
                "lang": "eng",
                "sim": 0.7098039388656616,
                "source": {
                    "id": "10239",
                    "title": "Yahoo News",
                    "uri": "news.yahoo.com"
                },
                "time": "06:26:00",
                "title": "Panthers hold off Saints rally for 23-20 triumph",
                "uri": "549489834",
                "url": "http://news.yahoo.com/panthers-hold-off-saints-rally-23-20-triumph-061130752--nfl.html",
                "wgt": 1
            },
            {
                "body": "SALEM, Mass. (AP) -- From flats to stilettos, what we put on our feet says something about who we are. That's the premise of new exhibition in Massachusetts.\n\n\"Shoes: Pleasure and Pain\" opens Saturday at the Peabody Essex Museum in Salem.\n\nThe exhibit explores the history and culture of footwear ...",
                "date": "2016-11-18",
                "id": "11387077",
                "isDuplicate": false,
                "lang": "eng",
                "sim": 0,
                "source": {
                    "id": "10239",
                    "title": "Yahoo News",
                    "uri": "news.yahoo.com"
                },
                "time": "05:43:00",
                "title": "From flats to stilettos: Exhibit explores what shoes reveal",
                "uri": "549466794",
                "url": "http://news.yahoo.com/flats-stilettos-exhibit-explores-shoes-reveal-053644550.html",
                "wgt": 1
            },
            {
                "body": "LIMA, Peru (AP) -- An expected U.S. economic retreat from Latin America under Donald Trump is causing the region's leaders to look halfway around the world, to China, for help weathering the possible financial headwinds.\n\nThey'll have the perfect opportunity to make their appeal this week when ...",
                "date": "2016-11-18",
                "id": "11384990",
                "isDuplicate": true,
                "lang": "eng",
                "sim": 0,
                "source": {
                    "id": "10239",
                    "title": "Yahoo News",
                    "uri": "news.yahoo.com"
                },
                "time": "05:29:00",
                "title": "As Trump talks wall, China builds bridges to Latin America",
                "uri": "549460989",
                "url": "http://news.yahoo.com/trump-talks-wall-china-builds-050702085.html",
                "wgt": 1
            },
            {
                "body": "DIYARBAKIR, Turkey (Reuters) - Rescue teams sought to free 13 workers trapped in a copper mine in southeast Turkey on Friday after it was hit by a landslide which killed at least three people, the local governor's office said.\n\nIt said the landslide occurred in the Sirvan district of Siirt province ...",
                "date": "2016-11-18",
                "id": "11383760",
                "isDuplicate": false,
                "lang": "eng",
                "sim": 0.7490196228027344,
                "source": {
                    "id": "10239",
                    "title": "Yahoo News",
                    "uri": "news.yahoo.com"
                },
                "time": "05:18:00",
                "title": "Rescue teams try to free 13 workers trapped in southeast Turkey copper mine",
                "uri": "549456944",
                "url": "http://news.yahoo.com/rescue-teams-try-free-13-workers-trapped-southeast-050412678.html",
                "wgt": 1
            },
            {
                "body": "MANILA (Reuters) - Philippine dictator Ferdinand Marcos will be buried on Friday at the heroes' cemetery in Manila, the national police chief said after the Supreme Court cleared the way for his internment 27 years after his death in Hawaii.\n\nPolice chief Ronald dela Rosa said he had only learned ...",
                "date": "2016-11-18",
                "id": "11377868",
                "isDuplicate": false,
                "lang": "eng",
                "sim": 0.7490196228027344,
                "source": {
                    "id": "10239",
                    "title": "Yahoo News",
                    "uri": "news.yahoo.com"
                },
                "time": "04:36:00",
                "title": "Philippine dictator Marcos to be buried at heroes' cemetery: police",
                "uri": "549440977",
                "url": "http://news.yahoo.com/philippine-dictator-marcos-buried-heroes-cemetery-police-042317659.html",
                "wgt": 1
            },
            {
                "body": "WASHINGTON (AP) -- Retired Lt. Gen. Michael Flynn, the man Donald Trump has asked to be his national security adviser, built a reputation in the Army as an astute intelligence professional and a straight talker.\n\nWhat set Flynn apart after he shed his uniform in 2014 was the blistering public ...",
                "date": "2016-11-18",
                "id": "11357669",
                "isDuplicate": true,
                "lang": "eng",
                "sim": 0,
                "source": {
                    "id": "10239",
                    "title": "Yahoo News",
                    "uri": "news.yahoo.com"
                },
                "time": "01:38:00",
                "title": "Flynn's reputation: astute intelligence pro, straight talker",
                "uri": "549384212",
                "url": "http://news.yahoo.com/flynns-reputation-astute-intelligence-pro-straight-talker-012123920--election.html",
                "wgt": 1
            },
            {
                "body": "When John Lewis took the stage Wednesday night to accept the National Book Award for Young People's Literature for his graphic novel March: Book Three, the congressman was on the verge of tears. The book, co-authored with Andrew Aydin and illustrated by Nate Powell, is the final installment in the ...",
                "date": "2016-11-18",
                "id": "11352791",
                "isDuplicate": false,
                "lang": "eng",
                "sim": 0.6509804129600525,
                "source": {
                    "id": "10239",
                    "title": "Yahoo News",
                    "uri": "news.yahoo.com"
                },
                "time": "01:00:00",
                "title": "The National Book Awards Make a Powerful Statement",
                "uri": "549370304",
                "url": "http://news.yahoo.com/national-book-awards-powerful-statement-214800687.html",
                "wgt": 1
            },
            {
                "body": "MEXICO CITY (AP) -- Amnesty International says three women who were sexually tortured by Mexican marines when they were arrested on drug charges have been released after five years imprisonment.\n\nThe human rights group said in a statement Thursday that a judge acquitted the women. They were arrested ...",
                "date": "2016-11-18",
                "id": "11343998",
                "isDuplicate": false,
                "lang": "eng",
                "sim": 0.7803921699523926,
                "source": {
                    "id": "10239",
                    "title": "Yahoo News",
                    "uri": "news.yahoo.com"
                },
                "time": "00:03:00",
                "title": "3 sexual tortured women released from Mexican prison",
                "uri": "549347956",
                "url": "http://news.yahoo.com/3-sexual-tortured-women-released-mexican-prison-233450362.html",
                "wgt": 1
            }
        ],
        "totalResults": 27
    }
}