{
    "articles": {
        "count": 27,
        "page": 1,
        "pages": 1,
        "results": [
            {
                "body": "LAS VEGAS (AP) -- Work has been suspended at a site outside Las Vegas where Nevada has pledged up to $335 million worth of incentives to an upstart electric car company that promises to have a vehicle still on the drawing board rolling off a new $1 billion assembly line in 2018.\n\nThe idling of the ...",
                "date": "2016-11-15",
                "id": "10796658",
                "isDuplicate": true,
                "lang": "eng",
                "sim": 0,
                "source": {
                    "id": "10239",
                    "title": "Yahoo News",
                    "uri": "news.yahoo.com"
                },
                "time": "23:51:00",
                "title": "Work stops at electric-car factory site outside Las Vegas",
                "uri": "547933980",
                "url": "http://news.yahoo.com/stops-electric-car-factory-outside-233734023.html",
                "wgt": 1
            },
            {
                "body": "United Nations (United States) (AFP) - UN member states on Tuesday overwhelmingly condemned escalating attacks against civilians in Aleppo and called for a ceasefire to pave the way to a settlement of the five-year war in Syria.\n\nA resolution drafted by Saudi Arabia, which is backing rebels fighting ...",
                "date": "2016-11-15",
                "id": "10796049",
                "isDuplicate": true,
                "lang": "eng",
                "sim": 0,
                "source": {
                    "id": "10239",
                    "title": "Yahoo News",
                    "uri": "news.yahoo.com"
                },
                "time": "23:47:00",
                "title": "UN condemns Syria over civilian attacks",
                "uri": "547932475",
                "url": "http://news.yahoo.com/un-condemns-syria-over-civilian-attacks-232350546.html",
                "wgt": 1
            },
            {
                "body": "SAN DIEGO (AP) -- A former U.S. Naval attache to the U.S. embassy in the Philippines has admitted to securing illegal diplomatic clearances for a Malaysian defense contractor in exchange for luxury trips and the services of prostitutes.\n\nRetried Navy Capt. Michael Brooks, 57, pleaded guilty Tuesday ...",
                "date": "2016-11-15",
                "id": "10796026",
                "isDuplicate": true,
                "lang": "eng",
                "sim": 0.9803921580314636,
                "source": {
                    "id": "10239",
                    "title": "Yahoo News",
                    "uri": "news.yahoo.com"
                },
                "time": "23:46:00",
                "title": "Ex-Naval attache admits securing clearances for bribes",
                "uri": "547932473",
                "url": "http://news.yahoo.com/ex-naval-attache-admits-securing-clearances-bribes-234336550.html",
                "wgt": 1
            },
            {
                "body": "UNITED NATIONS (AP) -- A key U.N. committee has approved a resolution condemning Russia's \"temporary occupation\" of Crimea and reaffirming the United Nations' commitment to Ukraine's sovereignty over the Black Sea peninsula.\n\nRussia urged the General Assembly's human rights committee to vote against ...",
                "date": "2016-11-15",
                "id": "10793140",
                "isDuplicate": true,
                "lang": "eng",
                "sim": 0,
                "source": {
                    "id": "10239",
                    "title": "Yahoo News",
                    "uri": "news.yahoo.com"
                },
                "time": "23:28:00",
                "title": "UN committee votes to condemn Russian occupation of Crimea",
                "uri": "547924194",
                "url": "http://news.yahoo.com/un-committee-votes-condemn-russian-occupation-crimea-230225072.html",
                "wgt": 1
            },
            {
                "body": "NEW YORK (AP) -- In the week since Donald Trump's election, there's been a dramatic surge in donations to the American Civil Liberties Union, Planned Parenthood, the Sierra Club and other progressive organizations which have pledged to resist any moves by the new administration that would undercut ...",
                "date": "2016-11-15",
                "id": "10765009",
                "isDuplicate": false,
                "lang": "eng",
                "sim": 0,
                "source": {
                    "id": "10239",
                    "title": "Yahoo News",
                    "uri": "news.yahoo.com"
                },
                "time": "20:54:00",
                "title": "ACLU, other groups report post-election surge of donations",
                "uri": "547852295",
                "url": "http://news.yahoo.com/aclu-other-groups-report-post-election-surge-donations-204540014--election.html",
                "wgt": 1
            },
            {
                "body": "LOS ANGELES (Reuters) - Ford Motor Co <F.N> Chief Executive Officer Mark Fields told Reuters on Tuesday the U.S. automaker is moving ahead with plans to shift production of small cars to Mexico from Michigan, and assign \"two very important products\" for the U.S. factory to build.\n\n\"We're going ...",
                "date": "2016-11-15",
                "id": "10751470",
                "isDuplicate": false,
                "lang": "eng",
                "sim": 0.6901960968971252,
                "source": {
                    "id": "10239",
                    "title": "Yahoo News",
                    "uri": "news.yahoo.com"
                },
                "time": "19:46:00",
                "title": "Ford CEO: Going forward with moving small car production to Mexico",
                "uri": "547815529",
                "url": "http://news.yahoo.com/ford-ceo-going-forward-moving-small-car-production-193654161--finance.html",
                "wgt": 1
            },
            {
                "body": "NEW YORK (AP) -- Marc Anthony will be honored Wednesday night as the Latin Recording Academy's Person of the Year. But when the salsa superstar began his career more than 20 years ago, many doubted that he would be successful.\n\n\"My career at the beginning wasn't easy, because I didn't look or ...",
                "date": "2016-11-15",
                "id": "10749257",
                "isDuplicate": true,
                "lang": "eng",
                "sim": 0,
                "source": {
                    "id": "10239",
                    "title": "Yahoo News",
                    "uri": "news.yahoo.com"
                },
                "time": "19:34:00",
                "title": "Marc Anthony to be honored by Latin Recording Academy",
                "uri": "547810148",
                "url": "http://news.yahoo.com/marc-anthony-honored-latin-recording-academy-192500115.html",
                "wgt": 1
            },
            {
                "body": "Ford's compact SUV for younger drivers has driven into the record books as the first car ever to launch via the Snapchat social network\n\nOne day, two automotive world firsts. Hot on the heels of Jaguar reaching for a HTC Vive headset and Virtual Reality to launch a new model, Ford has grabbed its ...",
                "date": "2016-11-15",
                "id": "10733781",
                "isDuplicate": false,
                "lang": "eng",
                "sim": 0.5411764979362488,
                "source": {
                    "id": "10239",
                    "title": "Yahoo News",
                    "uri": "news.yahoo.com"
                },
                "time": "18:23:00",
                "title": "The Ford EcoSport makes Snapchat debut",
                "uri": "547772554",
                "url": "http://news.yahoo.com/ford-ecosport-makes-snapchat-debut-170004717.html",
                "wgt": 1
            },
            {
                "body": "MIAMI (AP) -- New York Mets slugger Yoenis Cespedes and Chicago White Sox star Jose Abreu are among the Major League Baseball figures on a U.S. witness list for an upcoming Cuban ballplayer smuggling trial.\n\nDocuments filed Monday in Miami federal court also list former Secretary of State Madeleine ...",
                "date": "2016-11-15",
                "id": "10720368",
                "isDuplicate": true,
                "lang": "eng",
                "sim": 0,
                "source": {
                    "id": "10239",
                    "title": "Yahoo News",
                    "uri": "news.yahoo.com"
                },
                "time": "17:29:00",
                "title": "Cespedes, Abreu on US witness list in Cuban smuggling case",
                "uri": "547740666",
                "url": "http://news.yahoo.com/cespedes-abreu-us-witness-list-cuban-smuggling-case-171423196.html",
                "wgt": 1
            },
            {
                "body": "LONDON (AP) -- Dominic Thiem won his first match at the ATP finals, beating Gael Monfils 6-3, 1-6, 6-4 on Tuesday.\n\nThe eighth-seeded Austrian, who is making his debut at the season-ending tournament, could advance to the semifinals with a win over Milos Raonic on Thursday.\n\nSecond-ranked Novak ...",
                "date": "2016-11-15",
                "id": "10699182",
                "isDuplicate": true,
                "lang": "eng",
                "sim": 0,
                "source": {
                    "id": "10239",
                    "title": "Yahoo News",
                    "uri": "news.yahoo.com"
                },
                "time": "16:11:00",
                "title": "Thiem wins for 1st time at ATP finals, beats Monfils in 3",
                "uri": "547692864",
                "url": "http://news.yahoo.com/thiem-wins-1st-time-atp-finals-beats-monfils-155644525.html",
                "wgt": 1
            },
            {
                "body": "LONDON (Reuters) - Two of Europe's biggest drugmakers warned on Tuesday there would be no let up in pressure on U.S. medicine prices after last week's presidential election win for Republican Donald Trump, which sent pharmaceutical and biotech shares soaring.\n\nMergers and acquisitions (M&A) in the ...",
                "date": "2016-11-15",
                "id": "10696601",
                "isDuplicate": false,
                "lang": "eng",
                "sim": 0,
                "source": {
                    "id": "10239",
                    "title": "Yahoo News",
                    "uri": "news.yahoo.com"
                },
                "time": "16:01:00",
                "title": "Sanofi, GSK expect further price pressure, more M&A under Trump",
                "uri": "547686714",
                "url": "http://news.yahoo.com/sanofi-gsk-expect-further-price-pressure-more-m-155210550--finance.html",
                "wgt": 1
            },
            {
                "body": "(Reuters) - TJX Cos Inc <TJX.N>, operator of off-price retailers T.J. Maxx and HomeGoods, reported better-than-expected quarterly comparable store sales as its discounted offerings continue to attract shoppers.\n\nShares of the company, which also owns Marshalls retail chain, were up 1.6 percent at ...",
                "date": "2016-11-15",
                "id": "10669076",
                "isDuplicate": false,
                "lang": "eng",
                "sim": 0.9764705896377563,
                "source": {
                    "id": "10239",
                    "title": "Yahoo News",
                    "uri": "news.yahoo.com"
                },
                "time": "14:09:00",
                "title": "TJX comparable store sales beat as discounts attract shoppers",
                "uri": "547617399",
                "url": "http://news.yahoo.com/tjx-comparable-store-sales-beat-discounts-attract-shoppers-135906744--sector.html",
                "wgt": 1
            },
            {
                "body": "The Corporation Bank stock rose on Tuesday after the bank reported a 9 per cent rise in net profit at Rs 206.28 crore for the quarter ending September despite rise in provisioning for bad loans.\n\nThe stock rose 12 per cent to Rs 47.15 level in an otherwise falling market.\n\nIt opened at Rs 45 level ...",
                "date": "2016-11-15",
                "id": "10668232",
                "isDuplicate": true,
                "lang": "eng",
                "sim": 0,
                "source": {
                    "id": "10239",
                    "title": "Yahoo News",
                    "uri": "news.yahoo.com"
                },
                "time": "14:05:00",
                "title": "Corporation Bank stock rises on Q2 earnings",
                "uri": "547615383",
                "url": "http://news.yahoo.com/corporation-bank-stock-rises-q2-123506970.html",
                "wgt": 1
            },
            {
                "body": "PARIS (Reuters) - U.S. President-elect Donald Trump will have little choice but to adopt a softer line on trade than the one he has flagged during his campaign, although flare-ups with some partners are likely, former WTO chief Pascal Lamy said.\n\nWith financial markets wondering whether Britain will ...",
                "date": "2016-11-15",
                "id": "10660688",
                "isDuplicate": false,
                "lang": "eng",
                "sim": 0.9960784316062927,
                "source": {
                    "id": "10239",
                    "title": "Yahoo News",
                    "uri": "news.yahoo.com"
                },
                "time": "13:35:00",
                "title": "Hard or soft Trump? Ex-WTO head Lamy sees trade realities trumping rhetoric",
                "uri": "547595815",
                "url": "http://news.yahoo.com/hard-soft-trump-ex-wto-head-lamy-sees-132542072--finance.html",
                "wgt": 1
            },
            {
                "body": "MOSUL, Iraq (Reuters) - Shrapnel split open Amir Faro's face a few days ago in an explosion near the frontline. He knows that he needs treatment, and that there is barely any food for his family in the city. But he is not leaving Mosul.\n\n\"We've escaped death. Why should we go to live somewhere else ...",
                "date": "2016-11-15",
                "id": "10660773",
                "isDuplicate": false,
                "lang": "eng",
                "sim": 0.9843137264251709,
                "source": {
                    "id": "10239",
                    "title": "Yahoo News",
                    "uri": "news.yahoo.com"
                },
                "time": "13:35:00",
                "title": "Wounded, hungry, determined to stay: life in the line of fire in Mosul",
                "uri": "547595890",
                "url": "http://news.yahoo.com/wounded-hungry-determined-stay-life-line-fire-mosul-132918008.html",
                "wgt": 1
            },
            {
                "body": "TRENTON, N.J. (AP) -- A New Jersey prison teacher accused of engaging in an ongoing sexual relationship with a convicted murder will not face jail time.\n\nMercer County prosecutors confirmed on Monday that 42-year-old Chong-Hwa Chang was accepted into the courts' pretrial intervention program in ...",
                "date": "2016-11-15",
                "id": "10632321",
                "isDuplicate": true,
                "lang": "eng",
                "sim": 0,
                "source": {
                    "id": "10239",
                    "title": "Yahoo News",
                    "uri": "news.yahoo.com"
                },
                "time": "11:34:00",
                "title": "No jail for teacher who had sexual relationship with inmate",
                "uri": "547522138",
                "url": "http://news.yahoo.com/no-jail-teacher-had-sexual-relationship-inmate-112222888.html",
                "wgt": 1
            },
            {
                "body": "The Facebook-owned chat service is rolling out a new video chat feature on Android, iPhone, and Windows Phone devices from Tuesday, November 15.\n\nIn direct competition with FaceTime and Skype, WhatsApp has launched a new international video call option. Just like its competitors, the function will ...",
                "date": "2016-11-15",
                "id": "10627721",
                "isDuplicate": true,
                "lang": "eng",
                "sim": 0.5882353186607361,
                "source": {
                    "id": "10239",
                    "title": "Yahoo News",
                    "uri": "news.yahoo.com"
                },
                "time": "11:12:00",
                "title": "WhatsApp launches video calling option for all users",
                "uri": "547510331",
                "url": "http://news.yahoo.com/whatsapp-launches-video-calling-option-users-095945158.html",
                "wgt": 1
            },
            {
                "body": "Frankfurt am Main (AFP) - Germany's economy grew slower than expected in the third quarter due to falling exports, according to official data.\n\nGross domestic product grew by 0.2 percent compared with the second quarter, adjusting for price, seasonal and calendar effects, the federal statistics ...",
                "date": "2016-11-15",
                "id": "10585182",
                "isDuplicate": false,
                "lang": "eng",
                "sim": 0.5098039507865906,
                "source": {
                    "id": "10239",
                    "title": "Yahoo News",
                    "uri": "news.yahoo.com"
                },
                "time": "07:49:00",
                "title": "German growth slower than expected in third quarter: data",
                "uri": "547399250",
                "url": "http://news.yahoo.com/german-growth-slower-expected-q3-official-data-072233360.html",
                "wgt": 1
            },
            {
                "body": "EAST RUTHERFORD, N.J. (AP) -- That four-year playoff drought could soon be nearing an end for the New York Giants.\n\nRiding the play of their big-bucks defense and the gutsy play-calling of rookie coach Ben McAdoo , the Giants (6-3) posted their first four-game winning streak since 2013 by beating ...",
                "date": "2016-11-15",
                "id": "10585132",
                "isDuplicate": true,
                "lang": "eng",
                "sim": 0,
                "source": {
                    "id": "10239",
                    "title": "Yahoo News",
                    "uri": "news.yahoo.com"
                },
                "time": "07:49:00",
                "title": "Giants heading toward first playoff berth since 2011",
                "uri": "547399007",
                "url": "http://news.yahoo.com/giants-heading-toward-first-playoff-berth-since-2011-074004309--spt.html",
                "wgt": 1
            },
            {
                "body": "Riyadh (AFP) - Saudi air defence forces on Tuesday intercepted and destroyed a ballistic missile fired from Yemen towards the kingdom, the Riyadh-led anti-rebel coalition said.\n\nThe missile was fired towards the Najran region but was shot down, said a coalition statement published by the official ...",
                "date": "2016-11-15",
                "id": "10583536",
                "isDuplicate": true,
                "lang": "eng",
                "sim": 0,
                "source": {
                    "id": "10239",
                    "title": "Yahoo News",
                    "uri": "news.yahoo.com"
                },
                "time": "07:41:00",
                "title": "Saudis intercept missile fired from Yemen",
                "uri": "547395086",
                "url": "http://news.yahoo.com/saudis-intercept-missile-fired-yemen-073327145.html",
                "wgt": 1
            },
            {
                "body": "(Reuters) - Powerful lock Eben Etzebeth has been ruled out of South Africa's test against Italy on Saturday after suffering a concussion in last weekend's 37-21 defeat by England, South African Rugby said on Monday.\n\nEtzebeth was forced off in the first half of the Springboks' latest defeat and his ...",
                "date": "2016-11-15",
                "id": "10577418",
                "isDuplicate": true,
                "lang": "eng",
                "sim": 0,
                "source": {
                    "id": "10239",
                    "title": "Yahoo News",
                    "uri": "news.yahoo.com"
                },
                "time": "07:07:00",
                "title": "South Africa lose lock Etzebeth for Italy test",
                "uri": "547378204",
                "url": "http://news.yahoo.com/south-africa-lose-lock-etzebeth-italy-test-065808410--spt.html",
                "wgt": 1
            },
            {
                "body": "BEIJING (AP) -- Liu Huizhen, a petite, soft-spoken farmer's daughter who wants to serve her community, might seem an unlikely threat to China's all-powerful Communist Party.\n\nYet, as Chinese vote Tuesday for low-level representatives, authorities have responded to Liu's bid as an independent ...",
                "date": "2016-11-15",
                "id": "10559618",
                "isDuplicate": true,
                "lang": "eng",
                "sim": 0,
                "source": {
                    "id": "10239",
                    "title": "Yahoo News",
                    "uri": "news.yahoo.com"
                },
                "time": "05:08:00",
                "title": "China harasses independent candidates for low-level offices",
                "uri": "547324894",
                "url": "http://news.yahoo.com/china-harasses-independent-candidates-low-level-offices-045550435.html",
                "wgt": 1
            },
            {
                "body": "NEW YORK (AP) -- When Mick Jagger was coming up with ideas for an exhibition highlighting The Rolling Stones' five-decade long career, he wanted to re-create the mood of the band in its early years.\n\nSo, he had a team re-create the first London apartment he and his bandmates shared in 1962, complete ...",
                "date": "2016-11-15",
                "id": "10551450",
                "isDuplicate": true,
                "lang": "eng",
                "sim": 0,
                "source": {
                    "id": "10239",
                    "title": "Yahoo News",
                    "uri": "news.yahoo.com"
                },
                "time": "04:06:00",
                "title": "Now you can visit the Rolling Stones' 1962 apartment",
                "uri": "547302929",
                "url": "http://news.yahoo.com/now-visit-rolling-stones-1962-apartment-032549971.html",
                "wgt": 1
            },
            {
                "body": "Rihanna Is Teaming Up With Manolo Blahnik Again [WWD]\n\nRihanna and Manolo Blahnik are back at it again, teaming up to create two more boot styles. WWD reports that the new three-piece collection, called \"Savage,\" is inspired by classic Timberland boots. The first style is a stiletto lace-up bootie ...",
                "date": "2016-11-15",
                "id": "10532762",
                "isDuplicate": false,
                "lang": "eng",
                "sim": 0.5764706134796143,
                "source": {
                    "id": "10239",
                    "title": "Yahoo News",
                    "uri": "news.yahoo.com"
                },
                "time": "01:21:00",
                "title": "Style Notes: Rihanna Teams Up with Manolo Blahnik Again; Willow Smith's New Sock Collection Is Here",
                "uri": "547246901",
                "url": "http://news.yahoo.com/style-notes-rihanna-teams-manolo-blahnik-again-willow-002241989.html",
                "wgt": 1
            },
            {
                "body": "Los Angeles (AFP) - Los Angeles Dodgers shortstop Corey Seager and Detroit Tigers pitcher Michael Fulmer were named the respective National and American League Rookies of the Year on Monday.\n\nA first-round pick in the 2012 Major League Baseball entry draft, the 22-year-old Seager was unanimously ...",
                "date": "2016-11-15",
                "id": "10531894",
                "isDuplicate": false,
                "lang": "eng",
                "sim": 0.6392157077789307,
                "source": {
                    "id": "10239",
                    "title": "Yahoo News",
                    "uri": "news.yahoo.com"
                },
                "time": "01:21:00",
                "title": "Shortstop Seager, pitcher Fulmer named top baseball rookies",
                "uri": "547246756",
                "url": "http://news.yahoo.com/shortstop-seager-pitcher-fulmer-named-top-baseball-rookies-010243669--mlb.html",
                "wgt": 1
            },
            {
                "body": "Legendary musician Leonard Cohen was buried in \"an unadorned pine box\" next to his parents in a Montreal cemetery on Thursday, his son Adam wrote in a recent Facebook post.\n\n\"My sister and I just buried my father in Montreal. With only immediate family and a few lifelong friends present, he was ...",
                "date": "2016-11-15",
                "id": "10528344",
                "isDuplicate": false,
                "lang": "eng",
                "sim": 0.8156862854957581,
                "source": {
                    "id": "10239",
                    "title": "Yahoo News",
                    "uri": "news.yahoo.com"
                },
                "time": "00:51:00",
                "title": "Leonard Cohen Buried in Montreal \"Exactly as He's Asked,\" Son Writes in Heartfelt Note",
                "uri": "547237229",
                "url": "http://news.yahoo.com/leonard-cohen-buried-montreal-exactly-hes-asked-son-211953529.html",
                "wgt": 1
            },
            {
                "body": "NEW YORK (Reuters) - A U.S. House of Representatives panel and an ex-staff member have agreed to end a fight over subpoenas the U.S. Securities and Exchange Commission issued during a probe into possible insider trading on leaked information about Medicare reimbursement rates.\n\nIn a letter filed on ...",
                "date": "2016-11-15",
                "id": "10526445",
                "isDuplicate": false,
                "lang": "eng",
                "sim": 0,
                "source": {
                    "id": "10239",
                    "title": "Yahoo News",
                    "uri": "news.yahoo.com"
                },
                "time": "00:36:00",
                "title": "U.S. congressional panel, SEC reach deal in insider trading probe",
                "uri": "547232038",
                "url": "http://news.yahoo.com/u-congressional-panel-sec-reach-deal-insider-trading-002352344--sector.html",
                "wgt": 1
            }
        ],
        "totalResults": 27
    }
}