{
    "articles": {
        "count": 15,
        "page": 1,
        "pages": 1,
        "results": [
            {
                "body": "GLASGOW, Scotland (AP) -- Anti-doping leaders were challenged to produce more credible evidence of Russian cheating by a leading Olympic executive on Saturday.\n\nLeaving a meeting of the World Anti-Doping Agency executive committee, IOC representative Gian Franco Kasper dismissed the credibility of ...",
                "date": "2016-11-19",
                "id": "11739380",
                "isDuplicate": true,
                "lang": "eng",
                "sim": 0,
                "source": {
                    "id": "10239",
                    "title": "Yahoo News",
                    "uri": "news.yahoo.com"
                },
                "time": "21:31:00",
                "title": "Investigation into Russian doping still splits sports world",
                "uri": "550424253",
                "url": "http://news.yahoo.com/investigation-russian-doping-still-splits-sports-world-210014846.html",
                "wgt": 1
            },
            {
                "body": "WASHINGTON (Reuters) - The heads of the Pentagon and the U.S. intelligence community have recommended to President Barack Obama that the director of the National Security Agency, Admiral Michael Rogers, be removed from his position, sources familiar with the matter said on Saturday.\n\nThe ...",
                "date": "2016-11-19",
                "id": "11736977",
                "isDuplicate": false,
                "lang": "eng",
                "sim": 0.7098039388656616,
                "source": {
                    "id": "10239",
                    "title": "Yahoo News",
                    "uri": "news.yahoo.com"
                },
                "time": "21:06:00",
                "title": "Senior U.S. officials recommend removal of NSA director: sources",
                "uri": "550416668",
                "url": "http://news.yahoo.com/senior-u-officials-recommend-removal-nsa-director-sources-205531651.html",
                "wgt": 1
            },
            {
                "body": "London (AFP) - Andy Murray remains on course for a dramatic showdown with Novak Djokovic as the world number one staged a superb fightback to defeat Milos Raonic 5-7, 7-6 (7/5), 7-6 (11/9) in the semi-finals of the ATP Tour Finals on Saturday.\n\nMurray will face world number two Djokovic or Japan's ...",
                "date": "2016-11-19",
                "id": "11719444",
                "isDuplicate": false,
                "lang": "eng",
                "sim": 0.7450980544090271,
                "source": {
                    "id": "10239",
                    "title": "Yahoo News",
                    "uri": "news.yahoo.com"
                },
                "time": "18:21:00",
                "title": "Murray beats Raonic to reach final of ATP Tour Finals",
                "uri": "550363894",
                "url": "http://news.yahoo.com/murray-beats-raonic-reach-final-atp-tour-finals-180956995--ten.html",
                "wgt": 1
            },
            {
                "body": "LONDON (AP) -- England ended up taking care of Fiji on and off the field at Twickenham in a record 58-15 rugby win on Saturday.\n\nThe result and England's 12th successive win were in the bag within the first half hour, as the host side rocketed to 31-0 with five tries against a flimsy defense.\n\nThen ...",
                "date": "2016-11-19",
                "id": "11717431",
                "isDuplicate": false,
                "lang": "eng",
                "sim": 0.7647058963775635,
                "source": {
                    "id": "10239",
                    "title": "Yahoo News",
                    "uri": "news.yahoo.com"
                },
                "time": "18:04:00",
                "title": "England dispatch Fiji by record 58-15 at Twickenham",
                "uri": "550358108",
                "url": "http://news.yahoo.com/england-dispatch-fiji-record-58-15-twickenham-174249543.html",
                "wgt": 1
            },
            {
                "body": "ELKO, Nev. (AP) -- The Latest on a plane crash in Elko, Nevada. (all times local):\n\n9:20 a.m.\n\nThe Federal Aviation Administration and the National Transportation Safety Board will investigate a fiery crash in northern Nevada in which all four people aboard an air-ambulance flight were reported ...",
                "date": "2016-11-19",
                "id": "11713523",
                "isDuplicate": true,
                "lang": "eng",
                "sim": 0,
                "source": {
                    "id": "10239",
                    "title": "Yahoo News",
                    "uri": "news.yahoo.com"
                },
                "time": "17:32:00",
                "title": "The Latest: 4 killed in crash of ambulance plane in Nevada",
                "uri": "550347381",
                "url": "http://news.yahoo.com/latest-4-killed-crash-ambulance-plane-nevada-172507922.html",
                "wgt": 1
            },
            {
                "body": "ATLANTA (AP) -- Opponents of President-elect Donald Trump are trying to persuade Republican electors to vote against him next month. A primer on the Electoral College and the roles of electors:\n\nWHAT IS THE ELECTORAL COLLEGE?\n\nIt's the 538 Americans who actually elect the president. The number ...",
                "date": "2016-11-19",
                "id": "11707763",
                "isDuplicate": false,
                "lang": "eng",
                "sim": 0.9960784316062927,
                "source": {
                    "id": "10239",
                    "title": "Yahoo News",
                    "uri": "news.yahoo.com"
                },
                "time": "16:47:00",
                "title": "Q&A: Electors almost always follow the vote in their state",
                "uri": "550331959",
                "url": "http://news.yahoo.com/q-electors-almost-always-vote-state-163542299.html",
                "wgt": 1
            },
            {
                "body": "This photo provided by the Wichita Police shows Sofia Victoria Gonzalez Abarca, a missing week-old baby in Wichita, Kan. Authorities are searching for the missing week-old baby after her mother was found fatally shot in Wichita. A relative found the woman dead Thursday, Nov. 17, 2016, in her ...",
                "date": "2016-11-19",
                "id": "11699442",
                "isDuplicate": true,
                "lang": "eng",
                "sim": 0,
                "source": {
                    "id": "10239",
                    "title": "Yahoo News",
                    "uri": "news.yahoo.com"
                },
                "time": "15:39:00",
                "title": "Police: Missing Kansas newborn found in Dallas; 2 in custody",
                "uri": "550309417",
                "url": "http://news.yahoo.com/police-missing-kansas-newborn-found-dallas-2-custody-153202612.html",
                "wgt": 1
            },
            {
                "body": "Thanksgiving is fast approaching, and if you're having a hard time figuring out what to bring to Friendsgiving or to cook for your family's upcoming feast, fret not. We've asked fashion and beauty insiders to share their favorite recipes in celebration of the upcoming holiday. Here, Milly designer ...",
                "date": "2016-11-19",
                "id": "11675235",
                "isDuplicate": false,
                "lang": "eng",
                "sim": 0,
                "source": {
                    "id": "10239",
                    "title": "Yahoo News",
                    "uri": "news.yahoo.com"
                },
                "time": "12:22:00",
                "title": "Hollywood Holidays: Milly Designer Shares a Thanksgiving Bread Pudding Recipe",
                "uri": "550243387",
                "url": "http://news.yahoo.com/hollywood-holidays-milly-designer-shares-thanksgiving-bread-pudding-050027488.html",
                "wgt": 1
            },
            {
                "body": "KINSHASA (Reuters) - Authorities in Democratic Republic of Congo blocked an opposition demonstration in the capital on Saturday aimed at putting pressure on President Joseph Kabila to step down next month at the end of his mandate, witnesses said.\n\nThe rally was banned and security forces maintained ...",
                "date": "2016-11-19",
                "id": "11660936",
                "isDuplicate": false,
                "lang": "eng",
                "sim": 0.8705882430076599,
                "source": {
                    "id": "10239",
                    "title": "Yahoo News",
                    "uri": "news.yahoo.com"
                },
                "time": "10:18:00",
                "title": "Congo authorities block opposition demonstration",
                "uri": "550203765",
                "url": "http://news.yahoo.com/congo-authorities-block-opposition-demonstration-100623049.html",
                "wgt": 1
            },
            {
                "body": "WELLINGTON, New Zealand (AP) -- The huge earthquake that hit New Zealand this past week, buckling roads, uplifting sections of coastline and killing two people, also exposed problems in how the country monitors its earthquake risk and prepares for tsunamis. And it raised questions about whether the ...",
                "date": "2016-11-19",
                "id": "11655628",
                "isDuplicate": true,
                "lang": "eng",
                "sim": 0,
                "source": {
                    "id": "10239",
                    "title": "Yahoo News",
                    "uri": "news.yahoo.com"
                },
                "time": "09:32:00",
                "title": "Huge quake exposes problems in how New Zealand prepares",
                "uri": "550189714",
                "url": "http://news.yahoo.com/huge-quake-exposes-problems-zealand-prepares-090553328.html",
                "wgt": 1
            },
            {
                "body": "WASHINGTON (AP) -- Guest lineups for the Sunday TV news shows:\n\nABC's \"This Week\" -- Reince Priebus, Republican National Committee chairman and chief of staff to President-elect Donald Trump.; Sen. Chuck Schumer, D-N.Y.\n\n___\n\nNBC's \"Meet the Press\" -- Priebus, Schumer; Sen. Bernie Sanders, ...",
                "date": "2016-11-19",
                "id": "11644839",
                "isDuplicate": true,
                "lang": "eng",
                "sim": 0,
                "source": {
                    "id": "10239",
                    "title": "Yahoo News",
                    "uri": "news.yahoo.com"
                },
                "time": "07:55:00",
                "title": "Guest lineups for the Sunday TV news shows",
                "uri": "550158907",
                "url": "http://news.yahoo.com/guest-lineups-sunday-tv-news-shows-075241579.html",
                "wgt": 1
            },
            {
                "body": "QUITO, Ecuador (AP) -- The former president of the Ecuadorean Soccer Federation has been convicted of money laundering and given a 10-year sentence in a case tied to the corruption scandal at FIFA, the sport's international governing body.\n\nLuis Chiriboga was convicted Friday along with two ...",
                "date": "2016-11-19",
                "id": "11619648",
                "isDuplicate": true,
                "lang": "eng",
                "sim": 0,
                "source": {
                    "id": "10239",
                    "title": "Yahoo News",
                    "uri": "news.yahoo.com"
                },
                "time": "03:27:00",
                "title": "Ex-Ecuador soccer president convicted in FIFA graft case",
                "uri": "550077591",
                "url": "http://news.yahoo.com/ex-ecuador-soccer-president-convicted-fifa-graft-case-031757356.html",
                "wgt": 1
            },
            {
                "body": "David Leitch better get an appetite for chimichangas.\n\nLeitch, one half of the directing and stunt team behind the John Wick movies, has closed a deal to direct Fox's Deadpool 2.\n\nThe development occurs just weeks after Fox lost Tim Miller as the director to the X-Men spin-off sequel. Miller, who ...",
                "date": "2016-11-19",
                "id": "11610207",
                "isDuplicate": false,
                "lang": "eng",
                "sim": 0.5137255191802979,
                "source": {
                    "id": "10239",
                    "title": "Yahoo News",
                    "uri": "news.yahoo.com"
                },
                "time": "01:31:00",
                "title": "It's Official: 'John Wick' Director David Leitch to Helm 'Deadpool 2'",
                "uri": "550049787",
                "url": "http://news.yahoo.com/official-john-wick-director-david-leitch-helm-deadpool-010116510.html",
                "wgt": 1
            },
            {
                "body": "MARRAKESH, Morocco (Reuters) - Nearly 200 nations agreed around midnight on Friday to work out the rules for a landmark 2015 global deal to tackle climate change within two years in a new sign of international support for a pact opposed by U.S. President-elect Donald Trump.\n\nAt the end of two-week ...",
                "date": "2016-11-19",
                "id": "11606972",
                "isDuplicate": true,
                "lang": "eng",
                "sim": 0,
                "source": {
                    "id": "10239",
                    "title": "Yahoo News",
                    "uri": "news.yahoo.com"
                },
                "time": "00:59:00",
                "title": "Under Trump shadow, climate talks set 2018 deadline to agree rules",
                "uri": "550040769",
                "url": "http://news.yahoo.com/under-trump-shadow-climate-talks-set-2018-deadline-003544306.html",
                "wgt": 1
            },
            {
                "body": "CHICAGO (Reuters) - A would-be Islamic State recruit who worked in a Chicago-area hardware store was sentenced on Friday to more than three years in prison for seeking to join the militant group, federal prosecutors said.\n\nIn exchange for a more lenient sentence than he might otherwise have faced if ...",
                "date": "2016-11-19",
                "id": "11602928",
                "isDuplicate": false,
                "lang": "eng",
                "sim": 0.7137255072593689,
                "source": {
                    "id": "10239",
                    "title": "Yahoo News",
                    "uri": "news.yahoo.com"
                },
                "time": "00:26:00",
                "title": "Illinois man sentenced for trying to join Islamic State",
                "uri": "550030249",
                "url": "http://news.yahoo.com/illinois-man-sentenced-trying-join-islamic-state-002145297.html",
                "wgt": 1
            }
        ],
        "totalResults": 15
    }
}