{
    "articles": {
        "count": 33,
        "page": 1,
        "pages": 1,
        "results": [
            {
                "body": "Justin Bieber Merch Boosts Sales at Urban Outfitters [The Wall Street Journal]\n\nWhile sales at Urban Outfitters Inc.-owned Anthropologie and Free People were sluggish in the third quarter, sales at Urban Outfitters were up 5.2 percent. The retailer credits tighter inventory as well as the success of ...",
                "date": "2016-11-23",
                "id": "12657847",
                "isDuplicate": false,
                "lang": "eng",
                "sim": 0,
                "source": {
                    "id": "10239",
                    "title": "Yahoo News",
                    "uri": "news.yahoo.com"
                },
                "time": "23:56:00",
                "title": "Style Notes: Justin Bieber Merch Boosts Urban Outfitters Sales; 'Gilmore Girls' eBay Auction",
                "uri": "552874023",
                "url": "http://news.yahoo.com/style-notes-justin-bieber-merch-boosts-urban-outfitters-212132531.html",
                "wgt": 1
            },
            {
                "body": "CHICAGO (AP) -- Patrick McNamee was 17 when the car he was driving crashed in Illinois in 1954, killing his best friend. After pleading guilty to reckless homicide and serving time in jail plus probation, McNamee went on to join the U.S. Marines and Air Force, flying some 1,700 missions in Vietnam ...",
                "date": "2016-11-23",
                "id": "12656439",
                "isDuplicate": true,
                "lang": "eng",
                "sim": 0,
                "source": {
                    "id": "10239",
                    "title": "Yahoo News",
                    "uri": "news.yahoo.com"
                },
                "time": "23:45:00",
                "title": "Illinois governor pardons Vietnam pilot convicted as teen",
                "uri": "552870624",
                "url": "http://news.yahoo.com/illinois-governor-pardons-vietnam-pilot-convicted-teen-232859709.html",
                "wgt": 1
            },
            {
                "body": "(Reuters) - A California federal jury on Wednesday handed down a $55 million verdict against Wal-Mart Stores Inc for failing to pay about 850 of its truck drivers all of the compensation to which they were entitled.\n\nThe jury held that Wal-Mart owed the drivers backpay for conducting pre- and ...",
                "date": "2016-11-23",
                "id": "12650085",
                "isDuplicate": false,
                "lang": "eng",
                "sim": 0.7215686440467834,
                "source": {
                    "id": "10239",
                    "title": "Yahoo News",
                    "uri": "news.yahoo.com"
                },
                "time": "23:04:00",
                "title": "Jury awards Wal-Mart truck drivers $55 million in backpay",
                "uri": "552854494",
                "url": "http://news.yahoo.com/jury-awards-wal-mart-truck-drivers-55-million-224306206--finance.html",
                "wgt": 1
            },
            {
                "body": "The headline indices on Wednesday opened on a positive note after the Asian markets bounced to one-week highs following Wall street's record run.\n\nThe US stocks extended their post-US election rally on Tuesday with gains that pushed the Dow Jones industrial average above its 19,000-mark for the ...",
                "date": "2016-11-23",
                "id": "12647495",
                "isDuplicate": true,
                "lang": "eng",
                "sim": 0,
                "source": {
                    "id": "10239",
                    "title": "Yahoo News",
                    "uri": "news.yahoo.com"
                },
                "time": "22:45:00",
                "title": "Sensex sees tepid gains, Nifty holds above 8,000-mark",
                "uri": "552847524",
                "url": "http://news.yahoo.com/sensex-sees-tepid-gains-nifty-073604682.html",
                "wgt": 1
            },
            {
                "body": "CANCUN, Mexico (AP) -- Isaiah Williams scored 18 points and Georgia State beat Eastern Kentucky 82-65 on Wednesday to win the Mayan Division of the Cancun Challenge.\n\nJustin Seymour made 5 of 6 attempts, all from 3-point range, for 15 points, and Malik Benlevi added 11 points and four assists and ...",
                "date": "2016-11-23",
                "id": "12645039",
                "isDuplicate": true,
                "lang": "eng",
                "sim": 0,
                "source": {
                    "id": "10239",
                    "title": "Yahoo News",
                    "uri": "news.yahoo.com"
                },
                "time": "22:28:00",
                "title": "Isaiah Williams scores 18 in Georgia State's Cancun victory",
                "uri": "552840938",
                "url": "http://news.yahoo.com/isaiah-williams-scores-18-georgia-states-cancun-victory-221350970.html",
                "wgt": 1
            },
            {
                "body": "Indian screen icon Shah Rukh Khan has starred in dozens of Bollywood blockbusters and is adored by millions, but there's a movie he still dreams of making -- one that's a truly global hit.\n\n\"I would like to be a part of that one Indian film, as an actor, as a producer, as a gaffer, as a sound ...",
                "date": "2016-11-23",
                "id": "12642920",
                "isDuplicate": true,
                "lang": "eng",
                "sim": 0,
                "source": {
                    "id": "10239",
                    "title": "Yahoo News",
                    "uri": "news.yahoo.com"
                },
                "time": "22:13:00",
                "title": "India's Shah Rukh Khan dreams of global Bollywood hit",
                "uri": "552835463",
                "url": "http://news.yahoo.com/indias-shah-rukh-khan-dreams-global-bollywood-hit-203208345.html",
                "wgt": 1
            },
            {
                "body": "STOCKHOLM (AP) -- Former French Foreign Minister Laurent Fabius, who presided over key climate talks in Paris last year, says he doesn't know what to make of U.S. President-elect Donald Trump's contradictory statements on global warming.\n\nBefore the election Trump called global warming a hoax and ...",
                "date": "2016-11-23",
                "id": "12640786",
                "isDuplicate": true,
                "lang": "eng",
                "sim": 0,
                "source": {
                    "id": "10239",
                    "title": "Yahoo News",
                    "uri": "news.yahoo.com"
                },
                "time": "22:00:00",
                "title": "France's Fabius confused by Trump statements on climate",
                "uri": "552829722",
                "url": "http://news.yahoo.com/frances-fabius-confused-trump-statements-climate-215108189.html",
                "wgt": 1
            },
            {
                "body": "AUSTIN, Texas (Reuters) - A white nationalist leader seen in a video shouting \"Hail Trump\" while some attendees perform Nazi salutes at a weekend rally in Washington is scheduled to speak at Texas A&M University next month for an event not sanctioned by the school, officials said on ...",
                "date": "2016-11-23",
                "id": "12622057",
                "isDuplicate": false,
                "lang": "eng",
                "sim": 0.5137255191802979,
                "source": {
                    "id": "10239",
                    "title": "Yahoo News",
                    "uri": "news.yahoo.com"
                },
                "time": "20:07:00",
                "title": "White nationalist leader to speak at Texas A&M University next month",
                "uri": "552776833",
                "url": "http://news.yahoo.com/white-nationalist-leader-speak-texas-m-university-next-200140165.html",
                "wgt": 1
            },
            {
                "body": "(Reuters) - Europe's Schiaparelli Mars lander crashed last month after a sensor failure caused it to cast away its parachute and turn off braking thrusters more than two miles (3.7 km) above the surface of the planet, as if it had already landed, a report released on Wednesday said.\n\nThe error ...",
                "date": "2016-11-23",
                "id": "12616233",
                "isDuplicate": true,
                "lang": "eng",
                "sim": 0,
                "source": {
                    "id": "10239",
                    "title": "Yahoo News",
                    "uri": "news.yahoo.com"
                },
                "time": "19:36:00",
                "title": "Navigation system failure cited in crash of European Mars lander",
                "uri": "552761510",
                "url": "http://news.yahoo.com/navigation-system-failure-cited-crash-european-mars-lander-191657647--finance.html",
                "wgt": 1
            },
            {
                "body": "Palm Beach (United States) (AFP) - US President-elect Donald Trump announced Wednesday that he intends to nominate Betsy DeVos, a wealthy Republican campaigner for alternatives to public schools, as his education secretary.\n\nDeVos is the second woman Trump has tapped to fill a cabinet position. He ...",
                "date": "2016-11-23",
                "id": "12615963",
                "isDuplicate": false,
                "lang": "eng",
                "sim": 0.7686274647712708,
                "source": {
                    "id": "10239",
                    "title": "Yahoo News",
                    "uri": "news.yahoo.com"
                },
                "time": "19:34:00",
                "title": "Trump picks wealthy activist for education secretary",
                "uri": "552760709",
                "url": "http://news.yahoo.com/trump-picks-wealthy-activist-education-secretary-192848079.html",
                "wgt": 1
            },
            {
                "body": "Amid speculation that Jony Ive may no longer be \"directly involved\" with designing the iPhone and other Apple products, John Gruber of Daring Fireball has penned an interesting follow-up piece regarding remarks made on his podcast that he feels were misconstrued.\n\nDON'T MISS: Leak: iPhone 8's major ...",
                "date": "2016-11-23",
                "id": "12609264",
                "isDuplicate": false,
                "lang": "eng",
                "sim": 0.8352941274642944,
                "source": {
                    "id": "10239",
                    "title": "Yahoo News",
                    "uri": "news.yahoo.com"
                },
                "time": "19:00:00",
                "title": "No need to panic: Jony Ive is still designing new Apple products",
                "uri": "552742910",
                "url": "http://news.yahoo.com/no-panic-jony-ive-still-designing-apple-products-183612546.html",
                "wgt": 1
            },
            {
                "body": "CHARLESTON, W.Va. (AP) -- Police in West Virginia say a 62-year-old white man killed a black 15-year-old after they bumped into each other and exchanged words, and a newspaper reports the case is being considered a possible hate crime.\n\nA complaint signed by Charleston Police Detective C.C. Lioi ...",
                "date": "2016-11-23",
                "id": "12604081",
                "isDuplicate": true,
                "lang": "eng",
                "sim": 0,
                "source": {
                    "id": "10239",
                    "title": "Yahoo News",
                    "uri": "news.yahoo.com"
                },
                "time": "18:34:00",
                "title": "Newspaper: Police ask FBI if teen's death was hate crime",
                "uri": "552728614",
                "url": "http://news.yahoo.com/newspaper-police-ask-fbi-teens-death-hate-crime-181921525.html",
                "wgt": 1
            },
            {
                "body": "When composer J. Ralph first screened Jim: The James Foley Story for Sting on Thanksgiving Day 2015 - in hopes of drafting the musical icon to write a song for the wrenching HBO documentary - things didn't go as planned. Devastated after watching the film, which tells the story of a photojournalist ...",
                "date": "2016-11-23",
                "id": "12589101",
                "isDuplicate": false,
                "lang": "eng",
                "sim": 0,
                "source": {
                    "id": "10239",
                    "title": "Yahoo News",
                    "uri": "news.yahoo.com"
                },
                "time": "17:29:00",
                "title": "Why Sting Almost Passed on Writing a Song for a Tragic HBO Documentary",
                "uri": "552689126",
                "url": "http://news.yahoo.com/why-sting-almost-passed-writing-song-tragic-hbo-050000691.html",
                "wgt": 1
            },
            {
                "body": "Geneva (AFP) - A prominent Sudanese rebel group on Wednesday signed a deal with the United Nations to end the recruitment and use of child soldiers in its ranks.\n\nThe Sudan People's Liberation Movement - North (SPLM-N), which is fighting government troops in Blue Nile and South Kordofan, is on a UN ...",
                "date": "2016-11-23",
                "id": "12582859",
                "isDuplicate": true,
                "lang": "eng",
                "sim": 0,
                "source": {
                    "id": "10239",
                    "title": "Yahoo News",
                    "uri": "news.yahoo.com"
                },
                "time": "17:05:00",
                "title": "Sudan rebels pledge to end use of child soldiers",
                "uri": "552674305",
                "url": "http://news.yahoo.com/sudan-rebels-pledge-end-child-soldiers-165731513.html",
                "wgt": 1
            },
            {
                "body": "London (AFP) - Former Tottenham Hotspur striker Paul Stewart and two other ex-players have come forward to allege sexual abuse at the hands of youth coaches when they were children.\n\nStewart, capped three times by England, said he was repeatedly sexually assaulted by a man who threatened to kill his ...",
                "date": "2016-11-23",
                "id": "12581262",
                "isDuplicate": false,
                "lang": "eng",
                "sim": 0.8039215803146362,
                "source": {
                    "id": "10239",
                    "title": "Yahoo News",
                    "uri": "news.yahoo.com"
                },
                "time": "16:58:00",
                "title": "English former footballers allege sex abuse",
                "uri": "552670141",
                "url": "http://news.yahoo.com/english-former-footballers-allege-sex-abuse-102118235--sow.html",
                "wgt": 1
            },
            {
                "body": "(Reuters) - Having spent billions of dollars on post-crisis U.S. financial industry reforms they once scorned, bankers are concerned the Trump administration, joined by a like-minded Congress, will scrap or significantly change the rules.\n\nBig U.S. banks have collectively spent tens of billions of ...",
                "date": "2016-11-23",
                "id": "12578271",
                "isDuplicate": false,
                "lang": "eng",
                "sim": 0.9843137264251709,
                "source": {
                    "id": "10239",
                    "title": "Yahoo News",
                    "uri": "news.yahoo.com"
                },
                "time": "16:46:00",
                "title": "Big banks' relationship with Dodd-Frank: it's complicated",
                "uri": "552663189",
                "url": "http://news.yahoo.com/big-banks-relationship-dodd-frank-complicated-163525338--sector.html",
                "wgt": 1
            },
            {
                "body": "BRUSSELS (Reuters) - EU antitrust regulators are set to give conditional clearance to Microsoft's $26 billion takeover of professional social network LinkedIn , three people familiar with the matter said on Wednesday.\n\nAs part of the EU approval, the U.S. software company will make some minor ...",
                "date": "2016-11-23",
                "id": "12569383",
                "isDuplicate": false,
                "lang": "eng",
                "sim": 0.9647058844566345,
                "source": {
                    "id": "10239",
                    "title": "Yahoo News",
                    "uri": "news.yahoo.com"
                },
                "time": "16:10:00",
                "title": "Exclusive: EU regulators set to clear Microsoft's LinkedIn deal - sources",
                "uri": "552641924",
                "url": "http://news.yahoo.com/exclusive-eu-regulators-set-clear-microsofts-linkedin-deal-155642824--finance.html",
                "wgt": 1
            },
            {
                "body": "The average lifespan of people in the EU has topped 80 for the first time, but preventable illnesses caused by smoking, alcohol and obesity are taking a huge toll, a study said Wednesday.\n\nGains were uneven as people in western European Union countries lived more than eight years longer on average ...",
                "date": "2016-11-23",
                "id": "12553783",
                "isDuplicate": true,
                "lang": "eng",
                "sim": 0,
                "source": {
                    "id": "10239",
                    "title": "Yahoo News",
                    "uri": "news.yahoo.com"
                },
                "time": "15:08:00",
                "title": "Average lifespan in EU tops 80: study",
                "uri": "552604856",
                "url": "http://news.yahoo.com/average-lifespan-eu-tops-80-study-140230769.html",
                "wgt": 1
            },
            {
                "body": "ABOARD THE USS EISENHOWER (AP) -- While millions of Americans celebrate Thanksgiving with family and home-cooked meals, the 5,200 sailors aboard the USS Eisenhower are busy launching fighter jets to strike Islamic State targets in Iraq and Syria.\n\nThe crew is spending their second Thanksgiving on ...",
                "date": "2016-11-23",
                "id": "12551307",
                "isDuplicate": true,
                "lang": "eng",
                "sim": 0,
                "source": {
                    "id": "10239",
                    "title": "Yahoo News",
                    "uri": "news.yahoo.com"
                },
                "time": "14:59:00",
                "title": "US Navy serves up turkey alongside sorties on Thanksgiving",
                "uri": "552599504",
                "url": "http://news.yahoo.com/us-navy-serves-turkey-alongside-sorties-thanksgiving-144613338.html",
                "wgt": 1
            },
            {
                "body": "NAIROBI (Reuters) - Kenya's economy is likely to expand by just over 6 percent next year, down from an initial forecast of 6.5 percent, mainly because of slowing private-sector credit growth, a senior Treasury official said on Wednesday.\n\n\"We don't see credit growth affecting growth especially for ...",
                "date": "2016-11-23",
                "id": "12548845",
                "isDuplicate": false,
                "lang": "eng",
                "sim": 0,
                "source": {
                    "id": "10239",
                    "title": "Yahoo News",
                    "uri": "news.yahoo.com"
                },
                "time": "14:49:00",
                "title": "Kenya cuts 2017 growth outlook on slowing credit growth",
                "uri": "552593262",
                "url": "http://news.yahoo.com/kenya-cuts-2017-growth-outlook-slowing-credit-growth-144142266--finance.html",
                "wgt": 1
            },
            {
                "body": "PLYMOUTH, Mass. (AP) -- Archeologists have pinpointed what they think is the exact spot where the Pilgrims lived in the years after landing in the New World.\n\nEvery American schoolchild knows the Pilgrims landed in Plymouth in 1620, but exactly where has been elusive.\n\nArcheologists from the ...",
                "date": "2016-11-23",
                "id": "12547789",
                "isDuplicate": false,
                "lang": "eng",
                "sim": 0,
                "source": {
                    "id": "10239",
                    "title": "Yahoo News",
                    "uri": "news.yahoo.com"
                },
                "time": "14:45:00",
                "title": "Archeologists think they found Pilgrims' original settlement",
                "uri": "552590695",
                "url": "http://news.yahoo.com/archeologists-think-found-pilgrims-original-settlement-141947588.html",
                "wgt": 1
            },
            {
                "body": "MOSCOW (AP) -- Russia has accused the International Paralympic Committee of \"extortion\" after it required Russian officials to pay for extra drug-testing following the country's doping scandal.\n\nRussia's team was banned from the Paralympics in Rio de Janeiro in September after a World Anti-Doping ...",
                "date": "2016-11-23",
                "id": "12543457",
                "isDuplicate": true,
                "lang": "eng",
                "sim": 0,
                "source": {
                    "id": "10239",
                    "title": "Yahoo News",
                    "uri": "news.yahoo.com"
                },
                "time": "14:26:00",
                "title": "Russia accuses Paralympic body of extortion over doping fees",
                "uri": "552580520",
                "url": "http://news.yahoo.com/russia-accuses-paralympic-body-extortion-over-doping-fees-140706441.html",
                "wgt": 1
            },
            {
                "body": "LONDON (Reuters) - The British government said on Wednesday it is facing a 26.8 billion pound loss from rescuing failed banks during the 2007-2009 financial crisis after a slump in the lenders' value since Britain's vote to leave European Union. The Office for Budget Responsibility, Britain's ...",
                "date": "2016-11-23",
                "id": "12537916",
                "isDuplicate": false,
                "lang": "eng",
                "sim": 0.9607843160629272,
                "source": {
                    "id": "10239",
                    "title": "Yahoo News",
                    "uri": "news.yahoo.com"
                },
                "time": "14:03:00",
                "title": "British taxpayers facing a 26.8 billion pound loss from bank bailout",
                "uri": "552565941",
                "url": "http://news.yahoo.com/british-taxpayers-facing-26-8-billion-pound-loss-134901828--business.html",
                "wgt": 1
            },
            {
                "body": "DELTONA, Fla. (AP) -- Investigators say a fugitive fatally shot a police dog that was chasing him in central Florida.\n\nVolusia County Sheriff Ben Johnson tells local news outlets the dog named Forrest was shot Tuesday evening while chasing a man who started shooting at deputies. The man continued ...",
                "date": "2016-11-23",
                "id": "12530489",
                "isDuplicate": true,
                "lang": "eng",
                "sim": 0,
                "source": {
                    "id": "10239",
                    "title": "Yahoo News",
                    "uri": "news.yahoo.com"
                },
                "time": "13:32:00",
                "title": "Florida police dog fatally shot while chasing fugitive",
                "uri": "552548802",
                "url": "http://news.yahoo.com/florida-police-dog-fatally-shot-while-chasing-fugitive-132132467.html",
                "wgt": 1
            },
            {
                "body": "MADRID (AP) -- Spanish prosecutors are seeking a two-year prison sentence and a $10.6 million fine for Neymar on corruption charges because of alleged irregularities during his transfer from Brazilian club Santos to Barcelona.\n\nProsecutors say they are seeking the same punishment for Neymar's father ...",
                "date": "2016-11-23",
                "id": "12524353",
                "isDuplicate": true,
                "lang": "eng",
                "sim": 0,
                "source": {
                    "id": "10239",
                    "title": "Yahoo News",
                    "uri": "news.yahoo.com"
                },
                "time": "13:08:00",
                "title": "Prosecutors seek 2-year prison term for Neymar over transfer",
                "uri": "552534422",
                "url": "http://news.yahoo.com/prosecutors-seek-2-prison-term-neymar-over-transfer-124738106--spt.html",
                "wgt": 1
            },
            {
                "body": "CONSETT, England (Reuters) - John Mawson and his wife Sandra live in a cramped one-storey home on a hill near Consett, an old steel town in the north east of England. They have been company directors for years, and between them serve 15 firms. But John had no idea what their companies did until a ...",
                "date": "2016-11-23",
                "id": "12516963",
                "isDuplicate": true,
                "lang": "eng",
                "sim": 0,
                "source": {
                    "id": "10239",
                    "title": "Yahoo News",
                    "uri": "news.yahoo.com"
                },
                "time": "12:34:00",
                "title": "Special Report - How a British town became a hub for online porn and poker",
                "uri": "552515828",
                "url": "http://news.yahoo.com/special-report-british-town-became-hub-online-porn-121253220--sector.html",
                "wgt": 1
            },
            {
                "body": "BEIJING (AP) -- China is confirming plans to prosecute three Australians working for a casino operator who were detained last month.\n\nChinese foreign ministry spokesman Geng Shuang said Wednesday that the three employees of Crown Resorts Ltd. would have their cases handled \"in accordance with law.\" ...",
                "date": "2016-11-23",
                "id": "12473039",
                "isDuplicate": true,
                "lang": "eng",
                "sim": 0,
                "source": {
                    "id": "10239",
                    "title": "Yahoo News",
                    "uri": "news.yahoo.com"
                },
                "time": "09:05:00",
                "title": "China confirms charges against 3 Australian casino staff",
                "uri": "552409486",
                "url": "http://news.yahoo.com/china-confirms-charges-against-3-085441997.html",
                "wgt": 1
            },
            {
                "body": "LONDON (Reuters) - Retired U.S. General David Petraeus indicated on Wednesday that he would say \"yes\" if President-elect Donald Trump asked him to serve in his administration, according to an interview on Britain's BBC Radio 4.\n\nThe Wall Street Journal has reported that Petraeus, who resigned as CIA ...",
                "date": "2016-11-23",
                "id": "12461209",
                "isDuplicate": false,
                "lang": "eng",
                "sim": 0.8392156958580017,
                "source": {
                    "id": "10239",
                    "title": "Yahoo News",
                    "uri": "news.yahoo.com"
                },
                "time": "07:59:00",
                "title": "Petraeus indicates would serve Trump if asked: BBC interview",
                "uri": "552378338",
                "url": "http://news.yahoo.com/petraeus-indicates-serve-trump-asked-bbc-interview-074714883.html",
                "wgt": 1
            },
            {
                "body": "BERLIN (AP) -- Pilots at German airline Lufthansa have launched a two-day strike in a pay dispute, a walkout that has forced the company to cancel nearly 900 flights on Wednesday alone.\n\nThe Cockpit union initially called members out on a 24-hour strike Wednesday. Late Tuesday night, after Lufthansa ...",
                "date": "2016-11-23",
                "id": "12457320",
                "isDuplicate": true,
                "lang": "eng",
                "sim": 0,
                "source": {
                    "id": "10239",
                    "title": "Yahoo News",
                    "uri": "news.yahoo.com"
                },
                "time": "07:37:00",
                "title": "Pilots at Germany's Lufthansa launch 2-day strike",
                "uri": "552368695",
                "url": "http://news.yahoo.com/pilots-germanys-lufthansa-launch-2-day-strike-072242253--finance.html",
                "wgt": 1
            },
            {
                "body": "BEIJING (AP) -- Asian stocks rose Wednesday after a post-U.S. election rally drove the Dow Jones industrial average to a new high.\n\nKEEPING SCORE: Sydney's S&P-ASX 200 rose 1.25 percent to 5,481.10 and Seoul's Kospi added 0.5 percent to 1,993.14. Hong Kong's Hang Seng advanced 0.4 percent to ...",
                "date": "2016-11-23",
                "id": "12439748",
                "isDuplicate": true,
                "lang": "eng",
                "sim": 0,
                "source": {
                    "id": "10239",
                    "title": "Yahoo News",
                    "uri": "news.yahoo.com"
                },
                "time": "05:39:00",
                "title": "Asian stocks rise after Dow hits record",
                "uri": "552321109",
                "url": "http://news.yahoo.com/asian-stocks-rise-dow-hits-052048149.html",
                "wgt": 1
            },
            {
                "body": "SHENANDOAH, Texas (AP) -- A male suspect is dead and two customers suffered non-life-threatening injuries during an attempted holdup of a fast-food restaurant in the Houston suburb of Shenandoah.\n\nThe incident happened about 8:45 p.m. Tuesday at a Raising Cane's chicken strips restaurant. Witnesses ...",
                "date": "2016-11-23",
                "id": "12437686",
                "isDuplicate": true,
                "lang": "eng",
                "sim": 0,
                "source": {
                    "id": "10239",
                    "title": "Yahoo News",
                    "uri": "news.yahoo.com"
                },
                "time": "05:24:00",
                "title": "Suspect killed, bystanders hurt in Texas restaurant holdup",
                "uri": "552309993",
                "url": "http://news.yahoo.com/suspect-killed-bystanders-hurt-texas-restaurant-holdup-050030019.html",
                "wgt": 1
            },
            {
                "body": "HONG KONG (Reuters) - Chinese internet services giant Tencent Holdings Ltd and a group of seven investors have moved closer to launching a 1.5 billion yuan ($218 million) online life insurer in China, putting up funds and signing an agreement to form the venture.\n\nOne of the investors, Munsun ...",
                "date": "2016-11-23",
                "id": "12433382",
                "isDuplicate": false,
                "lang": "eng",
                "sim": 0.8352941274642944,
                "source": {
                    "id": "10239",
                    "title": "Yahoo News",
                    "uri": "news.yahoo.com"
                },
                "time": "04:51:00",
                "title": "Tencent, partners ready $218 million online Chinese insurer HeTai",
                "uri": "552296706",
                "url": "http://news.yahoo.com/tencent-partners-ready-218-million-online-chinese-insurer-042252432--sector.html",
                "wgt": 1
            },
            {
                "body": "NEW YORK (Reuters) - A group of lawyers representing insurance and securities brokerages have made a curious argument for why a federal court should kill a rule aimed at protecting retirement savers: It restricts Wall Street's First Amendment rights.\n\nIn front of a packed federal courtroom in Dallas ...",
                "date": "2016-11-23",
                "id": "12407483",
                "isDuplicate": false,
                "lang": "eng",
                "sim": 0.9686274528503418,
                "source": {
                    "id": "10239",
                    "title": "Yahoo News",
                    "uri": "news.yahoo.com"
                },
                "time": "00:54:00",
                "title": "Wall Street lawyers say retiree investment rule violates free speech",
                "uri": "552224937",
                "url": "http://news.yahoo.com/wall-street-lawyers-retiree-investment-rule-violates-free-004330761--sector.html",
                "wgt": 1
            }
        ],
        "totalResults": 33
    }
}